[
  {
    "id": "5100102",
    "name": "Acorizal",
    "state": "MT",
    "state_name": "Mato Grosso",
    "microregion": "Rosário Oeste",
    "mesoregion": "Centro-Sul Mato-grossense",
    "region": "Centro-Oeste"
  },
  {
    "id": "5100201",
    "name": "Água Boa",
    "state": "MT",
    "state_name": "Mato Grosso",
    "microregion": "Canarana",
    "mesoregion": "Nordeste Mato-grossense",
    "region": "Centro-Oeste"
  },
  {
    "id": "5100250",
    "name": "Alta Floresta",
    "state": "MT",
    "state_name": "Mato Grosso",
    "microregion": "Alta Floresta",
    "mesoregion": "Norte Mato-grossense",
    "region": "Centro-Oeste"
  },
  {
    "id": "5100300",
    "name": "Alto Araguaia",
    "state": "MT",
    "state_name": "Mato Grosso",
    "microregion": "Alto Araguaia",
    "mesoregion": "Sudeste Mato-grossense",
    "region": "Centro-Oeste"
  },
  {
    "id": "5100359",
    "name": "Alto Boa Vista",
    "state": "MT",
    "state_name": "Mato Grosso",
    "microregion": "Norte Araguaia",
    "mesoregion": "Nordeste Mato-grossense",
    "region": "Centro-Oeste"
  },
  {
    "id": "5100409",
    "name": "Alto Garças",
    "state": "MT",
    "state_name": "Mato Grosso",
    "microregion": "Alto Araguaia",
    "mesoregion": "Sudeste Mato-grossense",
    "region": "Centro-Oeste"
  },
  {
    "id": "5100508",
    "name": "Alto Paraguai",
    "state": "MT",
    "state_name": "Mato Grosso",
    "microregion": "Alto Paraguai",
    "mesoregion": "Centro-Sul Mato-grossense",
    "region": "Centro-Oeste"
  },
  {
    "id": "5100607",
    "name": "Alto Taquari",
    "state": "MT",
    "state_name": "Mato Grosso",
    "microregion": "Alto Araguaia",
    "mesoregion": "Sudeste Mato-grossense",
    "region": "Centro-Oeste"
  },
  {
    "id": "5100805",
    "name": "Apiacás",
    "state": "MT",
    "state_name": "Mato Grosso",
    "microregion": "Alta Floresta",
    "mesoregion": "Norte Mato-grossense",
    "region": "Centro-Oeste"
  },
  {
    "id": "5101001",
    "name": "Araguaiana",
    "state": "MT",
    "state_name": "Mato Grosso",
    "microregion": "Médio Araguaia",
    "mesoregion": "Nordeste Mato-grossense",
    "region": "Centro-Oeste"
  },
  {
    "id": "5101209",
    "name": "Araguainha",
    "state": "MT",
    "state_name": "Mato Grosso",
    "microregion": "Tesouro",
    "mesoregion": "Sudeste Mato-grossense",
    "region": "Centro-Oeste"
  },
  {
    "id": "5101258",
    "name": "Araputanga",
    "state": "MT",
    "state_name": "Mato Grosso",
    "microregion": "Jauru",
    "mesoregion": "Sudoeste Mato-grossense",
    "region": "Centro-Oeste"
  },
  {
    "id": "5101308",
    "name": "Arenápolis",
    "state": "MT",
    "state_name": "Mato Grosso",
    "microregion": "Alto Paraguai",
    "mesoregion": "Centro-Sul Mato-grossense",
    "region": "Centro-Oeste"
  },
  {
    "id": "5101407",
    "name": "Aripuanã",
    "state": "MT",
    "state_name": "Mato Grosso",
    "microregion": "Aripuanã",
    "mesoregion": "Norte Mato-grossense",
    "region": "Centro-Oeste"
  },
  {
    "id": "5101605",
    "name": "Barão de Melgaço",
    "state": "MT",
    "state_name": "Mato Grosso",
    "microregion": "Alto Pantanal",
    "mesoregion": "Centro-Sul Mato-grossense",
    "region": "Centro-Oeste"
  },
  {
    "id": "5101704",
    "name": "Barra do Bugres",
    "state": "MT",
    "state_name": "Mato Grosso",
    "microregion": "Tangará da Serra",
    "mesoregion": "Sudoeste Mato-grossense",
    "region": "Centro-Oeste"
  },
  {
    "id": "5101803",
    "name": "Barra do Garças",
    "state": "MT",
    "state_name": "Mato Grosso",
    "microregion": "Médio Araguaia",
    "mesoregion": "Nordeste Mato-grossense",
    "region": "Centro-Oeste"
  },
  {
    "id": "5101837",
    "name": "Boa Esperança do Norte",
    "state": "MT",
    "state_name": "Mato Grosso",
    "microregion": "Sorriso",
    "mesoregion": "Sinop",
    "region": "Centro-Oeste"
  },
  {
    "id": "5101852",
    "name": "Bom Jesus do Araguaia",
    "state": "MT",
    "state_name": "Mato Grosso",
    "microregion": "Norte Araguaia",
    "mesoregion": "Nordeste Mato-grossense",
    "region": "Centro-Oeste"
  },
  {
    "id": "5101902",
    "name": "Brasnorte",
    "state": "MT",
    "state_name": "Mato Grosso",
    "microregion": "Aripuanã",
    "mesoregion": "Norte Mato-grossense",
    "region": "Centro-Oeste"
  },
  {
    "id": "5102504",
    "name": "Cáceres",
    "state": "MT",
    "state_name": "Mato Grosso",
    "microregion": "Alto Pantanal",
    "mesoregion": "Centro-Sul Mato-grossense",
    "region": "Centro-Oeste"
  },
  {
    "id": "5102603",
    "name": "Campinápolis",
    "state": "MT",
    "state_name": "Mato Grosso",
    "microregion": "Canarana",
    "mesoregion": "Nordeste Mato-grossense",
    "region": "Centro-Oeste"
  },
  {
    "id": "5102637",
    "name": "Campo Novo do Parecis",
    "state": "MT",
    "state_name": "Mato Grosso",
    "microregion": "Parecis",
    "mesoregion": "Norte Mato-grossense",
    "region": "Centro-Oeste"
  },
  {
    "id": "5102678",
    "name": "Campo Verde",
    "state": "MT",
    "state_name": "Mato Grosso",
    "microregion": "Primavera do Leste",
    "mesoregion": "Sudeste Mato-grossense",
    "region": "Centro-Oeste"
  },
  {
    "id": "5102686",
    "name": "Campos de Júlio",
    "state": "MT",
    "state_name": "Mato Grosso",
    "microregion": "Parecis",
    "mesoregion": "Norte Mato-grossense",
    "region": "Centro-Oeste"
  },
  {
    "id": "5102694",
    "name": "Canabrava do Norte",
    "state": "MT",
    "state_name": "Mato Grosso",
    "microregion": "Norte Araguaia",
    "mesoregion": "Nordeste Mato-grossense",
    "region": "Centro-Oeste"
  },
  {
    "id": "5102702",
    "name": "Canarana",
    "state": "MT",
    "state_name": "Mato Grosso",
    "microregion": "Canarana",
    "mesoregion": "Nordeste Mato-grossense",
    "region": "Centro-Oeste"
  },
  {
    "id": "5102793",
    "name": "Carlinda",
    "state": "MT",
    "state_name": "Mato Grosso",
    "microregion": "Alta Floresta",
    "mesoregion": "Norte Mato-grossense",
    "region": "Centro-Oeste"
  },
  {
    "id": "5102850",
    "name": "Castanheira",
    "state": "MT",
    "state_name": "Mato Grosso",
    "microregion": "Aripuanã",
    "mesoregion": "Norte Mato-grossense",
    "region": "Centro-Oeste"
  },
  {
    "id": "5103007",
    "name": "Chapada dos Guimarães",
    "state": "MT",
    "state_name": "Mato Grosso",
    "microregion": "Cuiabá",
    "mesoregion": "Centro-Sul Mato-grossense",
    "region": "Centro-Oeste"
  },
  {
    "id": "5103056",
    "name": "Cláudia",
    "state": "MT",
    "state_name": "Mato Grosso",
    "microregion": "Sinop",
    "mesoregion": "Norte Mato-grossense",
    "region": "Centro-Oeste"
  },
  {
    "id": "5103106",
    "name": "Cocalinho",
    "state": "MT",
    "state_name": "Mato Grosso",
    "microregion": "Médio Araguaia",
    "mesoregion": "Nordeste Mato-grossense",
    "region": "Centro-Oeste"
  },
  {
    "id": "5103205",
    "name": "Colíder",
    "state": "MT",
    "state_name": "Mato Grosso",
    "microregion": "Colíder",
    "mesoregion": "Norte Mato-grossense",
    "region": "Centro-Oeste"
  },
  {
    "id": "5103254",
    "name": "Colniza",
    "state": "MT",
    "state_name": "Mato Grosso",
    "microregion": "Aripuanã",
    "mesoregion": "Norte Mato-grossense",
    "region": "Centro-Oeste"
  },
  {
    "id": "5103304",
    "name": "Comodoro",
    "state": "MT",
    "state_name": "Mato Grosso",
    "microregion": "Parecis",
    "mesoregion": "Norte Mato-grossense",
    "region": "Centro-Oeste"
  },
  {
    "id": "5103353",
    "name": "Confresa",
    "state": "MT",
    "state_name": "Mato Grosso",
    "microregion": "Norte Araguaia",
    "mesoregion": "Nordeste Mato-grossense",
    "region": "Centro-Oeste"
  },
  {
    "id": "5103361",
    "name": "Conquista D'Oeste",
    "state": "MT",
    "state_name": "Mato Grosso",
    "microregion": "Alto Guaporé",
    "mesoregion": "Sudoeste Mato-grossense",
    "region": "Centro-Oeste"
  },
  {
    "id": "5103379",
    "name": "Cotriguaçu",
    "state": "MT",
    "state_name": "Mato Grosso",
    "microregion": "Aripuanã",
    "mesoregion": "Norte Mato-grossense",
    "region": "Centro-Oeste"
  },
  {
    "id": "5103403",
    "name": "Cuiabá",
    "state": "MT",
    "state_name": "Mato Grosso",
    "microregion": "Cuiabá",
    "mesoregion": "Centro-Sul Mato-grossense",
    "region": "Centro-Oeste"
  },
  {
    "id": "5103437",
    "name": "Curvelândia",
    "state": "MT",
    "state_name": "Mato Grosso",
    "microregion": "Alto Pantanal",
    "mesoregion": "Centro-Sul Mato-grossense",
    "region": "Centro-Oeste"
  },
  {
    "id": "5103452",
    "name": "Denise",
    "state": "MT",
    "state_name": "Mato Grosso",
    "microregion": "Tangará da Serra",
    "mesoregion": "Sudoeste Mato-grossense",
    "region": "Centro-Oeste"
  },
  {
    "id": "5103502",
    "name": "Diamantino",
    "state": "MT",
    "state_name": "Mato Grosso",
    "microregion": "Parecis",
    "mesoregion": "Norte Mato-grossense",
    "region": "Centro-Oeste"
  },
  {
    "id": "5103601",
    "name": "Dom Aquino",
    "state": "MT",
    "state_name": "Mato Grosso",
    "microregion": "Rondonópolis",
    "mesoregion": "Sudeste Mato-grossense",
    "region": "Centro-Oeste"
  },
  {
    "id": "5103700",
    "name": "Feliz Natal",
    "state": "MT",
    "state_name": "Mato Grosso",
    "microregion": "Sinop",
    "mesoregion": "Norte Mato-grossense",
    "region": "Centro-Oeste"
  },
  {
    "id": "5103809",
    "name": "Figueirópolis D'Oeste",
    "state": "MT",
    "state_name": "Mato Grosso",
    "microregion": "Jauru",
    "mesoregion": "Sudoeste Mato-grossense",
    "region": "Centro-Oeste"
  },
  {
    "id": "5103858",
    "name": "Gaúcha do Norte",
    "state": "MT",
    "state_name": "Mato Grosso",
    "microregion": "Paranatinga",
    "mesoregion": "Norte Mato-grossense",
    "region": "Centro-Oeste"
  },
  {
    "id": "5103908",
    "name": "General Carneiro",
    "state": "MT",
    "state_name": "Mato Grosso",
    "microregion": "Tesouro",
    "mesoregion": "Sudeste Mato-grossense",
    "region": "Centro-Oeste"
  },
  {
    "id": "5103957",
    "name": "Glória D'Oeste",
    "state": "MT",
    "state_name": "Mato Grosso",
    "microregion": "Jauru",
    "mesoregion": "Sudoeste Mato-grossense",
    "region": "Centro-Oeste"
  },
  {
    "id": "5104104",
    "name": "Guarantã do Norte",
    "state": "MT",
    "state_name": "Mato Grosso",
    "microregion": "Colíder",
    "mesoregion": "Norte Mato-grossense",
    "region": "Centro-Oeste"
  },
  {
    "id": "5104203",
    "name": "Guiratinga",
    "state": "MT",
    "state_name": "Mato Grosso",
    "microregion": "Tesouro",
    "mesoregion": "Sudeste Mato-grossense",
    "region": "Centro-Oeste"
  },
  {
    "id": "5104500",
    "name": "Indiavaí",
    "state": "MT",
    "state_name": "Mato Grosso",
    "microregion": "Jauru",
    "mesoregion": "Sudoeste Mato-grossense",
    "region": "Centro-Oeste"
  },
  {
    "id": "5104526",
    "name": "Ipiranga do Norte",
    "state": "MT",
    "state_name": "Mato Grosso",
    "microregion": "Alto Teles Pires",
    "mesoregion": "Norte Mato-grossense",
    "region": "Centro-Oeste"
  },
  {
    "id": "5104542",
    "name": "Itanhangá",
    "state": "MT",
    "state_name": "Mato Grosso",
    "microregion": "Alto Teles Pires",
    "mesoregion": "Norte Mato-grossense",
    "region": "Centro-Oeste"
  },
  {
    "id": "5104559",
    "name": "Itaúba",
    "state": "MT",
    "state_name": "Mato Grosso",
    "microregion": "Sinop",
    "mesoregion": "Norte Mato-grossense",
    "region": "Centro-Oeste"
  },
  {
    "id": "5104609",
    "name": "Itiquira",
    "state": "MT",
    "state_name": "Mato Grosso",
    "microregion": "Rondonópolis",
    "mesoregion": "Sudeste Mato-grossense",
    "region": "Centro-Oeste"
  },
  {
    "id": "5104807",
    "name": "Jaciara",
    "state": "MT",
    "state_name": "Mato Grosso",
    "microregion": "Rondonópolis",
    "mesoregion": "Sudeste Mato-grossense",
    "region": "Centro-Oeste"
  },
  {
    "id": "5104906",
    "name": "Jangada",
    "state": "MT",
    "state_name": "Mato Grosso",
    "microregion": "Rosário Oeste",
    "mesoregion": "Centro-Sul Mato-grossense",
    "region": "Centro-Oeste"
  },
  {
    "id": "5105002",
    "name": "Jauru",
    "state": "MT",
    "state_name": "Mato Grosso",
    "microregion": "Jauru",
    "mesoregion": "Sudoeste Mato-grossense",
    "region": "Centro-Oeste"
  },
  {
    "id": "5105101",
    "name": "Juara",
    "state": "MT",
    "state_name": "Mato Grosso",
    "microregion": "Arinos",
    "mesoregion": "Norte Mato-grossense",
    "region": "Centro-Oeste"
  },
  {
    "id": "5105150",
    "name": "Juína",
    "state": "MT",
    "state_name": "Mato Grosso",
    "microregion": "Aripuanã",
    "mesoregion": "Norte Mato-grossense",
    "region": "Centro-Oeste"
  },
  {
    "id": "5105176",
    "name": "Juruena",
    "state": "MT",
    "state_name": "Mato Grosso",
    "microregion": "Aripuanã",
    "mesoregion": "Norte Mato-grossense",
    "region": "Centro-Oeste"
  },
  {
    "id": "5105200",
    "name": "Juscimeira",
    "state": "MT",
    "state_name": "Mato Grosso",
    "microregion": "Rondonópolis",
    "mesoregion": "Sudeste Mato-grossense",
    "region": "Centro-Oeste"
  },
  {
    "id": "5105234",
    "name": "Lambari D'Oeste",
    "state": "MT",
    "state_name": "Mato Grosso",
    "microregion": "Jauru",
    "mesoregion": "Sudoeste Mato-grossense",
    "region": "Centro-Oeste"
  },
  {
    "id": "5105259",
    "name": "Lucas do Rio Verde",
    "state": "MT",
    "state_name": "Mato Grosso",
    "microregion": "Alto Teles Pires",
    "mesoregion": "Norte Mato-grossense",
    "region": "Centro-Oeste"
  },
  {
    "id": "5105309",
    "name": "Luciara",
    "state": "MT",
    "state_name": "Mato Grosso",
    "microregion": "Norte Araguaia",
    "mesoregion": "Nordeste Mato-grossense",
    "region": "Centro-Oeste"
  },
  {
    "id": "5105507",
    "name": "Vila Bela da Santíssima Trindade",
    "state": "MT",
    "state_name": "Mato Grosso",
    "microregion": "Alto Guaporé",
    "mesoregion": "Sudoeste Mato-grossense",
    "region": "Centro-Oeste"
  },
  {
    "id": "5105580",
    "name": "Marcelândia",
    "state": "MT",
    "state_name": "Mato Grosso",
    "microregion": "Sinop",
    "mesoregion": "Norte Mato-grossense",
    "region": "Centro-Oeste"
  },
  {
    "id": "5105606",
    "name": "Matupá",
    "state": "MT",
    "state_name": "Mato Grosso",
    "microregion": "Colíder",
    "mesoregion": "Norte Mato-grossense",
    "region": "Centro-Oeste"
  },
  {
    "id": "5105622",
    "name": "Mirassol d'Oeste",
    "state": "MT",
    "state_name": "Mato Grosso",
    "microregion": "Jauru",
    "mesoregion": "Sudoeste Mato-grossense",
    "region": "Centro-Oeste"
  },
  {
    "id": "5105903",
    "name": "Nobres",
    "state": "MT",
    "state_name": "Mato Grosso",
    "microregion": "Alto Teles Pires",
    "mesoregion": "Norte Mato-grossense",
    "region": "Centro-Oeste"
  },
  {
    "id": "5106000",
    "name": "Nortelândia",
    "state": "MT",
    "state_name": "Mato Grosso",
    "microregion": "Alto Paraguai",
    "mesoregion": "Centro-Sul Mato-grossense",
    "region": "Centro-Oeste"
  },
  {
    "id": "5106109",
    "name": "Nossa Senhora do Livramento",
    "state": "MT",
    "state_name": "Mato Grosso",
    "microregion": "Cuiabá",
    "mesoregion": "Centro-Sul Mato-grossense",
    "region": "Centro-Oeste"
  },
  {
    "id": "5106158",
    "name": "Nova Bandeirantes",
    "state": "MT",
    "state_name": "Mato Grosso",
    "microregion": "Alta Floresta",
    "mesoregion": "Norte Mato-grossense",
    "region": "Centro-Oeste"
  },
  {
    "id": "5106174",
    "name": "Nova Nazaré",
    "state": "MT",
    "state_name": "Mato Grosso",
    "microregion": "Canarana",
    "mesoregion": "Nordeste Mato-grossense",
    "region": "Centro-Oeste"
  },
  {
    "id": "5106182",
    "name": "Nova Lacerda",
    "state": "MT",
    "state_name": "Mato Grosso",
    "microregion": "Alto Guaporé",
    "mesoregion": "Sudoeste Mato-grossense",
    "region": "Centro-Oeste"
  },
  {
    "id": "5106190",
    "name": "Nova Santa Helena",
    "state": "MT",
    "state_name": "Mato Grosso",
    "microregion": "Sinop",
    "mesoregion": "Norte Mato-grossense",
    "region": "Centro-Oeste"
  },
  {
    "id": "5106208",
    "name": "Nova Brasilândia",
    "state": "MT",
    "state_name": "Mato Grosso",
    "microregion": "Paranatinga",
    "mesoregion": "Norte Mato-grossense",
    "region": "Centro-Oeste"
  },
  {
    "id": "5106216",
    "name": "Nova Canaã do Norte",
    "state": "MT",
    "state_name": "Mato Grosso",
    "microregion": "Colíder",
    "mesoregion": "Norte Mato-grossense",
    "region": "Centro-Oeste"
  },
  {
    "id": "5106224",
    "name": "Nova Mutum",
    "state": "MT",
    "state_name": "Mato Grosso",
    "microregion": "Alto Teles Pires",
    "mesoregion": "Norte Mato-grossense",
    "region": "Centro-Oeste"
  },
  {
    "id": "5106232",
    "name": "Nova Olímpia",
    "state": "MT",
    "state_name": "Mato Grosso",
    "microregion": "Tangará da Serra",
    "mesoregion": "Sudoeste Mato-grossense",
    "region": "Centro-Oeste"
  },
  {
    "id": "5106240",
    "name": "Nova Ubiratã",
    "state": "MT",
    "state_name": "Mato Grosso",
    "microregion": "Alto Teles Pires",
    "mesoregion": "Norte Mato-grossense",
    "region": "Centro-Oeste"
  },
  {
    "id": "5106257",
    "name": "Nova Xavantina",
    "state": "MT",
    "state_name": "Mato Grosso",
    "microregion": "Canarana",
    "mesoregion": "Nordeste Mato-grossense",
    "region": "Centro-Oeste"
  },
  {
    "id": "5106265",
    "name": "Novo Mundo",
    "state": "MT",
    "state_name": "Mato Grosso",
    "microregion": "Colíder",
    "mesoregion": "Norte Mato-grossense",
    "region": "Centro-Oeste"
  },
  {
    "id": "5106273",
    "name": "Novo Horizonte do Norte",
    "state": "MT",
    "state_name": "Mato Grosso",
    "microregion": "Arinos",
    "mesoregion": "Norte Mato-grossense",
    "region": "Centro-Oeste"
  },
  {
    "id": "5106281",
    "name": "Novo São Joaquim",
    "state": "MT",
    "state_name": "Mato Grosso",
    "microregion": "Canarana",
    "mesoregion": "Nordeste Mato-grossense",
    "region": "Centro-Oeste"
  },
  {
    "id": "5106299",
    "name": "Paranaíta",
    "state": "MT",
    "state_name": "Mato Grosso",
    "microregion": "Alta Floresta",
    "mesoregion": "Norte Mato-grossense",
    "region": "Centro-Oeste"
  },
  {
    "id": "5106307",
    "name": "Paranatinga",
    "state": "MT",
    "state_name": "Mato Grosso",
    "microregion": "Paranatinga",
    "mesoregion": "Norte Mato-grossense",
    "region": "Centro-Oeste"
  },
  {
    "id": "5106315",
    "name": "Novo Santo Antônio",
    "state": "MT",
    "state_name": "Mato Grosso",
    "microregion": "Norte Araguaia",
    "mesoregion": "Nordeste Mato-grossense",
    "region": "Centro-Oeste"
  },
  {
    "id": "5106372",
    "name": "Pedra Preta",
    "state": "MT",
    "state_name": "Mato Grosso",
    "microregion": "Rondonópolis",
    "mesoregion": "Sudeste Mato-grossense",
    "region": "Centro-Oeste"
  },
  {
    "id": "5106422",
    "name": "Peixoto de Azevedo",
    "state": "MT",
    "state_name": "Mato Grosso",
    "microregion": "Colíder",
    "mesoregion": "Norte Mato-grossense",
    "region": "Centro-Oeste"
  },
  {
    "id": "5106455",
    "name": "Planalto da Serra",
    "state": "MT",
    "state_name": "Mato Grosso",
    "microregion": "Paranatinga",
    "mesoregion": "Norte Mato-grossense",
    "region": "Centro-Oeste"
  },
  {
    "id": "5106505",
    "name": "Poconé",
    "state": "MT",
    "state_name": "Mato Grosso",
    "microregion": "Alto Pantanal",
    "mesoregion": "Centro-Sul Mato-grossense",
    "region": "Centro-Oeste"
  },
  {
    "id": "5106653",
    "name": "Pontal do Araguaia",
    "state": "MT",
    "state_name": "Mato Grosso",
    "microregion": "Tesouro",
    "mesoregion": "Sudeste Mato-grossense",
    "region": "Centro-Oeste"
  },
  {
    "id": "5106703",
    "name": "Ponte Branca",
    "state": "MT",
    "state_name": "Mato Grosso",
    "microregion": "Tesouro",
    "mesoregion": "Sudeste Mato-grossense",
    "region": "Centro-Oeste"
  },
  {
    "id": "5106752",
    "name": "Pontes e Lacerda",
    "state": "MT",
    "state_name": "Mato Grosso",
    "microregion": "Alto Guaporé",
    "mesoregion": "Sudoeste Mato-grossense",
    "region": "Centro-Oeste"
  },
  {
    "id": "5106778",
    "name": "Porto Alegre do Norte",
    "state": "MT",
    "state_name": "Mato Grosso",
    "microregion": "Norte Araguaia",
    "mesoregion": "Nordeste Mato-grossense",
    "region": "Centro-Oeste"
  },
  {
    "id": "5106802",
    "name": "Porto dos Gaúchos",
    "state": "MT",
    "state_name": "Mato Grosso",
    "microregion": "Arinos",
    "mesoregion": "Norte Mato-grossense",
    "region": "Centro-Oeste"
  },
  {
    "id": "5106828",
    "name": "Porto Esperidião",
    "state": "MT",
    "state_name": "Mato Grosso",
    "microregion": "Jauru",
    "mesoregion": "Sudoeste Mato-grossense",
    "region": "Centro-Oeste"
  },
  {
    "id": "5106851",
    "name": "Porto Estrela",
    "state": "MT",
    "state_name": "Mato Grosso",
    "microregion": "Tangará da Serra",
    "mesoregion": "Sudoeste Mato-grossense",
    "region": "Centro-Oeste"
  },
  {
    "id": "5107008",
    "name": "Poxoréu",
    "state": "MT",
    "state_name": "Mato Grosso",
    "microregion": "Tesouro",
    "mesoregion": "Sudeste Mato-grossense",
    "region": "Centro-Oeste"
  },
  {
    "id": "5107040",
    "name": "Primavera do Leste",
    "state": "MT",
    "state_name": "Mato Grosso",
    "microregion": "Primavera do Leste",
    "mesoregion": "Sudeste Mato-grossense",
    "region": "Centro-Oeste"
  },
  {
    "id": "5107065",
    "name": "Querência",
    "state": "MT",
    "state_name": "Mato Grosso",
    "microregion": "Canarana",
    "mesoregion": "Nordeste Mato-grossense",
    "region": "Centro-Oeste"
  },
  {
    "id": "5107107",
    "name": "São José dos Quatro Marcos",
    "state": "MT",
    "state_name": "Mato Grosso",
    "microregion": "Jauru",
    "mesoregion": "Sudoeste Mato-grossense",
    "region": "Centro-Oeste"
  },
  {
    "id": "5107156",
    "name": "Reserva do Cabaçal",
    "state": "MT",
    "state_name": "Mato Grosso",
    "microregion": "Jauru",
    "mesoregion": "Sudoeste Mato-grossense",
    "region": "Centro-Oeste"
  },
  {
    "id": "5107180",
    "name": "Ribeirão Cascalheira",
    "state": "MT",
    "state_name": "Mato Grosso",
    "microregion": "Norte Araguaia",
    "mesoregion": "Nordeste Mato-grossense",
    "region": "Centro-Oeste"
  },
  {
    "id": "5107198",
    "name": "Ribeirãozinho",
    "state": "MT",
    "state_name": "Mato Grosso",
    "microregion": "Tesouro",
    "mesoregion": "Sudeste Mato-grossense",
    "region": "Centro-Oeste"
  },
  {
    "id": "5107206",
    "name": "Rio Branco",
    "state": "MT",
    "state_name": "Mato Grosso",
    "microregion": "Jauru",
    "mesoregion": "Sudoeste Mato-grossense",
    "region": "Centro-Oeste"
  },
  {
    "id": "5107248",
    "name": "Santa Carmem",
    "state": "MT",
    "state_name": "Mato Grosso",
    "microregion": "Sinop",
    "mesoregion": "Norte Mato-grossense",
    "region": "Centro-Oeste"
  },
  {
    "id": "5107263",
    "name": "Santo Afonso",
    "state": "MT",
    "state_name": "Mato Grosso",
    "microregion": "Alto Paraguai",
    "mesoregion": "Centro-Sul Mato-grossense",
    "region": "Centro-Oeste"
  },
  {
    "id": "5107297",
    "name": "São José do Povo",
    "state": "MT",
    "state_name": "Mato Grosso",
    "microregion": "Rondonópolis",
    "mesoregion": "Sudeste Mato-grossense",
    "region": "Centro-Oeste"
  },
  {
    "id": "5107305",
    "name": "São José do Rio Claro",
    "state": "MT",
    "state_name": "Mato Grosso",
    "microregion": "Arinos",
    "mesoregion": "Norte Mato-grossense",
    "region": "Centro-Oeste"
  },
  {
    "id": "5107354",
    "name": "São José do Xingu",
    "state": "MT",
    "state_name": "Mato Grosso",
    "microregion": "Norte Araguaia",
    "mesoregion": "Nordeste Mato-grossense",
    "region": "Centro-Oeste"
  },
  {
    "id": "5107404",
    "name": "São Pedro da Cipa",
    "state": "MT",
    "state_name": "Mato Grosso",
    "microregion": "Rondonópolis",
    "mesoregion": "Sudeste Mato-grossense",
    "region": "Centro-Oeste"
  },
  {
    "id": "5107578",
    "name": "Rondolândia",
    "state": "MT",
    "state_name": "Mato Grosso",
    "microregion": "Aripuanã",
    "mesoregion": "Norte Mato-grossense",
    "region": "Centro-Oeste"
  },
  {
    "id": "5107602",
    "name": "Rondonópolis",
    "state": "MT",
    "state_name": "Mato Grosso",
    "microregion": "Rondonópolis",
    "mesoregion": "Sudeste Mato-grossense",
    "region": "Centro-Oeste"
  },
  {
    "id": "5107701",
    "name": "Rosário Oeste",
    "state": "MT",
    "state_name": "Mato Grosso",
    "microregion": "Rosário Oeste",
    "mesoregion": "Centro-Sul Mato-grossense",
    "region": "Centro-Oeste"
  },
  {
    "id": "5107743",
    "name": "Santa Cruz do Xingu",
    "state": "MT",
    "state_name": "Mato Grosso",
    "microregion": "Norte Araguaia",
    "mesoregion": "Nordeste Mato-grossense",
    "region": "Centro-Oeste"
  },
  {
    "id": "5107750",
    "name": "Salto do Céu",
    "state": "MT",
    "state_name": "Mato Grosso",
    "microregion": "Jauru",
    "mesoregion": "Sudoeste Mato-grossense",
    "region": "Centro-Oeste"
  },
  {
    "id": "5107768",
    "name": "Santa Rita do Trivelato",
    "state": "MT",
    "state_name": "Mato Grosso",
    "microregion": "Alto Teles Pires",
    "mesoregion": "Norte Mato-grossense",
    "region": "Centro-Oeste"
  },
  {
    "id": "5107776",
    "name": "Santa Terezinha",
    "state": "MT",
    "state_name": "Mato Grosso",
    "microregion": "Norte Araguaia",
    "mesoregion": "Nordeste Mato-grossense",
    "region": "Centro-Oeste"
  },
  {
    "id": "5107792",
    "name": "Santo Antônio do Leste",
    "state": "MT",
    "state_name": "Mato Grosso",
    "microregion": "Canarana",
    "mesoregion": "Nordeste Mato-grossense",
    "region": "Centro-Oeste"
  },
  {
    "id": "5107800",
    "name": "Santo Antônio de Leverger",
    "state": "MT",
    "state_name": "Mato Grosso",
    "microregion": "Cuiabá",
    "mesoregion": "Centro-Sul Mato-grossense",
    "region": "Centro-Oeste"
  },
  {
    "id": "5107859",
    "name": "São Félix do Araguaia",
    "state": "MT",
    "state_name": "Mato Grosso",
    "microregion": "Norte Araguaia",
    "mesoregion": "Nordeste Mato-grossense",
    "region": "Centro-Oeste"
  },
  {
    "id": "5107875",
    "name": "Sapezal",
    "state": "MT",
    "state_name": "Mato Grosso",
    "microregion": "Parecis",
    "mesoregion": "Norte Mato-grossense",
    "region": "Centro-Oeste"
  },
  {
    "id": "5107883",
    "name": "Serra Nova Dourada",
    "state": "MT",
    "state_name": "Mato Grosso",
    "microregion": "Norte Araguaia",
    "mesoregion": "Nordeste Mato-grossense",
    "region": "Centro-Oeste"
  },
  {
    "id": "5107909",
    "name": "Sinop",
    "state": "MT",
    "state_name": "Mato Grosso",
    "microregion": "Sinop",
    "mesoregion": "Norte Mato-grossense",
    "region": "Centro-Oeste"
  },
  {
    "id": "5107925",
    "name": "Sorriso",
    "state": "MT",
    "state_name": "Mato Grosso",
    "microregion": "Alto Teles Pires",
    "mesoregion": "Norte Mato-grossense",
    "region": "Centro-Oeste"
  },
  {
    "id": "5107941",
    "name": "Tabaporã",
    "state": "MT",
    "state_name": "Mato Grosso",
    "microregion": "Arinos",
    "mesoregion": "Norte Mato-grossense",
    "region": "Centro-Oeste"
  },
  {
    "id": "5107958",
    "name": "Tangará da Serra",
    "state": "MT",
    "state_name": "Mato Grosso",
    "microregion": "Tangará da Serra",
    "mesoregion": "Sudoeste Mato-grossense",
    "region": "Centro-Oeste"
  },
  {
    "id": "5108006",
    "name": "Tapurah",
    "state": "MT",
    "state_name": "Mato Grosso",
    "microregion": "Alto Teles Pires",
    "mesoregion": "Norte Mato-grossense",
    "region": "Centro-Oeste"
  },
  {
    "id": "5108055",
    "name": "Terra Nova do Norte",
    "state": "MT",
    "state_name": "Mato Grosso",
    "microregion": "Colíder",
    "mesoregion": "Norte Mato-grossense",
    "region": "Centro-Oeste"
  },
  {
    "id": "5108105",
    "name": "Tesouro",
    "state": "MT",
    "state_name": "Mato Grosso",
    "microregion": "Tesouro",
    "mesoregion": "Sudeste Mato-grossense",
    "region": "Centro-Oeste"
  },
  {
    "id": "5108204",
    "name": "Torixoréu",
    "state": "MT",
    "state_name": "Mato Grosso",
    "microregion": "Tesouro",
    "mesoregion": "Sudeste Mato-grossense",
    "region": "Centro-Oeste"
  },
  {
    "id": "5108303",
    "name": "União do Sul",
    "state": "MT",
    "state_name": "Mato Grosso",
    "microregion": "Sinop",
    "mesoregion": "Norte Mato-grossense",
    "region": "Centro-Oeste"
  },
  {
    "id": "5108352",
    "name": "Vale de São Domingos",
    "state": "MT",
    "state_name": "Mato Grosso",
    "microregion": "Alto Guaporé",
    "mesoregion": "Sudoeste Mato-grossense",
    "region": "Centro-Oeste"
  },
  {
    "id": "5108402",
    "name": "Várzea Grande",
    "state": "MT",
    "state_name": "Mato Grosso",
    "microregion": "Cuiabá",
    "mesoregion": "Centro-Sul Mato-grossense",
    "region": "Centro-Oeste"
  },
  {
    "id": "5108501",
    "name": "Vera",
    "state": "MT",
    "state_name": "Mato Grosso",
    "microregion": "Sinop",
    "mesoregion": "Norte Mato-grossense",
    "region": "Centro-Oeste"
  },
  {
    "id": "5108600",
    "name": "Vila Rica",
    "state": "MT",
    "state_name": "Mato Grosso",
    "microregion": "Norte Araguaia",
    "mesoregion": "Nordeste Mato-grossense",
    "region": "Centro-Oeste"
  },
  {
    "id": "5108808",
    "name": "Nova Guarita",
    "state": "MT",
    "state_name": "Mato Grosso",
    "microregion": "Colíder",
    "mesoregion": "Norte Mato-grossense",
    "region": "Centro-Oeste"
  },
  {
    "id": "5108857",
    "name": "Nova Marilândia",
    "state": "MT",
    "state_name": "Mato Grosso",
    "microregion": "Alto Paraguai",
    "mesoregion": "Centro-Sul Mato-grossense",
    "region": "Centro-Oeste"
  },
  {
    "id": "5108907",
    "name": "Nova Maringá",
    "state": "MT",
    "state_name": "Mato Grosso",
    "microregion": "Arinos",
    "mesoregion": "Norte Mato-grossense",
    "region": "Centro-Oeste"
  },
  {
    "id": "5108956",
    "name": "Nova Monte Verde",
    "state": "MT",
    "state_name": "Mato Grosso",
    "microregion": "Alta Floresta",
    "mesoregion": "Norte Mato-grossense",
    "region": "Centro-Oeste"
  }
]