[
  {
    "id": "1700251",
    "name": "Abreulândia",
    "state": "TO",
    "state_name": "Tocantins",
    "microregion": "Miracema do Tocantins",
    "mesoregion": "Ocidental do Tocantins",
    "region": "Norte"
  },
  {
    "id": "1700301",
    "name": "Aguiarnópolis",
    "state": "TO",
    "state_name": "Tocantins",
    "microregion": "Bico do Papagaio",
    "mesoregion": "Ocidental do Tocantins",
    "region": "Norte"
  },
  {
    "id": "1700350",
    "name": "Aliança do Tocantins",
    "state": "TO",
    "state_name": "Tocantins",
    "microregion": "Gurupi",
    "mesoregion": "Ocidental do Tocantins",
    "region": "Norte"
  },
  {
    "id": "1700400",
    "name": "Almas",
    "state": "TO",
    "state_name": "Tocantins",
    "microregion": "Dianópolis",
    "mesoregion": "Oriental do Tocantins",
    "region": "Norte"
  },
  {
    "id": "1700707",
    "name": "Alvorada",
    "state": "TO",
    "state_name": "Tocantins",
    "microregion": "Gurupi",
    "mesoregion": "Ocidental do Tocantins",
    "region": "Norte"
  },
  {
    "id": "1701002",
    "name": "Ananás",
    "state": "TO",
    "state_name": "Tocantins",
    "microregion": "Bico do Papagaio",
    "mesoregion": "Ocidental do Tocantins",
    "region": "Norte"
  },
  {
    "id": "1701051",
    "name": "Angico",
    "state": "TO",
    "state_name": "Tocantins",
    "microregion": "Bico do Papagaio",
    "mesoregion": "Ocidental do Tocantins",
    "region": "Norte"
  },
  {
    "id": "1701101",
    "name": "Aparecida do Rio Negro",
    "state": "TO",
    "state_name": "Tocantins",
    "microregion": "Porto Nacional",
    "mesoregion": "Oriental do Tocantins",
    "region": "Norte"
  },
  {
    "id": "1701309",
    "name": "Aragominas",
    "state": "TO",
    "state_name": "Tocantins",
    "microregion": "Araguaína",
    "mesoregion": "Ocidental do Tocantins",
    "region": "Norte"
  },
  {
    "id": "1701903",
    "name": "Araguacema",
    "state": "TO",
    "state_name": "Tocantins",
    "microregion": "Miracema do Tocantins",
    "mesoregion": "Ocidental do Tocantins",
    "region": "Norte"
  },
  {
    "id": "1702000",
    "name": "Araguaçu",
    "state": "TO",
    "state_name": "Tocantins",
    "microregion": "Rio Formoso",
    "mesoregion": "Ocidental do Tocantins",
    "region": "Norte"
  },
  {
    "id": "1702109",
    "name": "Araguaína",
    "state": "TO",
    "state_name": "Tocantins",
    "microregion": "Araguaína",
    "mesoregion": "Ocidental do Tocantins",
    "region": "Norte"
  },
  {
    "id": "1702158",
    "name": "Araguanã",
    "state": "TO",
    "state_name": "Tocantins",
    "microregion": "Araguaína",
    "mesoregion": "Ocidental do Tocantins",
    "region": "Norte"
  },
  {
    "id": "1702208",
    "name": "Araguatins",
    "state": "TO",
    "state_name": "Tocantins",
    "microregion": "Bico do Papagaio",
    "mesoregion": "Ocidental do Tocantins",
    "region": "Norte"
  },
  {
    "id": "1702307",
    "name": "Arapoema",
    "state": "TO",
    "state_name": "Tocantins",
    "microregion": "Araguaína",
    "mesoregion": "Ocidental do Tocantins",
    "region": "Norte"
  },
  {
    "id": "1702406",
    "name": "Arraias",
    "state": "TO",
    "state_name": "Tocantins",
    "microregion": "Dianópolis",
    "mesoregion": "Oriental do Tocantins",
    "region": "Norte"
  },
  {
    "id": "1702554",
    "name": "Augustinópolis",
    "state": "TO",
    "state_name": "Tocantins",
    "microregion": "Bico do Papagaio",
    "mesoregion": "Ocidental do Tocantins",
    "region": "Norte"
  },
  {
    "id": "1702703",
    "name": "Aurora do Tocantins",
    "state": "TO",
    "state_name": "Tocantins",
    "microregion": "Dianópolis",
    "mesoregion": "Oriental do Tocantins",
    "region": "Norte"
  },
  {
    "id": "1702901",
    "name": "Axixá do Tocantins",
    "state": "TO",
    "state_name": "Tocantins",
    "microregion": "Bico do Papagaio",
    "mesoregion": "Ocidental do Tocantins",
    "region": "Norte"
  },
  {
    "id": "1703008",
    "name": "Babaçulândia",
    "state": "TO",
    "state_name": "Tocantins",
    "microregion": "Araguaína",
    "mesoregion": "Ocidental do Tocantins",
    "region": "Norte"
  },
  {
    "id": "1703057",
    "name": "Bandeirantes do Tocantins",
    "state": "TO",
    "state_name": "Tocantins",
    "microregion": "Araguaína",
    "mesoregion": "Ocidental do Tocantins",
    "region": "Norte"
  },
  {
    "id": "1703073",
    "name": "Barra do Ouro",
    "state": "TO",
    "state_name": "Tocantins",
    "microregion": "Jalapão",
    "mesoregion": "Oriental do Tocantins",
    "region": "Norte"
  },
  {
    "id": "1703107",
    "name": "Barrolândia",
    "state": "TO",
    "state_name": "Tocantins",
    "microregion": "Miracema do Tocantins",
    "mesoregion": "Ocidental do Tocantins",
    "region": "Norte"
  },
  {
    "id": "1703206",
    "name": "Bernardo Sayão",
    "state": "TO",
    "state_name": "Tocantins",
    "microregion": "Miracema do Tocantins",
    "mesoregion": "Ocidental do Tocantins",
    "region": "Norte"
  },
  {
    "id": "1703305",
    "name": "Bom Jesus do Tocantins",
    "state": "TO",
    "state_name": "Tocantins",
    "microregion": "Porto Nacional",
    "mesoregion": "Oriental do Tocantins",
    "region": "Norte"
  },
  {
    "id": "1703602",
    "name": "Brasilândia do Tocantins",
    "state": "TO",
    "state_name": "Tocantins",
    "microregion": "Miracema do Tocantins",
    "mesoregion": "Ocidental do Tocantins",
    "region": "Norte"
  },
  {
    "id": "1703701",
    "name": "Brejinho de Nazaré",
    "state": "TO",
    "state_name": "Tocantins",
    "microregion": "Gurupi",
    "mesoregion": "Ocidental do Tocantins",
    "region": "Norte"
  },
  {
    "id": "1703800",
    "name": "Buriti do Tocantins",
    "state": "TO",
    "state_name": "Tocantins",
    "microregion": "Bico do Papagaio",
    "mesoregion": "Ocidental do Tocantins",
    "region": "Norte"
  },
  {
    "id": "1703826",
    "name": "Cachoeirinha",
    "state": "TO",
    "state_name": "Tocantins",
    "microregion": "Bico do Papagaio",
    "mesoregion": "Ocidental do Tocantins",
    "region": "Norte"
  },
  {
    "id": "1703842",
    "name": "Campos Lindos",
    "state": "TO",
    "state_name": "Tocantins",
    "microregion": "Jalapão",
    "mesoregion": "Oriental do Tocantins",
    "region": "Norte"
  },
  {
    "id": "1703867",
    "name": "Cariri do Tocantins",
    "state": "TO",
    "state_name": "Tocantins",
    "microregion": "Gurupi",
    "mesoregion": "Ocidental do Tocantins",
    "region": "Norte"
  },
  {
    "id": "1703883",
    "name": "Carmolândia",
    "state": "TO",
    "state_name": "Tocantins",
    "microregion": "Araguaína",
    "mesoregion": "Ocidental do Tocantins",
    "region": "Norte"
  },
  {
    "id": "1703891",
    "name": "Carrasco Bonito",
    "state": "TO",
    "state_name": "Tocantins",
    "microregion": "Bico do Papagaio",
    "mesoregion": "Ocidental do Tocantins",
    "region": "Norte"
  },
  {
    "id": "1703909",
    "name": "Caseara",
    "state": "TO",
    "state_name": "Tocantins",
    "microregion": "Miracema do Tocantins",
    "mesoregion": "Ocidental do Tocantins",
    "region": "Norte"
  },
  {
    "id": "1704105",
    "name": "Centenário",
    "state": "TO",
    "state_name": "Tocantins",
    "microregion": "Jalapão",
    "mesoregion": "Oriental do Tocantins",
    "region": "Norte"
  },
  {
    "id": "1704600",
    "name": "Chapada de Areia",
    "state": "TO",
    "state_name": "Tocantins",
    "microregion": "Rio Formoso",
    "mesoregion": "Ocidental do Tocantins",
    "region": "Norte"
  },
  {
    "id": "1705102",
    "name": "Chapada da Natividade",
    "state": "TO",
    "state_name": "Tocantins",
    "microregion": "Dianópolis",
    "mesoregion": "Oriental do Tocantins",
    "region": "Norte"
  },
  {
    "id": "1705508",
    "name": "Colinas do Tocantins",
    "state": "TO",
    "state_name": "Tocantins",
    "microregion": "Araguaína",
    "mesoregion": "Ocidental do Tocantins",
    "region": "Norte"
  },
  {
    "id": "1705557",
    "name": "Combinado",
    "state": "TO",
    "state_name": "Tocantins",
    "microregion": "Dianópolis",
    "mesoregion": "Oriental do Tocantins",
    "region": "Norte"
  },
  {
    "id": "1705607",
    "name": "Conceição do Tocantins",
    "state": "TO",
    "state_name": "Tocantins",
    "microregion": "Dianópolis",
    "mesoregion": "Oriental do Tocantins",
    "region": "Norte"
  },
  {
    "id": "1706001",
    "name": "Couto Magalhães",
    "state": "TO",
    "state_name": "Tocantins",
    "microregion": "Miracema do Tocantins",
    "mesoregion": "Ocidental do Tocantins",
    "region": "Norte"
  },
  {
    "id": "1706100",
    "name": "Cristalândia",
    "state": "TO",
    "state_name": "Tocantins",
    "microregion": "Rio Formoso",
    "mesoregion": "Ocidental do Tocantins",
    "region": "Norte"
  },
  {
    "id": "1706258",
    "name": "Crixás do Tocantins",
    "state": "TO",
    "state_name": "Tocantins",
    "microregion": "Gurupi",
    "mesoregion": "Ocidental do Tocantins",
    "region": "Norte"
  },
  {
    "id": "1706506",
    "name": "Darcinópolis",
    "state": "TO",
    "state_name": "Tocantins",
    "microregion": "Bico do Papagaio",
    "mesoregion": "Ocidental do Tocantins",
    "region": "Norte"
  },
  {
    "id": "1707009",
    "name": "Dianópolis",
    "state": "TO",
    "state_name": "Tocantins",
    "microregion": "Dianópolis",
    "mesoregion": "Oriental do Tocantins",
    "region": "Norte"
  },
  {
    "id": "1707108",
    "name": "Divinópolis do Tocantins",
    "state": "TO",
    "state_name": "Tocantins",
    "microregion": "Miracema do Tocantins",
    "mesoregion": "Ocidental do Tocantins",
    "region": "Norte"
  },
  {
    "id": "1707207",
    "name": "Dois Irmãos do Tocantins",
    "state": "TO",
    "state_name": "Tocantins",
    "microregion": "Miracema do Tocantins",
    "mesoregion": "Ocidental do Tocantins",
    "region": "Norte"
  },
  {
    "id": "1707306",
    "name": "Dueré",
    "state": "TO",
    "state_name": "Tocantins",
    "microregion": "Rio Formoso",
    "mesoregion": "Ocidental do Tocantins",
    "region": "Norte"
  },
  {
    "id": "1707405",
    "name": "Esperantina",
    "state": "TO",
    "state_name": "Tocantins",
    "microregion": "Bico do Papagaio",
    "mesoregion": "Ocidental do Tocantins",
    "region": "Norte"
  },
  {
    "id": "1707553",
    "name": "Fátima",
    "state": "TO",
    "state_name": "Tocantins",
    "microregion": "Rio Formoso",
    "mesoregion": "Ocidental do Tocantins",
    "region": "Norte"
  },
  {
    "id": "1707652",
    "name": "Figueirópolis",
    "state": "TO",
    "state_name": "Tocantins",
    "microregion": "Gurupi",
    "mesoregion": "Ocidental do Tocantins",
    "region": "Norte"
  },
  {
    "id": "1707702",
    "name": "Filadélfia",
    "state": "TO",
    "state_name": "Tocantins",
    "microregion": "Araguaína",
    "mesoregion": "Ocidental do Tocantins",
    "region": "Norte"
  },
  {
    "id": "1708205",
    "name": "Formoso do Araguaia",
    "state": "TO",
    "state_name": "Tocantins",
    "microregion": "Rio Formoso",
    "mesoregion": "Ocidental do Tocantins",
    "region": "Norte"
  },
  {
    "id": "1708254",
    "name": "Tabocão",
    "state": "TO",
    "state_name": "Tocantins",
    "microregion": "Miracema do Tocantins",
    "mesoregion": "Ocidental do Tocantins",
    "region": "Norte"
  },
  {
    "id": "1708304",
    "name": "Goianorte",
    "state": "TO",
    "state_name": "Tocantins",
    "microregion": "Miracema do Tocantins",
    "mesoregion": "Ocidental do Tocantins",
    "region": "Norte"
  },
  {
    "id": "1709005",
    "name": "Goiatins",
    "state": "TO",
    "state_name": "Tocantins",
    "microregion": "Jalapão",
    "mesoregion": "Oriental do Tocantins",
    "region": "Norte"
  },
  {
    "id": "1709302",
    "name": "Guaraí",
    "state": "TO",
    "state_name": "Tocantins",
    "microregion": "Miracema do Tocantins",
    "mesoregion": "Ocidental do Tocantins",
    "region": "Norte"
  },
  {
    "id": "1709500",
    "name": "Gurupi",
    "state": "TO",
    "state_name": "Tocantins",
    "microregion": "Gurupi",
    "mesoregion": "Ocidental do Tocantins",
    "region": "Norte"
  },
  {
    "id": "1709807",
    "name": "Ipueiras",
    "state": "TO",
    "state_name": "Tocantins",
    "microregion": "Porto Nacional",
    "mesoregion": "Oriental do Tocantins",
    "region": "Norte"
  },
  {
    "id": "1710508",
    "name": "Itacajá",
    "state": "TO",
    "state_name": "Tocantins",
    "microregion": "Jalapão",
    "mesoregion": "Oriental do Tocantins",
    "region": "Norte"
  },
  {
    "id": "1710706",
    "name": "Itaguatins",
    "state": "TO",
    "state_name": "Tocantins",
    "microregion": "Bico do Papagaio",
    "mesoregion": "Ocidental do Tocantins",
    "region": "Norte"
  },
  {
    "id": "1710904",
    "name": "Itapiratins",
    "state": "TO",
    "state_name": "Tocantins",
    "microregion": "Jalapão",
    "mesoregion": "Oriental do Tocantins",
    "region": "Norte"
  },
  {
    "id": "1711100",
    "name": "Itaporã do Tocantins",
    "state": "TO",
    "state_name": "Tocantins",
    "microregion": "Miracema do Tocantins",
    "mesoregion": "Ocidental do Tocantins",
    "region": "Norte"
  },
  {
    "id": "1711506",
    "name": "Jaú do Tocantins",
    "state": "TO",
    "state_name": "Tocantins",
    "microregion": "Gurupi",
    "mesoregion": "Ocidental do Tocantins",
    "region": "Norte"
  },
  {
    "id": "1711803",
    "name": "Juarina",
    "state": "TO",
    "state_name": "Tocantins",
    "microregion": "Miracema do Tocantins",
    "mesoregion": "Ocidental do Tocantins",
    "region": "Norte"
  },
  {
    "id": "1711902",
    "name": "Lagoa da Confusão",
    "state": "TO",
    "state_name": "Tocantins",
    "microregion": "Rio Formoso",
    "mesoregion": "Ocidental do Tocantins",
    "region": "Norte"
  },
  {
    "id": "1711951",
    "name": "Lagoa do Tocantins",
    "state": "TO",
    "state_name": "Tocantins",
    "microregion": "Jalapão",
    "mesoregion": "Oriental do Tocantins",
    "region": "Norte"
  },
  {
    "id": "1712009",
    "name": "Lajeado",
    "state": "TO",
    "state_name": "Tocantins",
    "microregion": "Porto Nacional",
    "mesoregion": "Oriental do Tocantins",
    "region": "Norte"
  },
  {
    "id": "1712157",
    "name": "Lavandeira",
    "state": "TO",
    "state_name": "Tocantins",
    "microregion": "Dianópolis",
    "mesoregion": "Oriental do Tocantins",
    "region": "Norte"
  },
  {
    "id": "1712405",
    "name": "Lizarda",
    "state": "TO",
    "state_name": "Tocantins",
    "microregion": "Jalapão",
    "mesoregion": "Oriental do Tocantins",
    "region": "Norte"
  },
  {
    "id": "1712454",
    "name": "Luzinópolis",
    "state": "TO",
    "state_name": "Tocantins",
    "microregion": "Bico do Papagaio",
    "mesoregion": "Ocidental do Tocantins",
    "region": "Norte"
  },
  {
    "id": "1712504",
    "name": "Marianópolis do Tocantins",
    "state": "TO",
    "state_name": "Tocantins",
    "microregion": "Miracema do Tocantins",
    "mesoregion": "Ocidental do Tocantins",
    "region": "Norte"
  },
  {
    "id": "1712702",
    "name": "Mateiros",
    "state": "TO",
    "state_name": "Tocantins",
    "microregion": "Jalapão",
    "mesoregion": "Oriental do Tocantins",
    "region": "Norte"
  },
  {
    "id": "1712801",
    "name": "Maurilândia do Tocantins",
    "state": "TO",
    "state_name": "Tocantins",
    "microregion": "Bico do Papagaio",
    "mesoregion": "Ocidental do Tocantins",
    "region": "Norte"
  },
  {
    "id": "1713205",
    "name": "Miracema do Tocantins",
    "state": "TO",
    "state_name": "Tocantins",
    "microregion": "Miracema do Tocantins",
    "mesoregion": "Ocidental do Tocantins",
    "region": "Norte"
  },
  {
    "id": "1713304",
    "name": "Miranorte",
    "state": "TO",
    "state_name": "Tocantins",
    "microregion": "Miracema do Tocantins",
    "mesoregion": "Ocidental do Tocantins",
    "region": "Norte"
  },
  {
    "id": "1713601",
    "name": "Monte do Carmo",
    "state": "TO",
    "state_name": "Tocantins",
    "microregion": "Porto Nacional",
    "mesoregion": "Oriental do Tocantins",
    "region": "Norte"
  },
  {
    "id": "1713700",
    "name": "Monte Santo do Tocantins",
    "state": "TO",
    "state_name": "Tocantins",
    "microregion": "Miracema do Tocantins",
    "mesoregion": "Ocidental do Tocantins",
    "region": "Norte"
  },
  {
    "id": "1713809",
    "name": "Palmeiras do Tocantins",
    "state": "TO",
    "state_name": "Tocantins",
    "microregion": "Bico do Papagaio",
    "mesoregion": "Ocidental do Tocantins",
    "region": "Norte"
  },
  {
    "id": "1713957",
    "name": "Muricilândia",
    "state": "TO",
    "state_name": "Tocantins",
    "microregion": "Araguaína",
    "mesoregion": "Ocidental do Tocantins",
    "region": "Norte"
  },
  {
    "id": "1714203",
    "name": "Natividade",
    "state": "TO",
    "state_name": "Tocantins",
    "microregion": "Dianópolis",
    "mesoregion": "Oriental do Tocantins",
    "region": "Norte"
  },
  {
    "id": "1714302",
    "name": "Nazaré",
    "state": "TO",
    "state_name": "Tocantins",
    "microregion": "Bico do Papagaio",
    "mesoregion": "Ocidental do Tocantins",
    "region": "Norte"
  },
  {
    "id": "1714880",
    "name": "Nova Olinda",
    "state": "TO",
    "state_name": "Tocantins",
    "microregion": "Araguaína",
    "mesoregion": "Ocidental do Tocantins",
    "region": "Norte"
  },
  {
    "id": "1715002",
    "name": "Nova Rosalândia",
    "state": "TO",
    "state_name": "Tocantins",
    "microregion": "Rio Formoso",
    "mesoregion": "Ocidental do Tocantins",
    "region": "Norte"
  },
  {
    "id": "1715101",
    "name": "Novo Acordo",
    "state": "TO",
    "state_name": "Tocantins",
    "microregion": "Jalapão",
    "mesoregion": "Oriental do Tocantins",
    "region": "Norte"
  },
  {
    "id": "1715150",
    "name": "Novo Alegre",
    "state": "TO",
    "state_name": "Tocantins",
    "microregion": "Dianópolis",
    "mesoregion": "Oriental do Tocantins",
    "region": "Norte"
  },
  {
    "id": "1715259",
    "name": "Novo Jardim",
    "state": "TO",
    "state_name": "Tocantins",
    "microregion": "Dianópolis",
    "mesoregion": "Oriental do Tocantins",
    "region": "Norte"
  },
  {
    "id": "1715507",
    "name": "Oliveira de Fátima",
    "state": "TO",
    "state_name": "Tocantins",
    "microregion": "Rio Formoso",
    "mesoregion": "Ocidental do Tocantins",
    "region": "Norte"
  },
  {
    "id": "1715705",
    "name": "Palmeirante",
    "state": "TO",
    "state_name": "Tocantins",
    "microregion": "Araguaína",
    "mesoregion": "Ocidental do Tocantins",
    "region": "Norte"
  },
  {
    "id": "1715754",
    "name": "Palmeirópolis",
    "state": "TO",
    "state_name": "Tocantins",
    "microregion": "Gurupi",
    "mesoregion": "Ocidental do Tocantins",
    "region": "Norte"
  },
  {
    "id": "1716109",
    "name": "Paraíso do Tocantins",
    "state": "TO",
    "state_name": "Tocantins",
    "microregion": "Rio Formoso",
    "mesoregion": "Ocidental do Tocantins",
    "region": "Norte"
  },
  {
    "id": "1716208",
    "name": "Paranã",
    "state": "TO",
    "state_name": "Tocantins",
    "microregion": "Dianópolis",
    "mesoregion": "Oriental do Tocantins",
    "region": "Norte"
  },
  {
    "id": "1716307",
    "name": "Pau D'Arco",
    "state": "TO",
    "state_name": "Tocantins",
    "microregion": "Araguaína",
    "mesoregion": "Ocidental do Tocantins",
    "region": "Norte"
  },
  {
    "id": "1716505",
    "name": "Pedro Afonso",
    "state": "TO",
    "state_name": "Tocantins",
    "microregion": "Porto Nacional",
    "mesoregion": "Oriental do Tocantins",
    "region": "Norte"
  },
  {
    "id": "1716604",
    "name": "Peixe",
    "state": "TO",
    "state_name": "Tocantins",
    "microregion": "Gurupi",
    "mesoregion": "Ocidental do Tocantins",
    "region": "Norte"
  },
  {
    "id": "1716653",
    "name": "Pequizeiro",
    "state": "TO",
    "state_name": "Tocantins",
    "microregion": "Miracema do Tocantins",
    "mesoregion": "Ocidental do Tocantins",
    "region": "Norte"
  },
  {
    "id": "1716703",
    "name": "Colméia",
    "state": "TO",
    "state_name": "Tocantins",
    "microregion": "Miracema do Tocantins",
    "mesoregion": "Ocidental do Tocantins",
    "region": "Norte"
  },
  {
    "id": "1717008",
    "name": "Pindorama do Tocantins",
    "state": "TO",
    "state_name": "Tocantins",
    "microregion": "Dianópolis",
    "mesoregion": "Oriental do Tocantins",
    "region": "Norte"
  },
  {
    "id": "1717206",
    "name": "Piraquê",
    "state": "TO",
    "state_name": "Tocantins",
    "microregion": "Araguaína",
    "mesoregion": "Ocidental do Tocantins",
    "region": "Norte"
  },
  {
    "id": "1717503",
    "name": "Pium",
    "state": "TO",
    "state_name": "Tocantins",
    "microregion": "Rio Formoso",
    "mesoregion": "Ocidental do Tocantins",
    "region": "Norte"
  },
  {
    "id": "1717800",
    "name": "Ponte Alta do Bom Jesus",
    "state": "TO",
    "state_name": "Tocantins",
    "microregion": "Dianópolis",
    "mesoregion": "Oriental do Tocantins",
    "region": "Norte"
  },
  {
    "id": "1717909",
    "name": "Ponte Alta do Tocantins",
    "state": "TO",
    "state_name": "Tocantins",
    "microregion": "Jalapão",
    "mesoregion": "Oriental do Tocantins",
    "region": "Norte"
  },
  {
    "id": "1718006",
    "name": "Porto Alegre do Tocantins",
    "state": "TO",
    "state_name": "Tocantins",
    "microregion": "Dianópolis",
    "mesoregion": "Oriental do Tocantins",
    "region": "Norte"
  },
  {
    "id": "1718204",
    "name": "Porto Nacional",
    "state": "TO",
    "state_name": "Tocantins",
    "microregion": "Porto Nacional",
    "mesoregion": "Oriental do Tocantins",
    "region": "Norte"
  },
  {
    "id": "1718303",
    "name": "Praia Norte",
    "state": "TO",
    "state_name": "Tocantins",
    "microregion": "Bico do Papagaio",
    "mesoregion": "Ocidental do Tocantins",
    "region": "Norte"
  },
  {
    "id": "1718402",
    "name": "Presidente Kennedy",
    "state": "TO",
    "state_name": "Tocantins",
    "microregion": "Miracema do Tocantins",
    "mesoregion": "Ocidental do Tocantins",
    "region": "Norte"
  },
  {
    "id": "1718451",
    "name": "Pugmil",
    "state": "TO",
    "state_name": "Tocantins",
    "microregion": "Rio Formoso",
    "mesoregion": "Ocidental do Tocantins",
    "region": "Norte"
  },
  {
    "id": "1718501",
    "name": "Recursolândia",
    "state": "TO",
    "state_name": "Tocantins",
    "microregion": "Jalapão",
    "mesoregion": "Oriental do Tocantins",
    "region": "Norte"
  },
  {
    "id": "1718550",
    "name": "Riachinho",
    "state": "TO",
    "state_name": "Tocantins",
    "microregion": "Bico do Papagaio",
    "mesoregion": "Ocidental do Tocantins",
    "region": "Norte"
  },
  {
    "id": "1718659",
    "name": "Rio da Conceição",
    "state": "TO",
    "state_name": "Tocantins",
    "microregion": "Dianópolis",
    "mesoregion": "Oriental do Tocantins",
    "region": "Norte"
  },
  {
    "id": "1718709",
    "name": "Rio dos Bois",
    "state": "TO",
    "state_name": "Tocantins",
    "microregion": "Miracema do Tocantins",
    "mesoregion": "Ocidental do Tocantins",
    "region": "Norte"
  },
  {
    "id": "1718758",
    "name": "Rio Sono",
    "state": "TO",
    "state_name": "Tocantins",
    "microregion": "Jalapão",
    "mesoregion": "Oriental do Tocantins",
    "region": "Norte"
  },
  {
    "id": "1718808",
    "name": "Sampaio",
    "state": "TO",
    "state_name": "Tocantins",
    "microregion": "Bico do Papagaio",
    "mesoregion": "Ocidental do Tocantins",
    "region": "Norte"
  },
  {
    "id": "1718840",
    "name": "Sandolândia",
    "state": "TO",
    "state_name": "Tocantins",
    "microregion": "Rio Formoso",
    "mesoregion": "Ocidental do Tocantins",
    "region": "Norte"
  },
  {
    "id": "1718865",
    "name": "Santa Fé do Araguaia",
    "state": "TO",
    "state_name": "Tocantins",
    "microregion": "Araguaína",
    "mesoregion": "Ocidental do Tocantins",
    "region": "Norte"
  },
  {
    "id": "1718881",
    "name": "Santa Maria do Tocantins",
    "state": "TO",
    "state_name": "Tocantins",
    "microregion": "Porto Nacional",
    "mesoregion": "Oriental do Tocantins",
    "region": "Norte"
  },
  {
    "id": "1718899",
    "name": "Santa Rita do Tocantins",
    "state": "TO",
    "state_name": "Tocantins",
    "microregion": "Gurupi",
    "mesoregion": "Ocidental do Tocantins",
    "region": "Norte"
  },
  {
    "id": "1718907",
    "name": "Santa Rosa do Tocantins",
    "state": "TO",
    "state_name": "Tocantins",
    "microregion": "Dianópolis",
    "mesoregion": "Oriental do Tocantins",
    "region": "Norte"
  },
  {
    "id": "1719004",
    "name": "Santa Tereza do Tocantins",
    "state": "TO",
    "state_name": "Tocantins",
    "microregion": "Jalapão",
    "mesoregion": "Oriental do Tocantins",
    "region": "Norte"
  },
  {
    "id": "1720002",
    "name": "Santa Terezinha do Tocantins",
    "state": "TO",
    "state_name": "Tocantins",
    "microregion": "Bico do Papagaio",
    "mesoregion": "Ocidental do Tocantins",
    "region": "Norte"
  },
  {
    "id": "1720101",
    "name": "São Bento do Tocantins",
    "state": "TO",
    "state_name": "Tocantins",
    "microregion": "Bico do Papagaio",
    "mesoregion": "Ocidental do Tocantins",
    "region": "Norte"
  },
  {
    "id": "1720150",
    "name": "São Félix do Tocantins",
    "state": "TO",
    "state_name": "Tocantins",
    "microregion": "Jalapão",
    "mesoregion": "Oriental do Tocantins",
    "region": "Norte"
  },
  {
    "id": "1720200",
    "name": "São Miguel do Tocantins",
    "state": "TO",
    "state_name": "Tocantins",
    "microregion": "Bico do Papagaio",
    "mesoregion": "Ocidental do Tocantins",
    "region": "Norte"
  },
  {
    "id": "1720259",
    "name": "São Salvador do Tocantins",
    "state": "TO",
    "state_name": "Tocantins",
    "microregion": "Gurupi",
    "mesoregion": "Ocidental do Tocantins",
    "region": "Norte"
  },
  {
    "id": "1720309",
    "name": "São Sebastião do Tocantins",
    "state": "TO",
    "state_name": "Tocantins",
    "microregion": "Bico do Papagaio",
    "mesoregion": "Ocidental do Tocantins",
    "region": "Norte"
  },
  {
    "id": "1720499",
    "name": "São Valério",
    "state": "TO",
    "state_name": "Tocantins",
    "microregion": "Dianópolis",
    "mesoregion": "Oriental do Tocantins",
    "region": "Norte"
  },
  {
    "id": "1720655",
    "name": "Silvanópolis",
    "state": "TO",
    "state_name": "Tocantins",
    "microregion": "Porto Nacional",
    "mesoregion": "Oriental do Tocantins",
    "region": "Norte"
  },
  {
    "id": "1720804",
    "name": "Sítio Novo do Tocantins",
    "state": "TO",
    "state_name": "Tocantins",
    "microregion": "Bico do Papagaio",
    "mesoregion": "Ocidental do Tocantins",
    "region": "Norte"
  },
  {
    "id": "1720853",
    "name": "Sucupira",
    "state": "TO",
    "state_name": "Tocantins",
    "microregion": "Gurupi",
    "mesoregion": "Ocidental do Tocantins",
    "region": "Norte"
  },
  {
    "id": "1720903",
    "name": "Taguatinga",
    "state": "TO",
    "state_name": "Tocantins",
    "microregion": "Dianópolis",
    "mesoregion": "Oriental do Tocantins",
    "region": "Norte"
  },
  {
    "id": "1720937",
    "name": "Taipas do Tocantins",
    "state": "TO",
    "state_name": "Tocantins",
    "microregion": "Dianópolis",
    "mesoregion": "Oriental do Tocantins",
    "region": "Norte"
  },
  {
    "id": "1720978",
    "name": "Talismã",
    "state": "TO",
    "state_name": "Tocantins",
    "microregion": "Gurupi",
    "mesoregion": "Ocidental do Tocantins",
    "region": "Norte"
  },
  {
    "id": "1721000",
    "name": "Palmas",
    "state": "TO",
    "state_name": "Tocantins",
    "microregion": "Porto Nacional",
    "mesoregion": "Oriental do Tocantins",
    "region": "Norte"
  },
  {
    "id": "1721109",
    "name": "Tocantínia",
    "state": "TO",
    "state_name": "Tocantins",
    "microregion": "Porto Nacional",
    "mesoregion": "Oriental do Tocantins",
    "region": "Norte"
  },
  {
    "id": "1721208",
    "name": "Tocantinópolis",
    "state": "TO",
    "state_name": "Tocantins",
    "microregion": "Bico do Papagaio",
    "mesoregion": "Ocidental do Tocantins",
    "region": "Norte"
  },
  {
    "id": "1721257",
    "name": "Tupirama",
    "state": "TO",
    "state_name": "Tocantins",
    "microregion": "Miracema do Tocantins",
    "mesoregion": "Ocidental do Tocantins",
    "region": "Norte"
  },
  {
    "id": "1721307",
    "name": "Tupiratins",
    "state": "TO",
    "state_name": "Tocantins",
    "microregion": "Miracema do Tocantins",
    "mesoregion": "Ocidental do Tocantins",
    "region": "Norte"
  },
  {
    "id": "1722081",
    "name": "Wanderlândia",
    "state": "TO",
    "state_name": "Tocantins",
    "microregion": "Araguaína",
    "mesoregion": "Ocidental do Tocantins",
    "region": "Norte"
  },
  {
    "id": "1722107",
    "name": "Xambioá",
    "state": "TO",
    "state_name": "Tocantins",
    "microregion": "Araguaína",
    "mesoregion": "Ocidental do Tocantins",
    "region": "Norte"
  }
]