[
  {
    "id": "1600055",
    "name": "Serra do Navio",
    "state": "AP",
    "state_name": "Amapá",
    "microregion": "Macapá",
    "mesoregion": "Sul do Amapá",
    "region": "Norte"
  },
  {
    "id": "1600105",
    "name": "Amapá",
    "state": "AP",
    "state_name": "Amapá",
    "microregion": "Amapá",
    "mesoregion": "Norte do Amapá",
    "region": "Norte"
  },
  {
    "id": "1600154",
    "name": "Pedra Branca do Amapari",
    "state": "AP",
    "state_name": "Amapá",
    "microregion": "Macapá",
    "mesoregion": "Sul do Amapá",
    "region": "Norte"
  },
  {
    "id": "1600204",
    "name": "Calçoene",
    "state": "AP",
    "state_name": "Amapá",
    "microregion": "Oiapoque",
    "mesoregion": "Norte do Amapá",
    "region": "Norte"
  },
  {
    "id": "1600212",
    "name": "Cutias",
    "state": "AP",
    "state_name": "Amapá",
    "microregion": "Macapá",
    "mesoregion": "Sul do Amapá",
    "region": "Norte"
  },
  {
    "id": "1600238",
    "name": "Ferreira Gomes",
    "state": "AP",
    "state_name": "Amapá",
    "microregion": "Macapá",
    "mesoregion": "Sul do Amapá",
    "region": "Norte"
  },
  {
    "id": "1600253",
    "name": "Itaubal",
    "state": "AP",
    "state_name": "Amapá",
    "microregion": "Macapá",
    "mesoregion": "Sul do Amapá",
    "region": "Norte"
  },
  {
    "id": "1600279",
    "name": "Laranjal do Jari",
    "state": "AP",
    "state_name": "Amapá",
    "microregion": "Mazagão",
    "mesoregion": "Sul do Amapá",
    "region": "Norte"
  },
  {
    "id": "1600303",
    "name": "Macapá",
    "state": "AP",
    "state_name": "Amapá",
    "microregion": "Macapá",
    "mesoregion": "Sul do Amapá",
    "region": "Norte"
  },
  {
    "id": "1600402",
    "name": "Mazagão",
    "state": "AP",
    "state_name": "Amapá",
    "microregion": "Mazagão",
    "mesoregion": "Sul do Amapá",
    "region": "Norte"
  },
  {
    "id": "1600501",
    "name": "Oiapoque",
    "state": "AP",
    "state_name": "Amapá",
    "microregion": "Oiapoque",
    "mesoregion": "Norte do Amapá",
    "region": "Norte"
  },
  {
    "id": "1600535",
    "name": "Porto Grande",
    "state": "AP",
    "state_name": "Amapá",
    "microregion": "Macapá",
    "mesoregion": "Sul do Amapá",
    "region": "Norte"
  },
  {
    "id": "1600550",
    "name": "Pracuúba",
    "state": "AP",
    "state_name": "Amapá",
    "microregion": "Amapá",
    "mesoregion": "Norte do Amapá",
    "region": "Norte"
  },
  {
    "id": "1600600",
    "name": "Santana",
    "state": "AP",
    "state_name": "Amapá",
    "microregion": "Macapá",
    "mesoregion": "Sul do Amapá",
    "region": "Norte"
  },
  {
    "id": "1600709",
    "name": "Tartarugalzinho",
    "state": "AP",
    "state_name": "Amapá",
    "microregion": "Amapá",
    "mesoregion": "Norte do Amapá",
    "region": "Norte"
  },
  {
    "id": "1600808",
    "name": "Vitória do Jari",
    "state": "AP",
    "state_name": "Amapá",
    "microregion": "Mazagão",
    "mesoregion": "Sul do Amapá",
    "region": "Norte"
  }
]