[
  {
    "id": "2900108",
    "name": "Abaíra",
    "state": "BA",
    "state_name": "Bahia",
    "microregion": "Seabra",
    "mesoregion": "Centro Sul Baiano",
    "region": "Nordeste"
  },
  {
    "id": "2900207",
    "name": "Abaré",
    "state": "BA",
    "state_name": "Bahia",
    "microregion": "Paulo Afonso",
    "mesoregion": "Vale São-Franciscano da Bahia",
    "region": "Nordeste"
  },
  {
    "id": "2900306",
    "name": "Acajutiba",
    "state": "BA",
    "state_name": "Bahia",
    "microregion": "Alagoinhas",
    "mesoregion": "Nordeste Baiano",
    "region": "Nordeste"
  },
  {
    "id": "2900355",
    "name": "Adustina",
    "state": "BA",
    "state_name": "Bahia",
    "microregion": "Ribeira do Pombal",
    "mesoregion": "Nordeste Baiano",
    "region": "Nordeste"
  },
  {
    "id": "2900405",
    "name": "Água Fria",
    "state": "BA",
    "state_name": "Bahia",
    "microregion": "Feira de Santana",
    "mesoregion": "Centro Norte Baiano",
    "region": "Nordeste"
  },
  {
    "id": "2900504",
    "name": "Érico Cardoso",
    "state": "BA",
    "state_name": "Bahia",
    "microregion": "Livramento do Brumado",
    "mesoregion": "Centro Sul Baiano",
    "region": "Nordeste"
  },
  {
    "id": "2900603",
    "name": "Aiquara",
    "state": "BA",
    "state_name": "Bahia",
    "microregion": "Jequié",
    "mesoregion": "Centro Sul Baiano",
    "region": "Nordeste"
  },
  {
    "id": "2900702",
    "name": "Alagoinhas",
    "state": "BA",
    "state_name": "Bahia",
    "microregion": "Alagoinhas",
    "mesoregion": "Nordeste Baiano",
    "region": "Nordeste"
  },
  {
    "id": "2900801",
    "name": "Alcobaça",
    "state": "BA",
    "state_name": "Bahia",
    "microregion": "Porto Seguro",
    "mesoregion": "Sul Baiano",
    "region": "Nordeste"
  },
  {
    "id": "2900900",
    "name": "Almadina",
    "state": "BA",
    "state_name": "Bahia",
    "microregion": "Ilhéus-Itabuna",
    "mesoregion": "Sul Baiano",
    "region": "Nordeste"
  },
  {
    "id": "2901007",
    "name": "Amargosa",
    "state": "BA",
    "state_name": "Bahia",
    "microregion": "Jequié",
    "mesoregion": "Centro Sul Baiano",
    "region": "Nordeste"
  },
  {
    "id": "2901106",
    "name": "Amélia Rodrigues",
    "state": "BA",
    "state_name": "Bahia",
    "microregion": "Catu",
    "mesoregion": "Metropolitana de Salvador",
    "region": "Nordeste"
  },
  {
    "id": "2901155",
    "name": "América Dourada",
    "state": "BA",
    "state_name": "Bahia",
    "microregion": "Irecê",
    "mesoregion": "Centro Norte Baiano",
    "region": "Nordeste"
  },
  {
    "id": "2901205",
    "name": "Anagé",
    "state": "BA",
    "state_name": "Bahia",
    "microregion": "Vitória da Conquista",
    "mesoregion": "Centro Sul Baiano",
    "region": "Nordeste"
  },
  {
    "id": "2901304",
    "name": "Andaraí",
    "state": "BA",
    "state_name": "Bahia",
    "microregion": "Seabra",
    "mesoregion": "Centro Sul Baiano",
    "region": "Nordeste"
  },
  {
    "id": "2901353",
    "name": "Andorinha",
    "state": "BA",
    "state_name": "Bahia",
    "microregion": "Senhor do Bonfim",
    "mesoregion": "Centro Norte Baiano",
    "region": "Nordeste"
  },
  {
    "id": "2901403",
    "name": "Angical",
    "state": "BA",
    "state_name": "Bahia",
    "microregion": "Cotegipe",
    "mesoregion": "Extremo Oeste Baiano",
    "region": "Nordeste"
  },
  {
    "id": "2901502",
    "name": "Anguera",
    "state": "BA",
    "state_name": "Bahia",
    "microregion": "Feira de Santana",
    "mesoregion": "Centro Norte Baiano",
    "region": "Nordeste"
  },
  {
    "id": "2901601",
    "name": "Antas",
    "state": "BA",
    "state_name": "Bahia",
    "microregion": "Ribeira do Pombal",
    "mesoregion": "Nordeste Baiano",
    "region": "Nordeste"
  },
  {
    "id": "2901700",
    "name": "Antônio Cardoso",
    "state": "BA",
    "state_name": "Bahia",
    "microregion": "Feira de Santana",
    "mesoregion": "Centro Norte Baiano",
    "region": "Nordeste"
  },
  {
    "id": "2901809",
    "name": "Antônio Gonçalves",
    "state": "BA",
    "state_name": "Bahia",
    "microregion": "Senhor do Bonfim",
    "mesoregion": "Centro Norte Baiano",
    "region": "Nordeste"
  },
  {
    "id": "2901908",
    "name": "Aporá",
    "state": "BA",
    "state_name": "Bahia",
    "microregion": "Alagoinhas",
    "mesoregion": "Nordeste Baiano",
    "region": "Nordeste"
  },
  {
    "id": "2901957",
    "name": "Apuarema",
    "state": "BA",
    "state_name": "Bahia",
    "microregion": "Jequié",
    "mesoregion": "Centro Sul Baiano",
    "region": "Nordeste"
  },
  {
    "id": "2902005",
    "name": "Aracatu",
    "state": "BA",
    "state_name": "Bahia",
    "microregion": "Brumado",
    "mesoregion": "Centro Sul Baiano",
    "region": "Nordeste"
  },
  {
    "id": "2902054",
    "name": "Araçás",
    "state": "BA",
    "state_name": "Bahia",
    "microregion": "Alagoinhas",
    "mesoregion": "Nordeste Baiano",
    "region": "Nordeste"
  },
  {
    "id": "2902104",
    "name": "Araci",
    "state": "BA",
    "state_name": "Bahia",
    "microregion": "Serrinha",
    "mesoregion": "Nordeste Baiano",
    "region": "Nordeste"
  },
  {
    "id": "2902203",
    "name": "Aramari",
    "state": "BA",
    "state_name": "Bahia",
    "microregion": "Alagoinhas",
    "mesoregion": "Nordeste Baiano",
    "region": "Nordeste"
  },
  {
    "id": "2902252",
    "name": "Arataca",
    "state": "BA",
    "state_name": "Bahia",
    "microregion": "Ilhéus-Itabuna",
    "mesoregion": "Sul Baiano",
    "region": "Nordeste"
  },
  {
    "id": "2902302",
    "name": "Aratuípe",
    "state": "BA",
    "state_name": "Bahia",
    "microregion": "Santo Antônio de Jesus",
    "mesoregion": "Metropolitana de Salvador",
    "region": "Nordeste"
  },
  {
    "id": "2902401",
    "name": "Aurelino Leal",
    "state": "BA",
    "state_name": "Bahia",
    "microregion": "Ilhéus-Itabuna",
    "mesoregion": "Sul Baiano",
    "region": "Nordeste"
  },
  {
    "id": "2902500",
    "name": "Baianópolis",
    "state": "BA",
    "state_name": "Bahia",
    "microregion": "Barreiras",
    "mesoregion": "Extremo Oeste Baiano",
    "region": "Nordeste"
  },
  {
    "id": "2902609",
    "name": "Baixa Grande",
    "state": "BA",
    "state_name": "Bahia",
    "microregion": "Itaberaba",
    "mesoregion": "Centro Norte Baiano",
    "region": "Nordeste"
  },
  {
    "id": "2902658",
    "name": "Banzaê",
    "state": "BA",
    "state_name": "Bahia",
    "microregion": "Ribeira do Pombal",
    "mesoregion": "Nordeste Baiano",
    "region": "Nordeste"
  },
  {
    "id": "2902708",
    "name": "Barra",
    "state": "BA",
    "state_name": "Bahia",
    "microregion": "Barra",
    "mesoregion": "Vale São-Franciscano da Bahia",
    "region": "Nordeste"
  },
  {
    "id": "2902807",
    "name": "Barra da Estiva",
    "state": "BA",
    "state_name": "Bahia",
    "microregion": "Seabra",
    "mesoregion": "Centro Sul Baiano",
    "region": "Nordeste"
  },
  {
    "id": "2902906",
    "name": "Barra do Choça",
    "state": "BA",
    "state_name": "Bahia",
    "microregion": "Vitória da Conquista",
    "mesoregion": "Centro Sul Baiano",
    "region": "Nordeste"
  },
  {
    "id": "2903003",
    "name": "Barra do Mendes",
    "state": "BA",
    "state_name": "Bahia",
    "microregion": "Irecê",
    "mesoregion": "Centro Norte Baiano",
    "region": "Nordeste"
  },
  {
    "id": "2903102",
    "name": "Barra do Rocha",
    "state": "BA",
    "state_name": "Bahia",
    "microregion": "Ilhéus-Itabuna",
    "mesoregion": "Sul Baiano",
    "region": "Nordeste"
  },
  {
    "id": "2903201",
    "name": "Barreiras",
    "state": "BA",
    "state_name": "Bahia",
    "microregion": "Barreiras",
    "mesoregion": "Extremo Oeste Baiano",
    "region": "Nordeste"
  },
  {
    "id": "2903235",
    "name": "Barro Alto",
    "state": "BA",
    "state_name": "Bahia",
    "microregion": "Irecê",
    "mesoregion": "Centro Norte Baiano",
    "region": "Nordeste"
  },
  {
    "id": "2903276",
    "name": "Barrocas",
    "state": "BA",
    "state_name": "Bahia",
    "microregion": "Serrinha",
    "mesoregion": "Nordeste Baiano",
    "region": "Nordeste"
  },
  {
    "id": "2903300",
    "name": "Barro Preto",
    "state": "BA",
    "state_name": "Bahia",
    "microregion": "Ilhéus-Itabuna",
    "mesoregion": "Sul Baiano",
    "region": "Nordeste"
  },
  {
    "id": "2903409",
    "name": "Belmonte",
    "state": "BA",
    "state_name": "Bahia",
    "microregion": "Ilhéus-Itabuna",
    "mesoregion": "Sul Baiano",
    "region": "Nordeste"
  },
  {
    "id": "2903508",
    "name": "Belo Campo",
    "state": "BA",
    "state_name": "Bahia",
    "microregion": "Vitória da Conquista",
    "mesoregion": "Centro Sul Baiano",
    "region": "Nordeste"
  },
  {
    "id": "2903607",
    "name": "Biritinga",
    "state": "BA",
    "state_name": "Bahia",
    "microregion": "Serrinha",
    "mesoregion": "Nordeste Baiano",
    "region": "Nordeste"
  },
  {
    "id": "2903706",
    "name": "Boa Nova",
    "state": "BA",
    "state_name": "Bahia",
    "microregion": "Vitória da Conquista",
    "mesoregion": "Centro Sul Baiano",
    "region": "Nordeste"
  },
  {
    "id": "2903805",
    "name": "Boa Vista do Tupim",
    "state": "BA",
    "state_name": "Bahia",
    "microregion": "Itaberaba",
    "mesoregion": "Centro Norte Baiano",
    "region": "Nordeste"
  },
  {
    "id": "2903904",
    "name": "Bom Jesus da Lapa",
    "state": "BA",
    "state_name": "Bahia",
    "microregion": "Bom Jesus da Lapa",
    "mesoregion": "Vale São-Franciscano da Bahia",
    "region": "Nordeste"
  },
  {
    "id": "2903953",
    "name": "Bom Jesus da Serra",
    "state": "BA",
    "state_name": "Bahia",
    "microregion": "Vitória da Conquista",
    "mesoregion": "Centro Sul Baiano",
    "region": "Nordeste"
  },
  {
    "id": "2904001",
    "name": "Boninal",
    "state": "BA",
    "state_name": "Bahia",
    "microregion": "Seabra",
    "mesoregion": "Centro Sul Baiano",
    "region": "Nordeste"
  },
  {
    "id": "2904050",
    "name": "Bonito",
    "state": "BA",
    "state_name": "Bahia",
    "microregion": "Seabra",
    "mesoregion": "Centro Sul Baiano",
    "region": "Nordeste"
  },
  {
    "id": "2904100",
    "name": "Boquira",
    "state": "BA",
    "state_name": "Bahia",
    "microregion": "Boquira",
    "mesoregion": "Centro Sul Baiano",
    "region": "Nordeste"
  },
  {
    "id": "2904209",
    "name": "Botuporã",
    "state": "BA",
    "state_name": "Bahia",
    "microregion": "Boquira",
    "mesoregion": "Centro Sul Baiano",
    "region": "Nordeste"
  },
  {
    "id": "2904308",
    "name": "Brejões",
    "state": "BA",
    "state_name": "Bahia",
    "microregion": "Jequié",
    "mesoregion": "Centro Sul Baiano",
    "region": "Nordeste"
  },
  {
    "id": "2904407",
    "name": "Brejolândia",
    "state": "BA",
    "state_name": "Bahia",
    "microregion": "Cotegipe",
    "mesoregion": "Extremo Oeste Baiano",
    "region": "Nordeste"
  },
  {
    "id": "2904506",
    "name": "Brotas de Macaúbas",
    "state": "BA",
    "state_name": "Bahia",
    "microregion": "Boquira",
    "mesoregion": "Centro Sul Baiano",
    "region": "Nordeste"
  },
  {
    "id": "2904605",
    "name": "Brumado",
    "state": "BA",
    "state_name": "Bahia",
    "microregion": "Brumado",
    "mesoregion": "Centro Sul Baiano",
    "region": "Nordeste"
  },
  {
    "id": "2904704",
    "name": "Buerarema",
    "state": "BA",
    "state_name": "Bahia",
    "microregion": "Ilhéus-Itabuna",
    "mesoregion": "Sul Baiano",
    "region": "Nordeste"
  },
  {
    "id": "2904753",
    "name": "Buritirama",
    "state": "BA",
    "state_name": "Bahia",
    "microregion": "Barra",
    "mesoregion": "Vale São-Franciscano da Bahia",
    "region": "Nordeste"
  },
  {
    "id": "2904803",
    "name": "Caatiba",
    "state": "BA",
    "state_name": "Bahia",
    "microregion": "Vitória da Conquista",
    "mesoregion": "Centro Sul Baiano",
    "region": "Nordeste"
  },
  {
    "id": "2904852",
    "name": "Cabaceiras do Paraguaçu",
    "state": "BA",
    "state_name": "Bahia",
    "microregion": "Santo Antônio de Jesus",
    "mesoregion": "Metropolitana de Salvador",
    "region": "Nordeste"
  },
  {
    "id": "2904902",
    "name": "Cachoeira",
    "state": "BA",
    "state_name": "Bahia",
    "microregion": "Santo Antônio de Jesus",
    "mesoregion": "Metropolitana de Salvador",
    "region": "Nordeste"
  },
  {
    "id": "2905008",
    "name": "Caculé",
    "state": "BA",
    "state_name": "Bahia",
    "microregion": "Guanambi",
    "mesoregion": "Centro Sul Baiano",
    "region": "Nordeste"
  },
  {
    "id": "2905107",
    "name": "Caém",
    "state": "BA",
    "state_name": "Bahia",
    "microregion": "Jacobina",
    "mesoregion": "Centro Norte Baiano",
    "region": "Nordeste"
  },
  {
    "id": "2905156",
    "name": "Caetanos",
    "state": "BA",
    "state_name": "Bahia",
    "microregion": "Vitória da Conquista",
    "mesoregion": "Centro Sul Baiano",
    "region": "Nordeste"
  },
  {
    "id": "2905206",
    "name": "Caetité",
    "state": "BA",
    "state_name": "Bahia",
    "microregion": "Guanambi",
    "mesoregion": "Centro Sul Baiano",
    "region": "Nordeste"
  },
  {
    "id": "2905305",
    "name": "Cafarnaum",
    "state": "BA",
    "state_name": "Bahia",
    "microregion": "Irecê",
    "mesoregion": "Centro Norte Baiano",
    "region": "Nordeste"
  },
  {
    "id": "2905404",
    "name": "Cairu",
    "state": "BA",
    "state_name": "Bahia",
    "microregion": "Valença",
    "mesoregion": "Sul Baiano",
    "region": "Nordeste"
  },
  {
    "id": "2905503",
    "name": "Caldeirão Grande",
    "state": "BA",
    "state_name": "Bahia",
    "microregion": "Jacobina",
    "mesoregion": "Centro Norte Baiano",
    "region": "Nordeste"
  },
  {
    "id": "2905602",
    "name": "Camacan",
    "state": "BA",
    "state_name": "Bahia",
    "microregion": "Ilhéus-Itabuna",
    "mesoregion": "Sul Baiano",
    "region": "Nordeste"
  },
  {
    "id": "2905701",
    "name": "Camaçari",
    "state": "BA",
    "state_name": "Bahia",
    "microregion": "Salvador",
    "mesoregion": "Metropolitana de Salvador",
    "region": "Nordeste"
  },
  {
    "id": "2905800",
    "name": "Camamu",
    "state": "BA",
    "state_name": "Bahia",
    "microregion": "Valença",
    "mesoregion": "Sul Baiano",
    "region": "Nordeste"
  },
  {
    "id": "2905909",
    "name": "Campo Alegre de Lourdes",
    "state": "BA",
    "state_name": "Bahia",
    "microregion": "Juazeiro",
    "mesoregion": "Vale São-Franciscano da Bahia",
    "region": "Nordeste"
  },
  {
    "id": "2906006",
    "name": "Campo Formoso",
    "state": "BA",
    "state_name": "Bahia",
    "microregion": "Senhor do Bonfim",
    "mesoregion": "Centro Norte Baiano",
    "region": "Nordeste"
  },
  {
    "id": "2906105",
    "name": "Canápolis",
    "state": "BA",
    "state_name": "Bahia",
    "microregion": "Santa Maria da Vitória",
    "mesoregion": "Extremo Oeste Baiano",
    "region": "Nordeste"
  },
  {
    "id": "2906204",
    "name": "Canarana",
    "state": "BA",
    "state_name": "Bahia",
    "microregion": "Irecê",
    "mesoregion": "Centro Norte Baiano",
    "region": "Nordeste"
  },
  {
    "id": "2906303",
    "name": "Canavieiras",
    "state": "BA",
    "state_name": "Bahia",
    "microregion": "Ilhéus-Itabuna",
    "mesoregion": "Sul Baiano",
    "region": "Nordeste"
  },
  {
    "id": "2906402",
    "name": "Candeal",
    "state": "BA",
    "state_name": "Bahia",
    "microregion": "Serrinha",
    "mesoregion": "Nordeste Baiano",
    "region": "Nordeste"
  },
  {
    "id": "2906501",
    "name": "Candeias",
    "state": "BA",
    "state_name": "Bahia",
    "microregion": "Salvador",
    "mesoregion": "Metropolitana de Salvador",
    "region": "Nordeste"
  },
  {
    "id": "2906600",
    "name": "Candiba",
    "state": "BA",
    "state_name": "Bahia",
    "microregion": "Guanambi",
    "mesoregion": "Centro Sul Baiano",
    "region": "Nordeste"
  },
  {
    "id": "2906709",
    "name": "Cândido Sales",
    "state": "BA",
    "state_name": "Bahia",
    "microregion": "Vitória da Conquista",
    "mesoregion": "Centro Sul Baiano",
    "region": "Nordeste"
  },
  {
    "id": "2906808",
    "name": "Cansanção",
    "state": "BA",
    "state_name": "Bahia",
    "microregion": "Euclides da Cunha",
    "mesoregion": "Nordeste Baiano",
    "region": "Nordeste"
  },
  {
    "id": "2906824",
    "name": "Canudos",
    "state": "BA",
    "state_name": "Bahia",
    "microregion": "Euclides da Cunha",
    "mesoregion": "Nordeste Baiano",
    "region": "Nordeste"
  },
  {
    "id": "2906857",
    "name": "Capela do Alto Alegre",
    "state": "BA",
    "state_name": "Bahia",
    "microregion": "Serrinha",
    "mesoregion": "Nordeste Baiano",
    "region": "Nordeste"
  },
  {
    "id": "2906873",
    "name": "Capim Grosso",
    "state": "BA",
    "state_name": "Bahia",
    "microregion": "Jacobina",
    "mesoregion": "Centro Norte Baiano",
    "region": "Nordeste"
  },
  {
    "id": "2906899",
    "name": "Caraíbas",
    "state": "BA",
    "state_name": "Bahia",
    "microregion": "Brumado",
    "mesoregion": "Centro Sul Baiano",
    "region": "Nordeste"
  },
  {
    "id": "2906907",
    "name": "Caravelas",
    "state": "BA",
    "state_name": "Bahia",
    "microregion": "Porto Seguro",
    "mesoregion": "Sul Baiano",
    "region": "Nordeste"
  },
  {
    "id": "2907004",
    "name": "Cardeal da Silva",
    "state": "BA",
    "state_name": "Bahia",
    "microregion": "Entre Rios",
    "mesoregion": "Nordeste Baiano",
    "region": "Nordeste"
  },
  {
    "id": "2907103",
    "name": "Carinhanha",
    "state": "BA",
    "state_name": "Bahia",
    "microregion": "Bom Jesus da Lapa",
    "mesoregion": "Vale São-Franciscano da Bahia",
    "region": "Nordeste"
  },
  {
    "id": "2907202",
    "name": "Casa Nova",
    "state": "BA",
    "state_name": "Bahia",
    "microregion": "Juazeiro",
    "mesoregion": "Vale São-Franciscano da Bahia",
    "region": "Nordeste"
  },
  {
    "id": "2907301",
    "name": "Castro Alves",
    "state": "BA",
    "state_name": "Bahia",
    "microregion": "Santo Antônio de Jesus",
    "mesoregion": "Metropolitana de Salvador",
    "region": "Nordeste"
  },
  {
    "id": "2907400",
    "name": "Catolândia",
    "state": "BA",
    "state_name": "Bahia",
    "microregion": "Barreiras",
    "mesoregion": "Extremo Oeste Baiano",
    "region": "Nordeste"
  },
  {
    "id": "2907509",
    "name": "Catu",
    "state": "BA",
    "state_name": "Bahia",
    "microregion": "Catu",
    "mesoregion": "Metropolitana de Salvador",
    "region": "Nordeste"
  },
  {
    "id": "2907558",
    "name": "Caturama",
    "state": "BA",
    "state_name": "Bahia",
    "microregion": "Boquira",
    "mesoregion": "Centro Sul Baiano",
    "region": "Nordeste"
  },
  {
    "id": "2907608",
    "name": "Central",
    "state": "BA",
    "state_name": "Bahia",
    "microregion": "Irecê",
    "mesoregion": "Centro Norte Baiano",
    "region": "Nordeste"
  },
  {
    "id": "2907707",
    "name": "Chorrochó",
    "state": "BA",
    "state_name": "Bahia",
    "microregion": "Paulo Afonso",
    "mesoregion": "Vale São-Franciscano da Bahia",
    "region": "Nordeste"
  },
  {
    "id": "2907806",
    "name": "Cícero Dantas",
    "state": "BA",
    "state_name": "Bahia",
    "microregion": "Ribeira do Pombal",
    "mesoregion": "Nordeste Baiano",
    "region": "Nordeste"
  },
  {
    "id": "2907905",
    "name": "Cipó",
    "state": "BA",
    "state_name": "Bahia",
    "microregion": "Ribeira do Pombal",
    "mesoregion": "Nordeste Baiano",
    "region": "Nordeste"
  },
  {
    "id": "2908002",
    "name": "Coaraci",
    "state": "BA",
    "state_name": "Bahia",
    "microregion": "Ilhéus-Itabuna",
    "mesoregion": "Sul Baiano",
    "region": "Nordeste"
  },
  {
    "id": "2908101",
    "name": "Cocos",
    "state": "BA",
    "state_name": "Bahia",
    "microregion": "Santa Maria da Vitória",
    "mesoregion": "Extremo Oeste Baiano",
    "region": "Nordeste"
  },
  {
    "id": "2908200",
    "name": "Conceição da Feira",
    "state": "BA",
    "state_name": "Bahia",
    "microregion": "Feira de Santana",
    "mesoregion": "Centro Norte Baiano",
    "region": "Nordeste"
  },
  {
    "id": "2908309",
    "name": "Conceição do Almeida",
    "state": "BA",
    "state_name": "Bahia",
    "microregion": "Santo Antônio de Jesus",
    "mesoregion": "Metropolitana de Salvador",
    "region": "Nordeste"
  },
  {
    "id": "2908408",
    "name": "Conceição do Coité",
    "state": "BA",
    "state_name": "Bahia",
    "microregion": "Serrinha",
    "mesoregion": "Nordeste Baiano",
    "region": "Nordeste"
  },
  {
    "id": "2908507",
    "name": "Conceição do Jacuípe",
    "state": "BA",
    "state_name": "Bahia",
    "microregion": "Feira de Santana",
    "mesoregion": "Centro Norte Baiano",
    "region": "Nordeste"
  },
  {
    "id": "2908606",
    "name": "Conde",
    "state": "BA",
    "state_name": "Bahia",
    "microregion": "Entre Rios",
    "mesoregion": "Nordeste Baiano",
    "region": "Nordeste"
  },
  {
    "id": "2908705",
    "name": "Condeúba",
    "state": "BA",
    "state_name": "Bahia",
    "microregion": "Brumado",
    "mesoregion": "Centro Sul Baiano",
    "region": "Nordeste"
  },
  {
    "id": "2908804",
    "name": "Contendas do Sincorá",
    "state": "BA",
    "state_name": "Bahia",
    "microregion": "Seabra",
    "mesoregion": "Centro Sul Baiano",
    "region": "Nordeste"
  },
  {
    "id": "2908903",
    "name": "Coração de Maria",
    "state": "BA",
    "state_name": "Bahia",
    "microregion": "Feira de Santana",
    "mesoregion": "Centro Norte Baiano",
    "region": "Nordeste"
  },
  {
    "id": "2909000",
    "name": "Cordeiros",
    "state": "BA",
    "state_name": "Bahia",
    "microregion": "Brumado",
    "mesoregion": "Centro Sul Baiano",
    "region": "Nordeste"
  },
  {
    "id": "2909109",
    "name": "Coribe",
    "state": "BA",
    "state_name": "Bahia",
    "microregion": "Santa Maria da Vitória",
    "mesoregion": "Extremo Oeste Baiano",
    "region": "Nordeste"
  },
  {
    "id": "2909208",
    "name": "Coronel João Sá",
    "state": "BA",
    "state_name": "Bahia",
    "microregion": "Jeremoabo",
    "mesoregion": "Nordeste Baiano",
    "region": "Nordeste"
  },
  {
    "id": "2909307",
    "name": "Correntina",
    "state": "BA",
    "state_name": "Bahia",
    "microregion": "Santa Maria da Vitória",
    "mesoregion": "Extremo Oeste Baiano",
    "region": "Nordeste"
  },
  {
    "id": "2909406",
    "name": "Cotegipe",
    "state": "BA",
    "state_name": "Bahia",
    "microregion": "Cotegipe",
    "mesoregion": "Extremo Oeste Baiano",
    "region": "Nordeste"
  },
  {
    "id": "2909505",
    "name": "Cravolândia",
    "state": "BA",
    "state_name": "Bahia",
    "microregion": "Jequié",
    "mesoregion": "Centro Sul Baiano",
    "region": "Nordeste"
  },
  {
    "id": "2909604",
    "name": "Crisópolis",
    "state": "BA",
    "state_name": "Bahia",
    "microregion": "Alagoinhas",
    "mesoregion": "Nordeste Baiano",
    "region": "Nordeste"
  },
  {
    "id": "2909703",
    "name": "Cristópolis",
    "state": "BA",
    "state_name": "Bahia",
    "microregion": "Cotegipe",
    "mesoregion": "Extremo Oeste Baiano",
    "region": "Nordeste"
  },
  {
    "id": "2909802",
    "name": "Cruz das Almas",
    "state": "BA",
    "state_name": "Bahia",
    "microregion": "Santo Antônio de Jesus",
    "mesoregion": "Metropolitana de Salvador",
    "region": "Nordeste"
  },
  {
    "id": "2909901",
    "name": "Curaçá",
    "state": "BA",
    "state_name": "Bahia",
    "microregion": "Juazeiro",
    "mesoregion": "Vale São-Franciscano da Bahia",
    "region": "Nordeste"
  },
  {
    "id": "2910008",
    "name": "Dário Meira",
    "state": "BA",
    "state_name": "Bahia",
    "microregion": "Vitória da Conquista",
    "mesoregion": "Centro Sul Baiano",
    "region": "Nordeste"
  },
  {
    "id": "2910057",
    "name": "Dias d'Ávila",
    "state": "BA",
    "state_name": "Bahia",
    "microregion": "Salvador",
    "mesoregion": "Metropolitana de Salvador",
    "region": "Nordeste"
  },
  {
    "id": "2910107",
    "name": "Dom Basílio",
    "state": "BA",
    "state_name": "Bahia",
    "microregion": "Livramento do Brumado",
    "mesoregion": "Centro Sul Baiano",
    "region": "Nordeste"
  },
  {
    "id": "2910206",
    "name": "Dom Macedo Costa",
    "state": "BA",
    "state_name": "Bahia",
    "microregion": "Santo Antônio de Jesus",
    "mesoregion": "Metropolitana de Salvador",
    "region": "Nordeste"
  },
  {
    "id": "2910305",
    "name": "Elísio Medrado",
    "state": "BA",
    "state_name": "Bahia",
    "microregion": "Feira de Santana",
    "mesoregion": "Centro Norte Baiano",
    "region": "Nordeste"
  },
  {
    "id": "2910404",
    "name": "Encruzilhada",
    "state": "BA",
    "state_name": "Bahia",
    "microregion": "Itapetinga",
    "mesoregion": "Centro Sul Baiano",
    "region": "Nordeste"
  },
  {
    "id": "2910503",
    "name": "Entre Rios",
    "state": "BA",
    "state_name": "Bahia",
    "microregion": "Entre Rios",
    "mesoregion": "Nordeste Baiano",
    "region": "Nordeste"
  },
  {
    "id": "2910602",
    "name": "Esplanada",
    "state": "BA",
    "state_name": "Bahia",
    "microregion": "Entre Rios",
    "mesoregion": "Nordeste Baiano",
    "region": "Nordeste"
  },
  {
    "id": "2910701",
    "name": "Euclides da Cunha",
    "state": "BA",
    "state_name": "Bahia",
    "microregion": "Euclides da Cunha",
    "mesoregion": "Nordeste Baiano",
    "region": "Nordeste"
  },
  {
    "id": "2910727",
    "name": "Eunápolis",
    "state": "BA",
    "state_name": "Bahia",
    "microregion": "Porto Seguro",
    "mesoregion": "Sul Baiano",
    "region": "Nordeste"
  },
  {
    "id": "2910750",
    "name": "Fátima",
    "state": "BA",
    "state_name": "Bahia",
    "microregion": "Ribeira do Pombal",
    "mesoregion": "Nordeste Baiano",
    "region": "Nordeste"
  },
  {
    "id": "2910776",
    "name": "Feira da Mata",
    "state": "BA",
    "state_name": "Bahia",
    "microregion": "Bom Jesus da Lapa",
    "mesoregion": "Vale São-Franciscano da Bahia",
    "region": "Nordeste"
  },
  {
    "id": "2910800",
    "name": "Feira de Santana",
    "state": "BA",
    "state_name": "Bahia",
    "microregion": "Feira de Santana",
    "mesoregion": "Centro Norte Baiano",
    "region": "Nordeste"
  },
  {
    "id": "2910859",
    "name": "Filadélfia",
    "state": "BA",
    "state_name": "Bahia",
    "microregion": "Senhor do Bonfim",
    "mesoregion": "Centro Norte Baiano",
    "region": "Nordeste"
  },
  {
    "id": "2910909",
    "name": "Firmino Alves",
    "state": "BA",
    "state_name": "Bahia",
    "microregion": "Ilhéus-Itabuna",
    "mesoregion": "Sul Baiano",
    "region": "Nordeste"
  },
  {
    "id": "2911006",
    "name": "Floresta Azul",
    "state": "BA",
    "state_name": "Bahia",
    "microregion": "Ilhéus-Itabuna",
    "mesoregion": "Sul Baiano",
    "region": "Nordeste"
  },
  {
    "id": "2911105",
    "name": "Formosa do Rio Preto",
    "state": "BA",
    "state_name": "Bahia",
    "microregion": "Barreiras",
    "mesoregion": "Extremo Oeste Baiano",
    "region": "Nordeste"
  },
  {
    "id": "2911204",
    "name": "Gandu",
    "state": "BA",
    "state_name": "Bahia",
    "microregion": "Ilhéus-Itabuna",
    "mesoregion": "Sul Baiano",
    "region": "Nordeste"
  },
  {
    "id": "2911253",
    "name": "Gavião",
    "state": "BA",
    "state_name": "Bahia",
    "microregion": "Serrinha",
    "mesoregion": "Nordeste Baiano",
    "region": "Nordeste"
  },
  {
    "id": "2911303",
    "name": "Gentio do Ouro",
    "state": "BA",
    "state_name": "Bahia",
    "microregion": "Irecê",
    "mesoregion": "Centro Norte Baiano",
    "region": "Nordeste"
  },
  {
    "id": "2911402",
    "name": "Glória",
    "state": "BA",
    "state_name": "Bahia",
    "microregion": "Paulo Afonso",
    "mesoregion": "Vale São-Franciscano da Bahia",
    "region": "Nordeste"
  },
  {
    "id": "2911501",
    "name": "Gongogi",
    "state": "BA",
    "state_name": "Bahia",
    "microregion": "Ilhéus-Itabuna",
    "mesoregion": "Sul Baiano",
    "region": "Nordeste"
  },
  {
    "id": "2911600",
    "name": "Governador Mangabeira",
    "state": "BA",
    "state_name": "Bahia",
    "microregion": "Santo Antônio de Jesus",
    "mesoregion": "Metropolitana de Salvador",
    "region": "Nordeste"
  },
  {
    "id": "2911659",
    "name": "Guajeru",
    "state": "BA",
    "state_name": "Bahia",
    "microregion": "Brumado",
    "mesoregion": "Centro Sul Baiano",
    "region": "Nordeste"
  },
  {
    "id": "2911709",
    "name": "Guanambi",
    "state": "BA",
    "state_name": "Bahia",
    "microregion": "Guanambi",
    "mesoregion": "Centro Sul Baiano",
    "region": "Nordeste"
  },
  {
    "id": "2911808",
    "name": "Guaratinga",
    "state": "BA",
    "state_name": "Bahia",
    "microregion": "Porto Seguro",
    "mesoregion": "Sul Baiano",
    "region": "Nordeste"
  },
  {
    "id": "2911857",
    "name": "Heliópolis",
    "state": "BA",
    "state_name": "Bahia",
    "microregion": "Ribeira do Pombal",
    "mesoregion": "Nordeste Baiano",
    "region": "Nordeste"
  },
  {
    "id": "2911907",
    "name": "Iaçu",
    "state": "BA",
    "state_name": "Bahia",
    "microregion": "Itaberaba",
    "mesoregion": "Centro Norte Baiano",
    "region": "Nordeste"
  },
  {
    "id": "2912004",
    "name": "Ibiassucê",
    "state": "BA",
    "state_name": "Bahia",
    "microregion": "Guanambi",
    "mesoregion": "Centro Sul Baiano",
    "region": "Nordeste"
  },
  {
    "id": "2912103",
    "name": "Ibicaraí",
    "state": "BA",
    "state_name": "Bahia",
    "microregion": "Ilhéus-Itabuna",
    "mesoregion": "Sul Baiano",
    "region": "Nordeste"
  },
  {
    "id": "2912202",
    "name": "Ibicoara",
    "state": "BA",
    "state_name": "Bahia",
    "microregion": "Seabra",
    "mesoregion": "Centro Sul Baiano",
    "region": "Nordeste"
  },
  {
    "id": "2912301",
    "name": "Ibicuí",
    "state": "BA",
    "state_name": "Bahia",
    "microregion": "Vitória da Conquista",
    "mesoregion": "Centro Sul Baiano",
    "region": "Nordeste"
  },
  {
    "id": "2912400",
    "name": "Ibipeba",
    "state": "BA",
    "state_name": "Bahia",
    "microregion": "Irecê",
    "mesoregion": "Centro Norte Baiano",
    "region": "Nordeste"
  },
  {
    "id": "2912509",
    "name": "Ibipitanga",
    "state": "BA",
    "state_name": "Bahia",
    "microregion": "Boquira",
    "mesoregion": "Centro Sul Baiano",
    "region": "Nordeste"
  },
  {
    "id": "2912608",
    "name": "Ibiquera",
    "state": "BA",
    "state_name": "Bahia",
    "microregion": "Itaberaba",
    "mesoregion": "Centro Norte Baiano",
    "region": "Nordeste"
  },
  {
    "id": "2912707",
    "name": "Ibirapitanga",
    "state": "BA",
    "state_name": "Bahia",
    "microregion": "Ilhéus-Itabuna",
    "mesoregion": "Sul Baiano",
    "region": "Nordeste"
  },
  {
    "id": "2912806",
    "name": "Ibirapuã",
    "state": "BA",
    "state_name": "Bahia",
    "microregion": "Porto Seguro",
    "mesoregion": "Sul Baiano",
    "region": "Nordeste"
  },
  {
    "id": "2912905",
    "name": "Ibirataia",
    "state": "BA",
    "state_name": "Bahia",
    "microregion": "Ilhéus-Itabuna",
    "mesoregion": "Sul Baiano",
    "region": "Nordeste"
  },
  {
    "id": "2913002",
    "name": "Ibitiara",
    "state": "BA",
    "state_name": "Bahia",
    "microregion": "Boquira",
    "mesoregion": "Centro Sul Baiano",
    "region": "Nordeste"
  },
  {
    "id": "2913101",
    "name": "Ibititá",
    "state": "BA",
    "state_name": "Bahia",
    "microregion": "Irecê",
    "mesoregion": "Centro Norte Baiano",
    "region": "Nordeste"
  },
  {
    "id": "2913200",
    "name": "Ibotirama",
    "state": "BA",
    "state_name": "Bahia",
    "microregion": "Barra",
    "mesoregion": "Vale São-Franciscano da Bahia",
    "region": "Nordeste"
  },
  {
    "id": "2913309",
    "name": "Ichu",
    "state": "BA",
    "state_name": "Bahia",
    "microregion": "Serrinha",
    "mesoregion": "Nordeste Baiano",
    "region": "Nordeste"
  },
  {
    "id": "2913408",
    "name": "Igaporã",
    "state": "BA",
    "state_name": "Bahia",
    "microregion": "Guanambi",
    "mesoregion": "Centro Sul Baiano",
    "region": "Nordeste"
  },
  {
    "id": "2913457",
    "name": "Igrapiúna",
    "state": "BA",
    "state_name": "Bahia",
    "microregion": "Valença",
    "mesoregion": "Sul Baiano",
    "region": "Nordeste"
  },
  {
    "id": "2913507",
    "name": "Iguaí",
    "state": "BA",
    "state_name": "Bahia",
    "microregion": "Vitória da Conquista",
    "mesoregion": "Centro Sul Baiano",
    "region": "Nordeste"
  },
  {
    "id": "2913606",
    "name": "Ilhéus",
    "state": "BA",
    "state_name": "Bahia",
    "microregion": "Ilhéus-Itabuna",
    "mesoregion": "Sul Baiano",
    "region": "Nordeste"
  },
  {
    "id": "2913705",
    "name": "Inhambupe",
    "state": "BA",
    "state_name": "Bahia",
    "microregion": "Alagoinhas",
    "mesoregion": "Nordeste Baiano",
    "region": "Nordeste"
  },
  {
    "id": "2913804",
    "name": "Ipecaetá",
    "state": "BA",
    "state_name": "Bahia",
    "microregion": "Feira de Santana",
    "mesoregion": "Centro Norte Baiano",
    "region": "Nordeste"
  },
  {
    "id": "2913903",
    "name": "Ipiaú",
    "state": "BA",
    "state_name": "Bahia",
    "microregion": "Ilhéus-Itabuna",
    "mesoregion": "Sul Baiano",
    "region": "Nordeste"
  },
  {
    "id": "2914000",
    "name": "Ipirá",
    "state": "BA",
    "state_name": "Bahia",
    "microregion": "Feira de Santana",
    "mesoregion": "Centro Norte Baiano",
    "region": "Nordeste"
  },
  {
    "id": "2914109",
    "name": "Ipupiara",
    "state": "BA",
    "state_name": "Bahia",
    "microregion": "Boquira",
    "mesoregion": "Centro Sul Baiano",
    "region": "Nordeste"
  },
  {
    "id": "2914208",
    "name": "Irajuba",
    "state": "BA",
    "state_name": "Bahia",
    "microregion": "Jequié",
    "mesoregion": "Centro Sul Baiano",
    "region": "Nordeste"
  },
  {
    "id": "2914307",
    "name": "Iramaia",
    "state": "BA",
    "state_name": "Bahia",
    "microregion": "Jequié",
    "mesoregion": "Centro Sul Baiano",
    "region": "Nordeste"
  },
  {
    "id": "2914406",
    "name": "Iraquara",
    "state": "BA",
    "state_name": "Bahia",
    "microregion": "Irecê",
    "mesoregion": "Centro Norte Baiano",
    "region": "Nordeste"
  },
  {
    "id": "2914505",
    "name": "Irará",
    "state": "BA",
    "state_name": "Bahia",
    "microregion": "Feira de Santana",
    "mesoregion": "Centro Norte Baiano",
    "region": "Nordeste"
  },
  {
    "id": "2914604",
    "name": "Irecê",
    "state": "BA",
    "state_name": "Bahia",
    "microregion": "Irecê",
    "mesoregion": "Centro Norte Baiano",
    "region": "Nordeste"
  },
  {
    "id": "2914653",
    "name": "Itabela",
    "state": "BA",
    "state_name": "Bahia",
    "microregion": "Porto Seguro",
    "mesoregion": "Sul Baiano",
    "region": "Nordeste"
  },
  {
    "id": "2914703",
    "name": "Itaberaba",
    "state": "BA",
    "state_name": "Bahia",
    "microregion": "Itaberaba",
    "mesoregion": "Centro Norte Baiano",
    "region": "Nordeste"
  },
  {
    "id": "2914802",
    "name": "Itabuna",
    "state": "BA",
    "state_name": "Bahia",
    "microregion": "Ilhéus-Itabuna",
    "mesoregion": "Sul Baiano",
    "region": "Nordeste"
  },
  {
    "id": "2914901",
    "name": "Itacaré",
    "state": "BA",
    "state_name": "Bahia",
    "microregion": "Ilhéus-Itabuna",
    "mesoregion": "Sul Baiano",
    "region": "Nordeste"
  },
  {
    "id": "2915007",
    "name": "Itaeté",
    "state": "BA",
    "state_name": "Bahia",
    "microregion": "Seabra",
    "mesoregion": "Centro Sul Baiano",
    "region": "Nordeste"
  },
  {
    "id": "2915106",
    "name": "Itagi",
    "state": "BA",
    "state_name": "Bahia",
    "microregion": "Jequié",
    "mesoregion": "Centro Sul Baiano",
    "region": "Nordeste"
  },
  {
    "id": "2915205",
    "name": "Itagibá",
    "state": "BA",
    "state_name": "Bahia",
    "microregion": "Ilhéus-Itabuna",
    "mesoregion": "Sul Baiano",
    "region": "Nordeste"
  },
  {
    "id": "2915304",
    "name": "Itagimirim",
    "state": "BA",
    "state_name": "Bahia",
    "microregion": "Porto Seguro",
    "mesoregion": "Sul Baiano",
    "region": "Nordeste"
  },
  {
    "id": "2915353",
    "name": "Itaguaçu da Bahia",
    "state": "BA",
    "state_name": "Bahia",
    "microregion": "Barra",
    "mesoregion": "Vale São-Franciscano da Bahia",
    "region": "Nordeste"
  },
  {
    "id": "2915403",
    "name": "Itaju do Colônia",
    "state": "BA",
    "state_name": "Bahia",
    "microregion": "Ilhéus-Itabuna",
    "mesoregion": "Sul Baiano",
    "region": "Nordeste"
  },
  {
    "id": "2915502",
    "name": "Itajuípe",
    "state": "BA",
    "state_name": "Bahia",
    "microregion": "Ilhéus-Itabuna",
    "mesoregion": "Sul Baiano",
    "region": "Nordeste"
  },
  {
    "id": "2915601",
    "name": "Itamaraju",
    "state": "BA",
    "state_name": "Bahia",
    "microregion": "Porto Seguro",
    "mesoregion": "Sul Baiano",
    "region": "Nordeste"
  },
  {
    "id": "2915700",
    "name": "Itamari",
    "state": "BA",
    "state_name": "Bahia",
    "microregion": "Ilhéus-Itabuna",
    "mesoregion": "Sul Baiano",
    "region": "Nordeste"
  },
  {
    "id": "2915809",
    "name": "Itambé",
    "state": "BA",
    "state_name": "Bahia",
    "microregion": "Itapetinga",
    "mesoregion": "Centro Sul Baiano",
    "region": "Nordeste"
  },
  {
    "id": "2915908",
    "name": "Itanagra",
    "state": "BA",
    "state_name": "Bahia",
    "microregion": "Catu",
    "mesoregion": "Metropolitana de Salvador",
    "region": "Nordeste"
  },
  {
    "id": "2916005",
    "name": "Itanhém",
    "state": "BA",
    "state_name": "Bahia",
    "microregion": "Porto Seguro",
    "mesoregion": "Sul Baiano",
    "region": "Nordeste"
  },
  {
    "id": "2916104",
    "name": "Itaparica",
    "state": "BA",
    "state_name": "Bahia",
    "microregion": "Salvador",
    "mesoregion": "Metropolitana de Salvador",
    "region": "Nordeste"
  },
  {
    "id": "2916203",
    "name": "Itapé",
    "state": "BA",
    "state_name": "Bahia",
    "microregion": "Ilhéus-Itabuna",
    "mesoregion": "Sul Baiano",
    "region": "Nordeste"
  },
  {
    "id": "2916302",
    "name": "Itapebi",
    "state": "BA",
    "state_name": "Bahia",
    "microregion": "Ilhéus-Itabuna",
    "mesoregion": "Sul Baiano",
    "region": "Nordeste"
  },
  {
    "id": "2916401",
    "name": "Itapetinga",
    "state": "BA",
    "state_name": "Bahia",
    "microregion": "Itapetinga",
    "mesoregion": "Centro Sul Baiano",
    "region": "Nordeste"
  },
  {
    "id": "2916500",
    "name": "Itapicuru",
    "state": "BA",
    "state_name": "Bahia",
    "microregion": "Ribeira do Pombal",
    "mesoregion": "Nordeste Baiano",
    "region": "Nordeste"
  },
  {
    "id": "2916609",
    "name": "Itapitanga",
    "state": "BA",
    "state_name": "Bahia",
    "microregion": "Ilhéus-Itabuna",
    "mesoregion": "Sul Baiano",
    "region": "Nordeste"
  },
  {
    "id": "2916708",
    "name": "Itaquara",
    "state": "BA",
    "state_name": "Bahia",
    "microregion": "Jequié",
    "mesoregion": "Centro Sul Baiano",
    "region": "Nordeste"
  },
  {
    "id": "2916807",
    "name": "Itarantim",
    "state": "BA",
    "state_name": "Bahia",
    "microregion": "Itapetinga",
    "mesoregion": "Centro Sul Baiano",
    "region": "Nordeste"
  },
  {
    "id": "2916856",
    "name": "Itatim",
    "state": "BA",
    "state_name": "Bahia",
    "microregion": "Feira de Santana",
    "mesoregion": "Centro Norte Baiano",
    "region": "Nordeste"
  },
  {
    "id": "2916906",
    "name": "Itiruçu",
    "state": "BA",
    "state_name": "Bahia",
    "microregion": "Jequié",
    "mesoregion": "Centro Sul Baiano",
    "region": "Nordeste"
  },
  {
    "id": "2917003",
    "name": "Itiúba",
    "state": "BA",
    "state_name": "Bahia",
    "microregion": "Senhor do Bonfim",
    "mesoregion": "Centro Norte Baiano",
    "region": "Nordeste"
  },
  {
    "id": "2917102",
    "name": "Itororó",
    "state": "BA",
    "state_name": "Bahia",
    "microregion": "Itapetinga",
    "mesoregion": "Centro Sul Baiano",
    "region": "Nordeste"
  },
  {
    "id": "2917201",
    "name": "Ituaçu",
    "state": "BA",
    "state_name": "Bahia",
    "microregion": "Brumado",
    "mesoregion": "Centro Sul Baiano",
    "region": "Nordeste"
  },
  {
    "id": "2917300",
    "name": "Ituberá",
    "state": "BA",
    "state_name": "Bahia",
    "microregion": "Valença",
    "mesoregion": "Sul Baiano",
    "region": "Nordeste"
  },
  {
    "id": "2917334",
    "name": "Iuiu",
    "state": "BA",
    "state_name": "Bahia",
    "microregion": "Guanambi",
    "mesoregion": "Centro Sul Baiano",
    "region": "Nordeste"
  },
  {
    "id": "2917359",
    "name": "Jaborandi",
    "state": "BA",
    "state_name": "Bahia",
    "microregion": "Santa Maria da Vitória",
    "mesoregion": "Extremo Oeste Baiano",
    "region": "Nordeste"
  },
  {
    "id": "2917409",
    "name": "Jacaraci",
    "state": "BA",
    "state_name": "Bahia",
    "microregion": "Guanambi",
    "mesoregion": "Centro Sul Baiano",
    "region": "Nordeste"
  },
  {
    "id": "2917508",
    "name": "Jacobina",
    "state": "BA",
    "state_name": "Bahia",
    "microregion": "Jacobina",
    "mesoregion": "Centro Norte Baiano",
    "region": "Nordeste"
  },
  {
    "id": "2917607",
    "name": "Jaguaquara",
    "state": "BA",
    "state_name": "Bahia",
    "microregion": "Jequié",
    "mesoregion": "Centro Sul Baiano",
    "region": "Nordeste"
  },
  {
    "id": "2917706",
    "name": "Jaguarari",
    "state": "BA",
    "state_name": "Bahia",
    "microregion": "Senhor do Bonfim",
    "mesoregion": "Centro Norte Baiano",
    "region": "Nordeste"
  },
  {
    "id": "2917805",
    "name": "Jaguaripe",
    "state": "BA",
    "state_name": "Bahia",
    "microregion": "Santo Antônio de Jesus",
    "mesoregion": "Metropolitana de Salvador",
    "region": "Nordeste"
  },
  {
    "id": "2917904",
    "name": "Jandaíra",
    "state": "BA",
    "state_name": "Bahia",
    "microregion": "Entre Rios",
    "mesoregion": "Nordeste Baiano",
    "region": "Nordeste"
  },
  {
    "id": "2918001",
    "name": "Jequié",
    "state": "BA",
    "state_name": "Bahia",
    "microregion": "Jequié",
    "mesoregion": "Centro Sul Baiano",
    "region": "Nordeste"
  },
  {
    "id": "2918100",
    "name": "Jeremoabo",
    "state": "BA",
    "state_name": "Bahia",
    "microregion": "Jeremoabo",
    "mesoregion": "Nordeste Baiano",
    "region": "Nordeste"
  },
  {
    "id": "2918209",
    "name": "Jiquiriçá",
    "state": "BA",
    "state_name": "Bahia",
    "microregion": "Jequié",
    "mesoregion": "Centro Sul Baiano",
    "region": "Nordeste"
  },
  {
    "id": "2918308",
    "name": "Jitaúna",
    "state": "BA",
    "state_name": "Bahia",
    "microregion": "Jequié",
    "mesoregion": "Centro Sul Baiano",
    "region": "Nordeste"
  },
  {
    "id": "2918357",
    "name": "João Dourado",
    "state": "BA",
    "state_name": "Bahia",
    "microregion": "Irecê",
    "mesoregion": "Centro Norte Baiano",
    "region": "Nordeste"
  },
  {
    "id": "2918407",
    "name": "Juazeiro",
    "state": "BA",
    "state_name": "Bahia",
    "microregion": "Juazeiro",
    "mesoregion": "Vale São-Franciscano da Bahia",
    "region": "Nordeste"
  },
  {
    "id": "2918456",
    "name": "Jucuruçu",
    "state": "BA",
    "state_name": "Bahia",
    "microregion": "Porto Seguro",
    "mesoregion": "Sul Baiano",
    "region": "Nordeste"
  },
  {
    "id": "2918506",
    "name": "Jussara",
    "state": "BA",
    "state_name": "Bahia",
    "microregion": "Irecê",
    "mesoregion": "Centro Norte Baiano",
    "region": "Nordeste"
  },
  {
    "id": "2918555",
    "name": "Jussari",
    "state": "BA",
    "state_name": "Bahia",
    "microregion": "Ilhéus-Itabuna",
    "mesoregion": "Sul Baiano",
    "region": "Nordeste"
  },
  {
    "id": "2918605",
    "name": "Jussiape",
    "state": "BA",
    "state_name": "Bahia",
    "microregion": "Seabra",
    "mesoregion": "Centro Sul Baiano",
    "region": "Nordeste"
  },
  {
    "id": "2918704",
    "name": "Lafaiete Coutinho",
    "state": "BA",
    "state_name": "Bahia",
    "microregion": "Jequié",
    "mesoregion": "Centro Sul Baiano",
    "region": "Nordeste"
  },
  {
    "id": "2918753",
    "name": "Lagoa Real",
    "state": "BA",
    "state_name": "Bahia",
    "microregion": "Guanambi",
    "mesoregion": "Centro Sul Baiano",
    "region": "Nordeste"
  },
  {
    "id": "2918803",
    "name": "Laje",
    "state": "BA",
    "state_name": "Bahia",
    "microregion": "Jequié",
    "mesoregion": "Centro Sul Baiano",
    "region": "Nordeste"
  },
  {
    "id": "2918902",
    "name": "Lajedão",
    "state": "BA",
    "state_name": "Bahia",
    "microregion": "Porto Seguro",
    "mesoregion": "Sul Baiano",
    "region": "Nordeste"
  },
  {
    "id": "2919009",
    "name": "Lajedinho",
    "state": "BA",
    "state_name": "Bahia",
    "microregion": "Itaberaba",
    "mesoregion": "Centro Norte Baiano",
    "region": "Nordeste"
  },
  {
    "id": "2919058",
    "name": "Lajedo do Tabocal",
    "state": "BA",
    "state_name": "Bahia",
    "microregion": "Jequié",
    "mesoregion": "Centro Sul Baiano",
    "region": "Nordeste"
  },
  {
    "id": "2919108",
    "name": "Lamarão",
    "state": "BA",
    "state_name": "Bahia",
    "microregion": "Serrinha",
    "mesoregion": "Nordeste Baiano",
    "region": "Nordeste"
  },
  {
    "id": "2919157",
    "name": "Lapão",
    "state": "BA",
    "state_name": "Bahia",
    "microregion": "Irecê",
    "mesoregion": "Centro Norte Baiano",
    "region": "Nordeste"
  },
  {
    "id": "2919207",
    "name": "Lauro de Freitas",
    "state": "BA",
    "state_name": "Bahia",
    "microregion": "Salvador",
    "mesoregion": "Metropolitana de Salvador",
    "region": "Nordeste"
  },
  {
    "id": "2919306",
    "name": "Lençóis",
    "state": "BA",
    "state_name": "Bahia",
    "microregion": "Seabra",
    "mesoregion": "Centro Sul Baiano",
    "region": "Nordeste"
  },
  {
    "id": "2919405",
    "name": "Licínio de Almeida",
    "state": "BA",
    "state_name": "Bahia",
    "microregion": "Guanambi",
    "mesoregion": "Centro Sul Baiano",
    "region": "Nordeste"
  },
  {
    "id": "2919504",
    "name": "Livramento de Nossa Senhora",
    "state": "BA",
    "state_name": "Bahia",
    "microregion": "Livramento do Brumado",
    "mesoregion": "Centro Sul Baiano",
    "region": "Nordeste"
  },
  {
    "id": "2919553",
    "name": "Luís Eduardo Magalhães",
    "state": "BA",
    "state_name": "Bahia",
    "microregion": "Barreiras",
    "mesoregion": "Extremo Oeste Baiano",
    "region": "Nordeste"
  },
  {
    "id": "2919603",
    "name": "Macajuba",
    "state": "BA",
    "state_name": "Bahia",
    "microregion": "Itaberaba",
    "mesoregion": "Centro Norte Baiano",
    "region": "Nordeste"
  },
  {
    "id": "2919702",
    "name": "Macarani",
    "state": "BA",
    "state_name": "Bahia",
    "microregion": "Itapetinga",
    "mesoregion": "Centro Sul Baiano",
    "region": "Nordeste"
  },
  {
    "id": "2919801",
    "name": "Macaúbas",
    "state": "BA",
    "state_name": "Bahia",
    "microregion": "Boquira",
    "mesoregion": "Centro Sul Baiano",
    "region": "Nordeste"
  },
  {
    "id": "2919900",
    "name": "Macururé",
    "state": "BA",
    "state_name": "Bahia",
    "microregion": "Paulo Afonso",
    "mesoregion": "Vale São-Franciscano da Bahia",
    "region": "Nordeste"
  },
  {
    "id": "2919926",
    "name": "Madre de Deus",
    "state": "BA",
    "state_name": "Bahia",
    "microregion": "Salvador",
    "mesoregion": "Metropolitana de Salvador",
    "region": "Nordeste"
  },
  {
    "id": "2919959",
    "name": "Maetinga",
    "state": "BA",
    "state_name": "Bahia",
    "microregion": "Brumado",
    "mesoregion": "Centro Sul Baiano",
    "region": "Nordeste"
  },
  {
    "id": "2920007",
    "name": "Maiquinique",
    "state": "BA",
    "state_name": "Bahia",
    "microregion": "Itapetinga",
    "mesoregion": "Centro Sul Baiano",
    "region": "Nordeste"
  },
  {
    "id": "2920106",
    "name": "Mairi",
    "state": "BA",
    "state_name": "Bahia",
    "microregion": "Itaberaba",
    "mesoregion": "Centro Norte Baiano",
    "region": "Nordeste"
  },
  {
    "id": "2920205",
    "name": "Malhada",
    "state": "BA",
    "state_name": "Bahia",
    "microregion": "Guanambi",
    "mesoregion": "Centro Sul Baiano",
    "region": "Nordeste"
  },
  {
    "id": "2920304",
    "name": "Malhada de Pedras",
    "state": "BA",
    "state_name": "Bahia",
    "microregion": "Brumado",
    "mesoregion": "Centro Sul Baiano",
    "region": "Nordeste"
  },
  {
    "id": "2920403",
    "name": "Manoel Vitorino",
    "state": "BA",
    "state_name": "Bahia",
    "microregion": "Vitória da Conquista",
    "mesoregion": "Centro Sul Baiano",
    "region": "Nordeste"
  },
  {
    "id": "2920452",
    "name": "Mansidão",
    "state": "BA",
    "state_name": "Bahia",
    "microregion": "Cotegipe",
    "mesoregion": "Extremo Oeste Baiano",
    "region": "Nordeste"
  },
  {
    "id": "2920502",
    "name": "Maracás",
    "state": "BA",
    "state_name": "Bahia",
    "microregion": "Jequié",
    "mesoregion": "Centro Sul Baiano",
    "region": "Nordeste"
  },
  {
    "id": "2920601",
    "name": "Maragogipe",
    "state": "BA",
    "state_name": "Bahia",
    "microregion": "Santo Antônio de Jesus",
    "mesoregion": "Metropolitana de Salvador",
    "region": "Nordeste"
  },
  {
    "id": "2920700",
    "name": "Maraú",
    "state": "BA",
    "state_name": "Bahia",
    "microregion": "Valença",
    "mesoregion": "Sul Baiano",
    "region": "Nordeste"
  },
  {
    "id": "2920809",
    "name": "Marcionílio Souza",
    "state": "BA",
    "state_name": "Bahia",
    "microregion": "Jequié",
    "mesoregion": "Centro Sul Baiano",
    "region": "Nordeste"
  },
  {
    "id": "2920908",
    "name": "Mascote",
    "state": "BA",
    "state_name": "Bahia",
    "microregion": "Ilhéus-Itabuna",
    "mesoregion": "Sul Baiano",
    "region": "Nordeste"
  },
  {
    "id": "2921005",
    "name": "Mata de São João",
    "state": "BA",
    "state_name": "Bahia",
    "microregion": "Catu",
    "mesoregion": "Metropolitana de Salvador",
    "region": "Nordeste"
  },
  {
    "id": "2921054",
    "name": "Matina",
    "state": "BA",
    "state_name": "Bahia",
    "microregion": "Guanambi",
    "mesoregion": "Centro Sul Baiano",
    "region": "Nordeste"
  },
  {
    "id": "2921104",
    "name": "Medeiros Neto",
    "state": "BA",
    "state_name": "Bahia",
    "microregion": "Porto Seguro",
    "mesoregion": "Sul Baiano",
    "region": "Nordeste"
  },
  {
    "id": "2921203",
    "name": "Miguel Calmon",
    "state": "BA",
    "state_name": "Bahia",
    "microregion": "Jacobina",
    "mesoregion": "Centro Norte Baiano",
    "region": "Nordeste"
  },
  {
    "id": "2921302",
    "name": "Milagres",
    "state": "BA",
    "state_name": "Bahia",
    "microregion": "Jequié",
    "mesoregion": "Centro Sul Baiano",
    "region": "Nordeste"
  },
  {
    "id": "2921401",
    "name": "Mirangaba",
    "state": "BA",
    "state_name": "Bahia",
    "microregion": "Jacobina",
    "mesoregion": "Centro Norte Baiano",
    "region": "Nordeste"
  },
  {
    "id": "2921450",
    "name": "Mirante",
    "state": "BA",
    "state_name": "Bahia",
    "microregion": "Vitória da Conquista",
    "mesoregion": "Centro Sul Baiano",
    "region": "Nordeste"
  },
  {
    "id": "2921500",
    "name": "Monte Santo",
    "state": "BA",
    "state_name": "Bahia",
    "microregion": "Euclides da Cunha",
    "mesoregion": "Nordeste Baiano",
    "region": "Nordeste"
  },
  {
    "id": "2921609",
    "name": "Morpará",
    "state": "BA",
    "state_name": "Bahia",
    "microregion": "Barra",
    "mesoregion": "Vale São-Franciscano da Bahia",
    "region": "Nordeste"
  },
  {
    "id": "2921708",
    "name": "Morro do Chapéu",
    "state": "BA",
    "state_name": "Bahia",
    "microregion": "Jacobina",
    "mesoregion": "Centro Norte Baiano",
    "region": "Nordeste"
  },
  {
    "id": "2921807",
    "name": "Mortugaba",
    "state": "BA",
    "state_name": "Bahia",
    "microregion": "Guanambi",
    "mesoregion": "Centro Sul Baiano",
    "region": "Nordeste"
  },
  {
    "id": "2921906",
    "name": "Mucugê",
    "state": "BA",
    "state_name": "Bahia",
    "microregion": "Seabra",
    "mesoregion": "Centro Sul Baiano",
    "region": "Nordeste"
  },
  {
    "id": "2922003",
    "name": "Mucuri",
    "state": "BA",
    "state_name": "Bahia",
    "microregion": "Porto Seguro",
    "mesoregion": "Sul Baiano",
    "region": "Nordeste"
  },
  {
    "id": "2922052",
    "name": "Mulungu do Morro",
    "state": "BA",
    "state_name": "Bahia",
    "microregion": "Irecê",
    "mesoregion": "Centro Norte Baiano",
    "region": "Nordeste"
  },
  {
    "id": "2922102",
    "name": "Mundo Novo",
    "state": "BA",
    "state_name": "Bahia",
    "microregion": "Itaberaba",
    "mesoregion": "Centro Norte Baiano",
    "region": "Nordeste"
  },
  {
    "id": "2922201",
    "name": "Muniz Ferreira",
    "state": "BA",
    "state_name": "Bahia",
    "microregion": "Santo Antônio de Jesus",
    "mesoregion": "Metropolitana de Salvador",
    "region": "Nordeste"
  },
  {
    "id": "2922250",
    "name": "Muquém do São Francisco",
    "state": "BA",
    "state_name": "Bahia",
    "microregion": "Barra",
    "mesoregion": "Vale São-Franciscano da Bahia",
    "region": "Nordeste"
  },
  {
    "id": "2922300",
    "name": "Muritiba",
    "state": "BA",
    "state_name": "Bahia",
    "microregion": "Santo Antônio de Jesus",
    "mesoregion": "Metropolitana de Salvador",
    "region": "Nordeste"
  },
  {
    "id": "2922409",
    "name": "Mutuípe",
    "state": "BA",
    "state_name": "Bahia",
    "microregion": "Jequié",
    "mesoregion": "Centro Sul Baiano",
    "region": "Nordeste"
  },
  {
    "id": "2922508",
    "name": "Nazaré",
    "state": "BA",
    "state_name": "Bahia",
    "microregion": "Santo Antônio de Jesus",
    "mesoregion": "Metropolitana de Salvador",
    "region": "Nordeste"
  },
  {
    "id": "2922607",
    "name": "Nilo Peçanha",
    "state": "BA",
    "state_name": "Bahia",
    "microregion": "Valença",
    "mesoregion": "Sul Baiano",
    "region": "Nordeste"
  },
  {
    "id": "2922656",
    "name": "Nordestina",
    "state": "BA",
    "state_name": "Bahia",
    "microregion": "Euclides da Cunha",
    "mesoregion": "Nordeste Baiano",
    "region": "Nordeste"
  },
  {
    "id": "2922706",
    "name": "Nova Canaã",
    "state": "BA",
    "state_name": "Bahia",
    "microregion": "Vitória da Conquista",
    "mesoregion": "Centro Sul Baiano",
    "region": "Nordeste"
  },
  {
    "id": "2922730",
    "name": "Nova Fátima",
    "state": "BA",
    "state_name": "Bahia",
    "microregion": "Serrinha",
    "mesoregion": "Nordeste Baiano",
    "region": "Nordeste"
  },
  {
    "id": "2922755",
    "name": "Nova Ibiá",
    "state": "BA",
    "state_name": "Bahia",
    "microregion": "Ilhéus-Itabuna",
    "mesoregion": "Sul Baiano",
    "region": "Nordeste"
  },
  {
    "id": "2922805",
    "name": "Nova Itarana",
    "state": "BA",
    "state_name": "Bahia",
    "microregion": "Jequié",
    "mesoregion": "Centro Sul Baiano",
    "region": "Nordeste"
  },
  {
    "id": "2922854",
    "name": "Nova Redenção",
    "state": "BA",
    "state_name": "Bahia",
    "microregion": "Seabra",
    "mesoregion": "Centro Sul Baiano",
    "region": "Nordeste"
  },
  {
    "id": "2922904",
    "name": "Nova Soure",
    "state": "BA",
    "state_name": "Bahia",
    "microregion": "Ribeira do Pombal",
    "mesoregion": "Nordeste Baiano",
    "region": "Nordeste"
  },
  {
    "id": "2923001",
    "name": "Nova Viçosa",
    "state": "BA",
    "state_name": "Bahia",
    "microregion": "Porto Seguro",
    "mesoregion": "Sul Baiano",
    "region": "Nordeste"
  },
  {
    "id": "2923035",
    "name": "Novo Horizonte",
    "state": "BA",
    "state_name": "Bahia",
    "microregion": "Boquira",
    "mesoregion": "Centro Sul Baiano",
    "region": "Nordeste"
  },
  {
    "id": "2923050",
    "name": "Novo Triunfo",
    "state": "BA",
    "state_name": "Bahia",
    "microregion": "Ribeira do Pombal",
    "mesoregion": "Nordeste Baiano",
    "region": "Nordeste"
  },
  {
    "id": "2923100",
    "name": "Olindina",
    "state": "BA",
    "state_name": "Bahia",
    "microregion": "Ribeira do Pombal",
    "mesoregion": "Nordeste Baiano",
    "region": "Nordeste"
  },
  {
    "id": "2923209",
    "name": "Oliveira dos Brejinhos",
    "state": "BA",
    "state_name": "Bahia",
    "microregion": "Boquira",
    "mesoregion": "Centro Sul Baiano",
    "region": "Nordeste"
  },
  {
    "id": "2923308",
    "name": "Ouriçangas",
    "state": "BA",
    "state_name": "Bahia",
    "microregion": "Feira de Santana",
    "mesoregion": "Centro Norte Baiano",
    "region": "Nordeste"
  },
  {
    "id": "2923357",
    "name": "Ourolândia",
    "state": "BA",
    "state_name": "Bahia",
    "microregion": "Jacobina",
    "mesoregion": "Centro Norte Baiano",
    "region": "Nordeste"
  },
  {
    "id": "2923407",
    "name": "Palmas de Monte Alto",
    "state": "BA",
    "state_name": "Bahia",
    "microregion": "Guanambi",
    "mesoregion": "Centro Sul Baiano",
    "region": "Nordeste"
  },
  {
    "id": "2923506",
    "name": "Palmeiras",
    "state": "BA",
    "state_name": "Bahia",
    "microregion": "Seabra",
    "mesoregion": "Centro Sul Baiano",
    "region": "Nordeste"
  },
  {
    "id": "2923605",
    "name": "Paramirim",
    "state": "BA",
    "state_name": "Bahia",
    "microregion": "Livramento do Brumado",
    "mesoregion": "Centro Sul Baiano",
    "region": "Nordeste"
  },
  {
    "id": "2923704",
    "name": "Paratinga",
    "state": "BA",
    "state_name": "Bahia",
    "microregion": "Bom Jesus da Lapa",
    "mesoregion": "Vale São-Franciscano da Bahia",
    "region": "Nordeste"
  },
  {
    "id": "2923803",
    "name": "Paripiranga",
    "state": "BA",
    "state_name": "Bahia",
    "microregion": "Ribeira do Pombal",
    "mesoregion": "Nordeste Baiano",
    "region": "Nordeste"
  },
  {
    "id": "2923902",
    "name": "Pau Brasil",
    "state": "BA",
    "state_name": "Bahia",
    "microregion": "Ilhéus-Itabuna",
    "mesoregion": "Sul Baiano",
    "region": "Nordeste"
  },
  {
    "id": "2924009",
    "name": "Paulo Afonso",
    "state": "BA",
    "state_name": "Bahia",
    "microregion": "Paulo Afonso",
    "mesoregion": "Vale São-Franciscano da Bahia",
    "region": "Nordeste"
  },
  {
    "id": "2924058",
    "name": "Pé de Serra",
    "state": "BA",
    "state_name": "Bahia",
    "microregion": "Serrinha",
    "mesoregion": "Nordeste Baiano",
    "region": "Nordeste"
  },
  {
    "id": "2924108",
    "name": "Pedrão",
    "state": "BA",
    "state_name": "Bahia",
    "microregion": "Feira de Santana",
    "mesoregion": "Centro Norte Baiano",
    "region": "Nordeste"
  },
  {
    "id": "2924207",
    "name": "Pedro Alexandre",
    "state": "BA",
    "state_name": "Bahia",
    "microregion": "Jeremoabo",
    "mesoregion": "Nordeste Baiano",
    "region": "Nordeste"
  },
  {
    "id": "2924306",
    "name": "Piatã",
    "state": "BA",
    "state_name": "Bahia",
    "microregion": "Seabra",
    "mesoregion": "Centro Sul Baiano",
    "region": "Nordeste"
  },
  {
    "id": "2924405",
    "name": "Pilão Arcado",
    "state": "BA",
    "state_name": "Bahia",
    "microregion": "Juazeiro",
    "mesoregion": "Vale São-Franciscano da Bahia",
    "region": "Nordeste"
  },
  {
    "id": "2924504",
    "name": "Pindaí",
    "state": "BA",
    "state_name": "Bahia",
    "microregion": "Guanambi",
    "mesoregion": "Centro Sul Baiano",
    "region": "Nordeste"
  },
  {
    "id": "2924603",
    "name": "Pindobaçu",
    "state": "BA",
    "state_name": "Bahia",
    "microregion": "Senhor do Bonfim",
    "mesoregion": "Centro Norte Baiano",
    "region": "Nordeste"
  },
  {
    "id": "2924652",
    "name": "Pintadas",
    "state": "BA",
    "state_name": "Bahia",
    "microregion": "Feira de Santana",
    "mesoregion": "Centro Norte Baiano",
    "region": "Nordeste"
  },
  {
    "id": "2924678",
    "name": "Piraí do Norte",
    "state": "BA",
    "state_name": "Bahia",
    "microregion": "Valença",
    "mesoregion": "Sul Baiano",
    "region": "Nordeste"
  },
  {
    "id": "2924702",
    "name": "Piripá",
    "state": "BA",
    "state_name": "Bahia",
    "microregion": "Brumado",
    "mesoregion": "Centro Sul Baiano",
    "region": "Nordeste"
  },
  {
    "id": "2924801",
    "name": "Piritiba",
    "state": "BA",
    "state_name": "Bahia",
    "microregion": "Jacobina",
    "mesoregion": "Centro Norte Baiano",
    "region": "Nordeste"
  },
  {
    "id": "2924900",
    "name": "Planaltino",
    "state": "BA",
    "state_name": "Bahia",
    "microregion": "Jequié",
    "mesoregion": "Centro Sul Baiano",
    "region": "Nordeste"
  },
  {
    "id": "2925006",
    "name": "Planalto",
    "state": "BA",
    "state_name": "Bahia",
    "microregion": "Vitória da Conquista",
    "mesoregion": "Centro Sul Baiano",
    "region": "Nordeste"
  },
  {
    "id": "2925105",
    "name": "Poções",
    "state": "BA",
    "state_name": "Bahia",
    "microregion": "Vitória da Conquista",
    "mesoregion": "Centro Sul Baiano",
    "region": "Nordeste"
  },
  {
    "id": "2925204",
    "name": "Pojuca",
    "state": "BA",
    "state_name": "Bahia",
    "microregion": "Catu",
    "mesoregion": "Metropolitana de Salvador",
    "region": "Nordeste"
  },
  {
    "id": "2925253",
    "name": "Ponto Novo",
    "state": "BA",
    "state_name": "Bahia",
    "microregion": "Jacobina",
    "mesoregion": "Centro Norte Baiano",
    "region": "Nordeste"
  },
  {
    "id": "2925303",
    "name": "Porto Seguro",
    "state": "BA",
    "state_name": "Bahia",
    "microregion": "Porto Seguro",
    "mesoregion": "Sul Baiano",
    "region": "Nordeste"
  },
  {
    "id": "2925402",
    "name": "Potiraguá",
    "state": "BA",
    "state_name": "Bahia",
    "microregion": "Itapetinga",
    "mesoregion": "Centro Sul Baiano",
    "region": "Nordeste"
  },
  {
    "id": "2925501",
    "name": "Prado",
    "state": "BA",
    "state_name": "Bahia",
    "microregion": "Porto Seguro",
    "mesoregion": "Sul Baiano",
    "region": "Nordeste"
  },
  {
    "id": "2925600",
    "name": "Presidente Dutra",
    "state": "BA",
    "state_name": "Bahia",
    "microregion": "Irecê",
    "mesoregion": "Centro Norte Baiano",
    "region": "Nordeste"
  },
  {
    "id": "2925709",
    "name": "Presidente Jânio Quadros",
    "state": "BA",
    "state_name": "Bahia",
    "microregion": "Brumado",
    "mesoregion": "Centro Sul Baiano",
    "region": "Nordeste"
  },
  {
    "id": "2925758",
    "name": "Presidente Tancredo Neves",
    "state": "BA",
    "state_name": "Bahia",
    "microregion": "Valença",
    "mesoregion": "Sul Baiano",
    "region": "Nordeste"
  },
  {
    "id": "2925808",
    "name": "Queimadas",
    "state": "BA",
    "state_name": "Bahia",
    "microregion": "Euclides da Cunha",
    "mesoregion": "Nordeste Baiano",
    "region": "Nordeste"
  },
  {
    "id": "2925907",
    "name": "Quijingue",
    "state": "BA",
    "state_name": "Bahia",
    "microregion": "Euclides da Cunha",
    "mesoregion": "Nordeste Baiano",
    "region": "Nordeste"
  },
  {
    "id": "2925931",
    "name": "Quixabeira",
    "state": "BA",
    "state_name": "Bahia",
    "microregion": "Jacobina",
    "mesoregion": "Centro Norte Baiano",
    "region": "Nordeste"
  },
  {
    "id": "2925956",
    "name": "Rafael Jambeiro",
    "state": "BA",
    "state_name": "Bahia",
    "microregion": "Feira de Santana",
    "mesoregion": "Centro Norte Baiano",
    "region": "Nordeste"
  },
  {
    "id": "2926004",
    "name": "Remanso",
    "state": "BA",
    "state_name": "Bahia",
    "microregion": "Juazeiro",
    "mesoregion": "Vale São-Franciscano da Bahia",
    "region": "Nordeste"
  },
  {
    "id": "2926103",
    "name": "Retirolândia",
    "state": "BA",
    "state_name": "Bahia",
    "microregion": "Serrinha",
    "mesoregion": "Nordeste Baiano",
    "region": "Nordeste"
  },
  {
    "id": "2926202",
    "name": "Riachão das Neves",
    "state": "BA",
    "state_name": "Bahia",
    "microregion": "Barreiras",
    "mesoregion": "Extremo Oeste Baiano",
    "region": "Nordeste"
  },
  {
    "id": "2926301",
    "name": "Riachão do Jacuípe",
    "state": "BA",
    "state_name": "Bahia",
    "microregion": "Serrinha",
    "mesoregion": "Nordeste Baiano",
    "region": "Nordeste"
  },
  {
    "id": "2926400",
    "name": "Riacho de Santana",
    "state": "BA",
    "state_name": "Bahia",
    "microregion": "Guanambi",
    "mesoregion": "Centro Sul Baiano",
    "region": "Nordeste"
  },
  {
    "id": "2926509",
    "name": "Ribeira do Amparo",
    "state": "BA",
    "state_name": "Bahia",
    "microregion": "Ribeira do Pombal",
    "mesoregion": "Nordeste Baiano",
    "region": "Nordeste"
  },
  {
    "id": "2926608",
    "name": "Ribeira do Pombal",
    "state": "BA",
    "state_name": "Bahia",
    "microregion": "Ribeira do Pombal",
    "mesoregion": "Nordeste Baiano",
    "region": "Nordeste"
  },
  {
    "id": "2926657",
    "name": "Ribeirão do Largo",
    "state": "BA",
    "state_name": "Bahia",
    "microregion": "Itapetinga",
    "mesoregion": "Centro Sul Baiano",
    "region": "Nordeste"
  },
  {
    "id": "2926707",
    "name": "Rio de Contas",
    "state": "BA",
    "state_name": "Bahia",
    "microregion": "Seabra",
    "mesoregion": "Centro Sul Baiano",
    "region": "Nordeste"
  },
  {
    "id": "2926806",
    "name": "Rio do Antônio",
    "state": "BA",
    "state_name": "Bahia",
    "microregion": "Brumado",
    "mesoregion": "Centro Sul Baiano",
    "region": "Nordeste"
  },
  {
    "id": "2926905",
    "name": "Rio do Pires",
    "state": "BA",
    "state_name": "Bahia",
    "microregion": "Livramento do Brumado",
    "mesoregion": "Centro Sul Baiano",
    "region": "Nordeste"
  },
  {
    "id": "2927002",
    "name": "Rio Real",
    "state": "BA",
    "state_name": "Bahia",
    "microregion": "Alagoinhas",
    "mesoregion": "Nordeste Baiano",
    "region": "Nordeste"
  },
  {
    "id": "2927101",
    "name": "Rodelas",
    "state": "BA",
    "state_name": "Bahia",
    "microregion": "Paulo Afonso",
    "mesoregion": "Vale São-Franciscano da Bahia",
    "region": "Nordeste"
  },
  {
    "id": "2927200",
    "name": "Ruy Barbosa",
    "state": "BA",
    "state_name": "Bahia",
    "microregion": "Itaberaba",
    "mesoregion": "Centro Norte Baiano",
    "region": "Nordeste"
  },
  {
    "id": "2927309",
    "name": "Salinas da Margarida",
    "state": "BA",
    "state_name": "Bahia",
    "microregion": "Santo Antônio de Jesus",
    "mesoregion": "Metropolitana de Salvador",
    "region": "Nordeste"
  },
  {
    "id": "2927408",
    "name": "Salvador",
    "state": "BA",
    "state_name": "Bahia",
    "microregion": "Salvador",
    "mesoregion": "Metropolitana de Salvador",
    "region": "Nordeste"
  },
  {
    "id": "2927507",
    "name": "Santa Bárbara",
    "state": "BA",
    "state_name": "Bahia",
    "microregion": "Feira de Santana",
    "mesoregion": "Centro Norte Baiano",
    "region": "Nordeste"
  },
  {
    "id": "2927606",
    "name": "Santa Brígida",
    "state": "BA",
    "state_name": "Bahia",
    "microregion": "Jeremoabo",
    "mesoregion": "Nordeste Baiano",
    "region": "Nordeste"
  },
  {
    "id": "2927705",
    "name": "Santa Cruz Cabrália",
    "state": "BA",
    "state_name": "Bahia",
    "microregion": "Porto Seguro",
    "mesoregion": "Sul Baiano",
    "region": "Nordeste"
  },
  {
    "id": "2927804",
    "name": "Santa Cruz da Vitória",
    "state": "BA",
    "state_name": "Bahia",
    "microregion": "Ilhéus-Itabuna",
    "mesoregion": "Sul Baiano",
    "region": "Nordeste"
  },
  {
    "id": "2927903",
    "name": "Santa Inês",
    "state": "BA",
    "state_name": "Bahia",
    "microregion": "Jequié",
    "mesoregion": "Centro Sul Baiano",
    "region": "Nordeste"
  },
  {
    "id": "2928000",
    "name": "Santaluz",
    "state": "BA",
    "state_name": "Bahia",
    "microregion": "Serrinha",
    "mesoregion": "Nordeste Baiano",
    "region": "Nordeste"
  },
  {
    "id": "2928059",
    "name": "Santa Luzia",
    "state": "BA",
    "state_name": "Bahia",
    "microregion": "Ilhéus-Itabuna",
    "mesoregion": "Sul Baiano",
    "region": "Nordeste"
  },
  {
    "id": "2928109",
    "name": "Santa Maria da Vitória",
    "state": "BA",
    "state_name": "Bahia",
    "microregion": "Santa Maria da Vitória",
    "mesoregion": "Extremo Oeste Baiano",
    "region": "Nordeste"
  },
  {
    "id": "2928208",
    "name": "Santana",
    "state": "BA",
    "state_name": "Bahia",
    "microregion": "Santa Maria da Vitória",
    "mesoregion": "Extremo Oeste Baiano",
    "region": "Nordeste"
  },
  {
    "id": "2928307",
    "name": "Santanópolis",
    "state": "BA",
    "state_name": "Bahia",
    "microregion": "Feira de Santana",
    "mesoregion": "Centro Norte Baiano",
    "region": "Nordeste"
  },
  {
    "id": "2928406",
    "name": "Santa Rita de Cássia",
    "state": "BA",
    "state_name": "Bahia",
    "microregion": "Cotegipe",
    "mesoregion": "Extremo Oeste Baiano",
    "region": "Nordeste"
  },
  {
    "id": "2928505",
    "name": "Santa Terezinha",
    "state": "BA",
    "state_name": "Bahia",
    "microregion": "Feira de Santana",
    "mesoregion": "Centro Norte Baiano",
    "region": "Nordeste"
  },
  {
    "id": "2928604",
    "name": "Santo Amaro",
    "state": "BA",
    "state_name": "Bahia",
    "microregion": "Santo Antônio de Jesus",
    "mesoregion": "Metropolitana de Salvador",
    "region": "Nordeste"
  },
  {
    "id": "2928703",
    "name": "Santo Antônio de Jesus",
    "state": "BA",
    "state_name": "Bahia",
    "microregion": "Santo Antônio de Jesus",
    "mesoregion": "Metropolitana de Salvador",
    "region": "Nordeste"
  },
  {
    "id": "2928802",
    "name": "Santo Estêvão",
    "state": "BA",
    "state_name": "Bahia",
    "microregion": "Feira de Santana",
    "mesoregion": "Centro Norte Baiano",
    "region": "Nordeste"
  },
  {
    "id": "2928901",
    "name": "São Desidério",
    "state": "BA",
    "state_name": "Bahia",
    "microregion": "Barreiras",
    "mesoregion": "Extremo Oeste Baiano",
    "region": "Nordeste"
  },
  {
    "id": "2928950",
    "name": "São Domingos",
    "state": "BA",
    "state_name": "Bahia",
    "microregion": "Serrinha",
    "mesoregion": "Nordeste Baiano",
    "region": "Nordeste"
  },
  {
    "id": "2929008",
    "name": "São Félix",
    "state": "BA",
    "state_name": "Bahia",
    "microregion": "Santo Antônio de Jesus",
    "mesoregion": "Metropolitana de Salvador",
    "region": "Nordeste"
  },
  {
    "id": "2929057",
    "name": "São Félix do Coribe",
    "state": "BA",
    "state_name": "Bahia",
    "microregion": "Santa Maria da Vitória",
    "mesoregion": "Extremo Oeste Baiano",
    "region": "Nordeste"
  },
  {
    "id": "2929107",
    "name": "São Felipe",
    "state": "BA",
    "state_name": "Bahia",
    "microregion": "Santo Antônio de Jesus",
    "mesoregion": "Metropolitana de Salvador",
    "region": "Nordeste"
  },
  {
    "id": "2929206",
    "name": "São Francisco do Conde",
    "state": "BA",
    "state_name": "Bahia",
    "microregion": "Salvador",
    "mesoregion": "Metropolitana de Salvador",
    "region": "Nordeste"
  },
  {
    "id": "2929255",
    "name": "São Gabriel",
    "state": "BA",
    "state_name": "Bahia",
    "microregion": "Irecê",
    "mesoregion": "Centro Norte Baiano",
    "region": "Nordeste"
  },
  {
    "id": "2929305",
    "name": "São Gonçalo dos Campos",
    "state": "BA",
    "state_name": "Bahia",
    "microregion": "Feira de Santana",
    "mesoregion": "Centro Norte Baiano",
    "region": "Nordeste"
  },
  {
    "id": "2929354",
    "name": "São José da Vitória",
    "state": "BA",
    "state_name": "Bahia",
    "microregion": "Ilhéus-Itabuna",
    "mesoregion": "Sul Baiano",
    "region": "Nordeste"
  },
  {
    "id": "2929370",
    "name": "São José do Jacuípe",
    "state": "BA",
    "state_name": "Bahia",
    "microregion": "Jacobina",
    "mesoregion": "Centro Norte Baiano",
    "region": "Nordeste"
  },
  {
    "id": "2929404",
    "name": "São Miguel das Matas",
    "state": "BA",
    "state_name": "Bahia",
    "microregion": "Jequié",
    "mesoregion": "Centro Sul Baiano",
    "region": "Nordeste"
  },
  {
    "id": "2929503",
    "name": "São Sebastião do Passé",
    "state": "BA",
    "state_name": "Bahia",
    "microregion": "Catu",
    "mesoregion": "Metropolitana de Salvador",
    "region": "Nordeste"
  },
  {
    "id": "2929602",
    "name": "Sapeaçu",
    "state": "BA",
    "state_name": "Bahia",
    "microregion": "Santo Antônio de Jesus",
    "mesoregion": "Metropolitana de Salvador",
    "region": "Nordeste"
  },
  {
    "id": "2929701",
    "name": "Sátiro Dias",
    "state": "BA",
    "state_name": "Bahia",
    "microregion": "Alagoinhas",
    "mesoregion": "Nordeste Baiano",
    "region": "Nordeste"
  },
  {
    "id": "2929750",
    "name": "Saubara",
    "state": "BA",
    "state_name": "Bahia",
    "microregion": "Santo Antônio de Jesus",
    "mesoregion": "Metropolitana de Salvador",
    "region": "Nordeste"
  },
  {
    "id": "2929800",
    "name": "Saúde",
    "state": "BA",
    "state_name": "Bahia",
    "microregion": "Jacobina",
    "mesoregion": "Centro Norte Baiano",
    "region": "Nordeste"
  },
  {
    "id": "2929909",
    "name": "Seabra",
    "state": "BA",
    "state_name": "Bahia",
    "microregion": "Seabra",
    "mesoregion": "Centro Sul Baiano",
    "region": "Nordeste"
  },
  {
    "id": "2930006",
    "name": "Sebastião Laranjeiras",
    "state": "BA",
    "state_name": "Bahia",
    "microregion": "Guanambi",
    "mesoregion": "Centro Sul Baiano",
    "region": "Nordeste"
  },
  {
    "id": "2930105",
    "name": "Senhor do Bonfim",
    "state": "BA",
    "state_name": "Bahia",
    "microregion": "Senhor do Bonfim",
    "mesoregion": "Centro Norte Baiano",
    "region": "Nordeste"
  },
  {
    "id": "2930154",
    "name": "Serra do Ramalho",
    "state": "BA",
    "state_name": "Bahia",
    "microregion": "Bom Jesus da Lapa",
    "mesoregion": "Vale São-Franciscano da Bahia",
    "region": "Nordeste"
  },
  {
    "id": "2930204",
    "name": "Sento Sé",
    "state": "BA",
    "state_name": "Bahia",
    "microregion": "Juazeiro",
    "mesoregion": "Vale São-Franciscano da Bahia",
    "region": "Nordeste"
  },
  {
    "id": "2930303",
    "name": "Serra Dourada",
    "state": "BA",
    "state_name": "Bahia",
    "microregion": "Santa Maria da Vitória",
    "mesoregion": "Extremo Oeste Baiano",
    "region": "Nordeste"
  },
  {
    "id": "2930402",
    "name": "Serra Preta",
    "state": "BA",
    "state_name": "Bahia",
    "microregion": "Feira de Santana",
    "mesoregion": "Centro Norte Baiano",
    "region": "Nordeste"
  },
  {
    "id": "2930501",
    "name": "Serrinha",
    "state": "BA",
    "state_name": "Bahia",
    "microregion": "Serrinha",
    "mesoregion": "Nordeste Baiano",
    "region": "Nordeste"
  },
  {
    "id": "2930600",
    "name": "Serrolândia",
    "state": "BA",
    "state_name": "Bahia",
    "microregion": "Jacobina",
    "mesoregion": "Centro Norte Baiano",
    "region": "Nordeste"
  },
  {
    "id": "2930709",
    "name": "Simões Filho",
    "state": "BA",
    "state_name": "Bahia",
    "microregion": "Salvador",
    "mesoregion": "Metropolitana de Salvador",
    "region": "Nordeste"
  },
  {
    "id": "2930758",
    "name": "Sítio do Mato",
    "state": "BA",
    "state_name": "Bahia",
    "microregion": "Bom Jesus da Lapa",
    "mesoregion": "Vale São-Franciscano da Bahia",
    "region": "Nordeste"
  },
  {
    "id": "2930766",
    "name": "Sítio do Quinto",
    "state": "BA",
    "state_name": "Bahia",
    "microregion": "Jeremoabo",
    "mesoregion": "Nordeste Baiano",
    "region": "Nordeste"
  },
  {
    "id": "2930774",
    "name": "Sobradinho",
    "state": "BA",
    "state_name": "Bahia",
    "microregion": "Juazeiro",
    "mesoregion": "Vale São-Franciscano da Bahia",
    "region": "Nordeste"
  },
  {
    "id": "2930808",
    "name": "Souto Soares",
    "state": "BA",
    "state_name": "Bahia",
    "microregion": "Irecê",
    "mesoregion": "Centro Norte Baiano",
    "region": "Nordeste"
  },
  {
    "id": "2930907",
    "name": "Tabocas do Brejo Velho",
    "state": "BA",
    "state_name": "Bahia",
    "microregion": "Cotegipe",
    "mesoregion": "Extremo Oeste Baiano",
    "region": "Nordeste"
  },
  {
    "id": "2931004",
    "name": "Tanhaçu",
    "state": "BA",
    "state_name": "Bahia",
    "microregion": "Brumado",
    "mesoregion": "Centro Sul Baiano",
    "region": "Nordeste"
  },
  {
    "id": "2931053",
    "name": "Tanque Novo",
    "state": "BA",
    "state_name": "Bahia",
    "microregion": "Boquira",
    "mesoregion": "Centro Sul Baiano",
    "region": "Nordeste"
  },
  {
    "id": "2931103",
    "name": "Tanquinho",
    "state": "BA",
    "state_name": "Bahia",
    "microregion": "Feira de Santana",
    "mesoregion": "Centro Norte Baiano",
    "region": "Nordeste"
  },
  {
    "id": "2931202",
    "name": "Taperoá",
    "state": "BA",
    "state_name": "Bahia",
    "microregion": "Valença",
    "mesoregion": "Sul Baiano",
    "region": "Nordeste"
  },
  {
    "id": "2931301",
    "name": "Tapiramutá",
    "state": "BA",
    "state_name": "Bahia",
    "microregion": "Itaberaba",
    "mesoregion": "Centro Norte Baiano",
    "region": "Nordeste"
  },
  {
    "id": "2931350",
    "name": "Teixeira de Freitas",
    "state": "BA",
    "state_name": "Bahia",
    "microregion": "Porto Seguro",
    "mesoregion": "Sul Baiano",
    "region": "Nordeste"
  },
  {
    "id": "2931400",
    "name": "Teodoro Sampaio",
    "state": "BA",
    "state_name": "Bahia",
    "microregion": "Feira de Santana",
    "mesoregion": "Centro Norte Baiano",
    "region": "Nordeste"
  },
  {
    "id": "2931509",
    "name": "Teofilândia",
    "state": "BA",
    "state_name": "Bahia",
    "microregion": "Serrinha",
    "mesoregion": "Nordeste Baiano",
    "region": "Nordeste"
  },
  {
    "id": "2931608",
    "name": "Teolândia",
    "state": "BA",
    "state_name": "Bahia",
    "microregion": "Ilhéus-Itabuna",
    "mesoregion": "Sul Baiano",
    "region": "Nordeste"
  },
  {
    "id": "2931707",
    "name": "Terra Nova",
    "state": "BA",
    "state_name": "Bahia",
    "microregion": "Catu",
    "mesoregion": "Metropolitana de Salvador",
    "region": "Nordeste"
  },
  {
    "id": "2931806",
    "name": "Tremedal",
    "state": "BA",
    "state_name": "Bahia",
    "microregion": "Brumado",
    "mesoregion": "Centro Sul Baiano",
    "region": "Nordeste"
  },
  {
    "id": "2931905",
    "name": "Tucano",
    "state": "BA",
    "state_name": "Bahia",
    "microregion": "Euclides da Cunha",
    "mesoregion": "Nordeste Baiano",
    "region": "Nordeste"
  },
  {
    "id": "2932002",
    "name": "Uauá",
    "state": "BA",
    "state_name": "Bahia",
    "microregion": "Euclides da Cunha",
    "mesoregion": "Nordeste Baiano",
    "region": "Nordeste"
  },
  {
    "id": "2932101",
    "name": "Ubaíra",
    "state": "BA",
    "state_name": "Bahia",
    "microregion": "Jequié",
    "mesoregion": "Centro Sul Baiano",
    "region": "Nordeste"
  },
  {
    "id": "2932200",
    "name": "Ubaitaba",
    "state": "BA",
    "state_name": "Bahia",
    "microregion": "Ilhéus-Itabuna",
    "mesoregion": "Sul Baiano",
    "region": "Nordeste"
  },
  {
    "id": "2932309",
    "name": "Ubatã",
    "state": "BA",
    "state_name": "Bahia",
    "microregion": "Ilhéus-Itabuna",
    "mesoregion": "Sul Baiano",
    "region": "Nordeste"
  },
  {
    "id": "2932408",
    "name": "Uibaí",
    "state": "BA",
    "state_name": "Bahia",
    "microregion": "Irecê",
    "mesoregion": "Centro Norte Baiano",
    "region": "Nordeste"
  },
  {
    "id": "2932457",
    "name": "Umburanas",
    "state": "BA",
    "state_name": "Bahia",
    "microregion": "Senhor do Bonfim",
    "mesoregion": "Centro Norte Baiano",
    "region": "Nordeste"
  },
  {
    "id": "2932507",
    "name": "Una",
    "state": "BA",
    "state_name": "Bahia",
    "microregion": "Ilhéus-Itabuna",
    "mesoregion": "Sul Baiano",
    "region": "Nordeste"
  },
  {
    "id": "2932606",
    "name": "Urandi",
    "state": "BA",
    "state_name": "Bahia",
    "microregion": "Guanambi",
    "mesoregion": "Centro Sul Baiano",
    "region": "Nordeste"
  },
  {
    "id": "2932705",
    "name": "Uruçuca",
    "state": "BA",
    "state_name": "Bahia",
    "microregion": "Ilhéus-Itabuna",
    "mesoregion": "Sul Baiano",
    "region": "Nordeste"
  },
  {
    "id": "2932804",
    "name": "Utinga",
    "state": "BA",
    "state_name": "Bahia",
    "microregion": "Seabra",
    "mesoregion": "Centro Sul Baiano",
    "region": "Nordeste"
  },
  {
    "id": "2932903",
    "name": "Valença",
    "state": "BA",
    "state_name": "Bahia",
    "microregion": "Valença",
    "mesoregion": "Sul Baiano",
    "region": "Nordeste"
  },
  {
    "id": "2933000",
    "name": "Valente",
    "state": "BA",
    "state_name": "Bahia",
    "microregion": "Serrinha",
    "mesoregion": "Nordeste Baiano",
    "region": "Nordeste"
  },
  {
    "id": "2933059",
    "name": "Várzea da Roça",
    "state": "BA",
    "state_name": "Bahia",
    "microregion": "Itaberaba",
    "mesoregion": "Centro Norte Baiano",
    "region": "Nordeste"
  },
  {
    "id": "2933109",
    "name": "Várzea do Poço",
    "state": "BA",
    "state_name": "Bahia",
    "microregion": "Jacobina",
    "mesoregion": "Centro Norte Baiano",
    "region": "Nordeste"
  },
  {
    "id": "2933158",
    "name": "Várzea Nova",
    "state": "BA",
    "state_name": "Bahia",
    "microregion": "Jacobina",
    "mesoregion": "Centro Norte Baiano",
    "region": "Nordeste"
  },
  {
    "id": "2933174",
    "name": "Varzedo",
    "state": "BA",
    "state_name": "Bahia",
    "microregion": "Santo Antônio de Jesus",
    "mesoregion": "Metropolitana de Salvador",
    "region": "Nordeste"
  },
  {
    "id": "2933208",
    "name": "Vera Cruz",
    "state": "BA",
    "state_name": "Bahia",
    "microregion": "Salvador",
    "mesoregion": "Metropolitana de Salvador",
    "region": "Nordeste"
  },
  {
    "id": "2933257",
    "name": "Vereda",
    "state": "BA",
    "state_name": "Bahia",
    "microregion": "Porto Seguro",
    "mesoregion": "Sul Baiano",
    "region": "Nordeste"
  },
  {
    "id": "2933307",
    "name": "Vitória da Conquista",
    "state": "BA",
    "state_name": "Bahia",
    "microregion": "Vitória da Conquista",
    "mesoregion": "Centro Sul Baiano",
    "region": "Nordeste"
  },
  {
    "id": "2933406",
    "name": "Wagner",
    "state": "BA",
    "state_name": "Bahia",
    "microregion": "Seabra",
    "mesoregion": "Centro Sul Baiano",
    "region": "Nordeste"
  },
  {
    "id": "2933455",
    "name": "Wanderley",
    "state": "BA",
    "state_name": "Bahia",
    "microregion": "Cotegipe",
    "mesoregion": "Extremo Oeste Baiano",
    "region": "Nordeste"
  },
  {
    "id": "2933505",
    "name": "Wenceslau Guimarães",
    "state": "BA",
    "state_name": "Bahia",
    "microregion": "Ilhéus-Itabuna",
    "mesoregion": "Sul Baiano",
    "region": "Nordeste"
  },
  {
    "id": "2933604",
    "name": "Xique-Xique",
    "state": "BA",
    "state_name": "Bahia",
    "microregion": "Barra",
    "mesoregion": "Vale São-Franciscano da Bahia",
    "region": "Nordeste"
  }
]