[
  {
    "id": "3200102",
    "name": "Afonso Cláudio",
    "state": "ES",
    "state_name": "Espírito Santo",
    "microregion": "Afonso Cláudio",
    "mesoregion": "Central Espírito-santense",
    "region": "Sudeste"
  },
  {
    "id": "3200136",
    "name": "Águia Branca",
    "state": "ES",
    "state_name": "Espírito Santo",
    "microregion": "Nova Venécia",
    "mesoregion": "Noroeste Espírito-santense",
    "region": "Sudeste"
  },
  {
    "id": "3200169",
    "name": "Água Doce do Norte",
    "state": "ES",
    "state_name": "Espírito Santo",
    "microregion": "Barra de São Francisco",
    "mesoregion": "Noroeste Espírito-santense",
    "region": "Sudeste"
  },
  {
    "id": "3200201",
    "name": "Alegre",
    "state": "ES",
    "state_name": "Espírito Santo",
    "microregion": "Alegre",
    "mesoregion": "Sul Espírito-santense",
    "region": "Sudeste"
  },
  {
    "id": "3200300",
    "name": "Alfredo Chaves",
    "state": "ES",
    "state_name": "Espírito Santo",
    "microregion": "Guarapari",
    "mesoregion": "Central Espírito-santense",
    "region": "Sudeste"
  },
  {
    "id": "3200359",
    "name": "Alto Rio Novo",
    "state": "ES",
    "state_name": "Espírito Santo",
    "microregion": "Colatina",
    "mesoregion": "Noroeste Espírito-santense",
    "region": "Sudeste"
  },
  {
    "id": "3200409",
    "name": "Anchieta",
    "state": "ES",
    "state_name": "Espírito Santo",
    "microregion": "Guarapari",
    "mesoregion": "Central Espírito-santense",
    "region": "Sudeste"
  },
  {
    "id": "3200508",
    "name": "Apiacá",
    "state": "ES",
    "state_name": "Espírito Santo",
    "microregion": "Cachoeiro de Itapemirim",
    "mesoregion": "Sul Espírito-santense",
    "region": "Sudeste"
  },
  {
    "id": "3200607",
    "name": "Aracruz",
    "state": "ES",
    "state_name": "Espírito Santo",
    "microregion": "Linhares",
    "mesoregion": "Litoral Norte Espírito-santense",
    "region": "Sudeste"
  },
  {
    "id": "3200706",
    "name": "Atílio Vivácqua",
    "state": "ES",
    "state_name": "Espírito Santo",
    "microregion": "Cachoeiro de Itapemirim",
    "mesoregion": "Sul Espírito-santense",
    "region": "Sudeste"
  },
  {
    "id": "3200805",
    "name": "Baixo Guandu",
    "state": "ES",
    "state_name": "Espírito Santo",
    "microregion": "Colatina",
    "mesoregion": "Noroeste Espírito-santense",
    "region": "Sudeste"
  },
  {
    "id": "3200904",
    "name": "Barra de São Francisco",
    "state": "ES",
    "state_name": "Espírito Santo",
    "microregion": "Barra de São Francisco",
    "mesoregion": "Noroeste Espírito-santense",
    "region": "Sudeste"
  },
  {
    "id": "3201001",
    "name": "Boa Esperança",
    "state": "ES",
    "state_name": "Espírito Santo",
    "microregion": "Nova Venécia",
    "mesoregion": "Noroeste Espírito-santense",
    "region": "Sudeste"
  },
  {
    "id": "3201100",
    "name": "Bom Jesus do Norte",
    "state": "ES",
    "state_name": "Espírito Santo",
    "microregion": "Cachoeiro de Itapemirim",
    "mesoregion": "Sul Espírito-santense",
    "region": "Sudeste"
  },
  {
    "id": "3201159",
    "name": "Brejetuba",
    "state": "ES",
    "state_name": "Espírito Santo",
    "microregion": "Afonso Cláudio",
    "mesoregion": "Central Espírito-santense",
    "region": "Sudeste"
  },
  {
    "id": "3201209",
    "name": "Cachoeiro de Itapemirim",
    "state": "ES",
    "state_name": "Espírito Santo",
    "microregion": "Cachoeiro de Itapemirim",
    "mesoregion": "Sul Espírito-santense",
    "region": "Sudeste"
  },
  {
    "id": "3201308",
    "name": "Cariacica",
    "state": "ES",
    "state_name": "Espírito Santo",
    "microregion": "Vitória",
    "mesoregion": "Central Espírito-santense",
    "region": "Sudeste"
  },
  {
    "id": "3201407",
    "name": "Castelo",
    "state": "ES",
    "state_name": "Espírito Santo",
    "microregion": "Cachoeiro de Itapemirim",
    "mesoregion": "Sul Espírito-santense",
    "region": "Sudeste"
  },
  {
    "id": "3201506",
    "name": "Colatina",
    "state": "ES",
    "state_name": "Espírito Santo",
    "microregion": "Colatina",
    "mesoregion": "Noroeste Espírito-santense",
    "region": "Sudeste"
  },
  {
    "id": "3201605",
    "name": "Conceição da Barra",
    "state": "ES",
    "state_name": "Espírito Santo",
    "microregion": "São Mateus",
    "mesoregion": "Litoral Norte Espírito-santense",
    "region": "Sudeste"
  },
  {
    "id": "3201704",
    "name": "Conceição do Castelo",
    "state": "ES",
    "state_name": "Espírito Santo",
    "microregion": "Afonso Cláudio",
    "mesoregion": "Central Espírito-santense",
    "region": "Sudeste"
  },
  {
    "id": "3201803",
    "name": "Divino de São Lourenço",
    "state": "ES",
    "state_name": "Espírito Santo",
    "microregion": "Alegre",
    "mesoregion": "Sul Espírito-santense",
    "region": "Sudeste"
  },
  {
    "id": "3201902",
    "name": "Domingos Martins",
    "state": "ES",
    "state_name": "Espírito Santo",
    "microregion": "Afonso Cláudio",
    "mesoregion": "Central Espírito-santense",
    "region": "Sudeste"
  },
  {
    "id": "3202009",
    "name": "Dores do Rio Preto",
    "state": "ES",
    "state_name": "Espírito Santo",
    "microregion": "Alegre",
    "mesoregion": "Sul Espírito-santense",
    "region": "Sudeste"
  },
  {
    "id": "3202108",
    "name": "Ecoporanga",
    "state": "ES",
    "state_name": "Espírito Santo",
    "microregion": "Barra de São Francisco",
    "mesoregion": "Noroeste Espírito-santense",
    "region": "Sudeste"
  },
  {
    "id": "3202207",
    "name": "Fundão",
    "state": "ES",
    "state_name": "Espírito Santo",
    "microregion": "Linhares",
    "mesoregion": "Litoral Norte Espírito-santense",
    "region": "Sudeste"
  },
  {
    "id": "3202256",
    "name": "Governador Lindenberg",
    "state": "ES",
    "state_name": "Espírito Santo",
    "microregion": "Colatina",
    "mesoregion": "Noroeste Espírito-santense",
    "region": "Sudeste"
  },
  {
    "id": "3202306",
    "name": "Guaçuí",
    "state": "ES",
    "state_name": "Espírito Santo",
    "microregion": "Alegre",
    "mesoregion": "Sul Espírito-santense",
    "region": "Sudeste"
  },
  {
    "id": "3202405",
    "name": "Guarapari",
    "state": "ES",
    "state_name": "Espírito Santo",
    "microregion": "Guarapari",
    "mesoregion": "Central Espírito-santense",
    "region": "Sudeste"
  },
  {
    "id": "3202454",
    "name": "Ibatiba",
    "state": "ES",
    "state_name": "Espírito Santo",
    "microregion": "Alegre",
    "mesoregion": "Sul Espírito-santense",
    "region": "Sudeste"
  },
  {
    "id": "3202504",
    "name": "Ibiraçu",
    "state": "ES",
    "state_name": "Espírito Santo",
    "microregion": "Linhares",
    "mesoregion": "Litoral Norte Espírito-santense",
    "region": "Sudeste"
  },
  {
    "id": "3202553",
    "name": "Ibitirama",
    "state": "ES",
    "state_name": "Espírito Santo",
    "microregion": "Alegre",
    "mesoregion": "Sul Espírito-santense",
    "region": "Sudeste"
  },
  {
    "id": "3202603",
    "name": "Iconha",
    "state": "ES",
    "state_name": "Espírito Santo",
    "microregion": "Guarapari",
    "mesoregion": "Central Espírito-santense",
    "region": "Sudeste"
  },
  {
    "id": "3202652",
    "name": "Irupi",
    "state": "ES",
    "state_name": "Espírito Santo",
    "microregion": "Alegre",
    "mesoregion": "Sul Espírito-santense",
    "region": "Sudeste"
  },
  {
    "id": "3202702",
    "name": "Itaguaçu",
    "state": "ES",
    "state_name": "Espírito Santo",
    "microregion": "Santa Teresa",
    "mesoregion": "Central Espírito-santense",
    "region": "Sudeste"
  },
  {
    "id": "3202801",
    "name": "Itapemirim",
    "state": "ES",
    "state_name": "Espírito Santo",
    "microregion": "Itapemirim",
    "mesoregion": "Sul Espírito-santense",
    "region": "Sudeste"
  },
  {
    "id": "3202900",
    "name": "Itarana",
    "state": "ES",
    "state_name": "Espírito Santo",
    "microregion": "Santa Teresa",
    "mesoregion": "Central Espírito-santense",
    "region": "Sudeste"
  },
  {
    "id": "3203007",
    "name": "Iúna",
    "state": "ES",
    "state_name": "Espírito Santo",
    "microregion": "Alegre",
    "mesoregion": "Sul Espírito-santense",
    "region": "Sudeste"
  },
  {
    "id": "3203056",
    "name": "Jaguaré",
    "state": "ES",
    "state_name": "Espírito Santo",
    "microregion": "São Mateus",
    "mesoregion": "Litoral Norte Espírito-santense",
    "region": "Sudeste"
  },
  {
    "id": "3203106",
    "name": "Jerônimo Monteiro",
    "state": "ES",
    "state_name": "Espírito Santo",
    "microregion": "Cachoeiro de Itapemirim",
    "mesoregion": "Sul Espírito-santense",
    "region": "Sudeste"
  },
  {
    "id": "3203130",
    "name": "João Neiva",
    "state": "ES",
    "state_name": "Espírito Santo",
    "microregion": "Linhares",
    "mesoregion": "Litoral Norte Espírito-santense",
    "region": "Sudeste"
  },
  {
    "id": "3203163",
    "name": "Laranja da Terra",
    "state": "ES",
    "state_name": "Espírito Santo",
    "microregion": "Afonso Cláudio",
    "mesoregion": "Central Espírito-santense",
    "region": "Sudeste"
  },
  {
    "id": "3203205",
    "name": "Linhares",
    "state": "ES",
    "state_name": "Espírito Santo",
    "microregion": "Linhares",
    "mesoregion": "Litoral Norte Espírito-santense",
    "region": "Sudeste"
  },
  {
    "id": "3203304",
    "name": "Mantenópolis",
    "state": "ES",
    "state_name": "Espírito Santo",
    "microregion": "Barra de São Francisco",
    "mesoregion": "Noroeste Espírito-santense",
    "region": "Sudeste"
  },
  {
    "id": "3203320",
    "name": "Marataízes",
    "state": "ES",
    "state_name": "Espírito Santo",
    "microregion": "Itapemirim",
    "mesoregion": "Sul Espírito-santense",
    "region": "Sudeste"
  },
  {
    "id": "3203346",
    "name": "Marechal Floriano",
    "state": "ES",
    "state_name": "Espírito Santo",
    "microregion": "Afonso Cláudio",
    "mesoregion": "Central Espírito-santense",
    "region": "Sudeste"
  },
  {
    "id": "3203353",
    "name": "Marilândia",
    "state": "ES",
    "state_name": "Espírito Santo",
    "microregion": "Colatina",
    "mesoregion": "Noroeste Espírito-santense",
    "region": "Sudeste"
  },
  {
    "id": "3203403",
    "name": "Mimoso do Sul",
    "state": "ES",
    "state_name": "Espírito Santo",
    "microregion": "Cachoeiro de Itapemirim",
    "mesoregion": "Sul Espírito-santense",
    "region": "Sudeste"
  },
  {
    "id": "3203502",
    "name": "Montanha",
    "state": "ES",
    "state_name": "Espírito Santo",
    "microregion": "Montanha",
    "mesoregion": "Litoral Norte Espírito-santense",
    "region": "Sudeste"
  },
  {
    "id": "3203601",
    "name": "Mucurici",
    "state": "ES",
    "state_name": "Espírito Santo",
    "microregion": "Montanha",
    "mesoregion": "Litoral Norte Espírito-santense",
    "region": "Sudeste"
  },
  {
    "id": "3203700",
    "name": "Muniz Freire",
    "state": "ES",
    "state_name": "Espírito Santo",
    "microregion": "Alegre",
    "mesoregion": "Sul Espírito-santense",
    "region": "Sudeste"
  },
  {
    "id": "3203809",
    "name": "Muqui",
    "state": "ES",
    "state_name": "Espírito Santo",
    "microregion": "Cachoeiro de Itapemirim",
    "mesoregion": "Sul Espírito-santense",
    "region": "Sudeste"
  },
  {
    "id": "3203908",
    "name": "Nova Venécia",
    "state": "ES",
    "state_name": "Espírito Santo",
    "microregion": "Nova Venécia",
    "mesoregion": "Noroeste Espírito-santense",
    "region": "Sudeste"
  },
  {
    "id": "3204005",
    "name": "Pancas",
    "state": "ES",
    "state_name": "Espírito Santo",
    "microregion": "Colatina",
    "mesoregion": "Noroeste Espírito-santense",
    "region": "Sudeste"
  },
  {
    "id": "3204054",
    "name": "Pedro Canário",
    "state": "ES",
    "state_name": "Espírito Santo",
    "microregion": "São Mateus",
    "mesoregion": "Litoral Norte Espírito-santense",
    "region": "Sudeste"
  },
  {
    "id": "3204104",
    "name": "Pinheiros",
    "state": "ES",
    "state_name": "Espírito Santo",
    "microregion": "Montanha",
    "mesoregion": "Litoral Norte Espírito-santense",
    "region": "Sudeste"
  },
  {
    "id": "3204203",
    "name": "Piúma",
    "state": "ES",
    "state_name": "Espírito Santo",
    "microregion": "Guarapari",
    "mesoregion": "Central Espírito-santense",
    "region": "Sudeste"
  },
  {
    "id": "3204252",
    "name": "Ponto Belo",
    "state": "ES",
    "state_name": "Espírito Santo",
    "microregion": "Montanha",
    "mesoregion": "Litoral Norte Espírito-santense",
    "region": "Sudeste"
  },
  {
    "id": "3204302",
    "name": "Presidente Kennedy",
    "state": "ES",
    "state_name": "Espírito Santo",
    "microregion": "Itapemirim",
    "mesoregion": "Sul Espírito-santense",
    "region": "Sudeste"
  },
  {
    "id": "3204351",
    "name": "Rio Bananal",
    "state": "ES",
    "state_name": "Espírito Santo",
    "microregion": "Linhares",
    "mesoregion": "Litoral Norte Espírito-santense",
    "region": "Sudeste"
  },
  {
    "id": "3204401",
    "name": "Rio Novo do Sul",
    "state": "ES",
    "state_name": "Espírito Santo",
    "microregion": "Guarapari",
    "mesoregion": "Central Espírito-santense",
    "region": "Sudeste"
  },
  {
    "id": "3204500",
    "name": "Santa Leopoldina",
    "state": "ES",
    "state_name": "Espírito Santo",
    "microregion": "Santa Teresa",
    "mesoregion": "Central Espírito-santense",
    "region": "Sudeste"
  },
  {
    "id": "3204559",
    "name": "Santa Maria de Jetibá",
    "state": "ES",
    "state_name": "Espírito Santo",
    "microregion": "Santa Teresa",
    "mesoregion": "Central Espírito-santense",
    "region": "Sudeste"
  },
  {
    "id": "3204609",
    "name": "Santa Teresa",
    "state": "ES",
    "state_name": "Espírito Santo",
    "microregion": "Santa Teresa",
    "mesoregion": "Central Espírito-santense",
    "region": "Sudeste"
  },
  {
    "id": "3204658",
    "name": "São Domingos do Norte",
    "state": "ES",
    "state_name": "Espírito Santo",
    "microregion": "Colatina",
    "mesoregion": "Noroeste Espírito-santense",
    "region": "Sudeste"
  },
  {
    "id": "3204708",
    "name": "São Gabriel da Palha",
    "state": "ES",
    "state_name": "Espírito Santo",
    "microregion": "Nova Venécia",
    "mesoregion": "Noroeste Espírito-santense",
    "region": "Sudeste"
  },
  {
    "id": "3204807",
    "name": "São José do Calçado",
    "state": "ES",
    "state_name": "Espírito Santo",
    "microregion": "Cachoeiro de Itapemirim",
    "mesoregion": "Sul Espírito-santense",
    "region": "Sudeste"
  },
  {
    "id": "3204906",
    "name": "São Mateus",
    "state": "ES",
    "state_name": "Espírito Santo",
    "microregion": "São Mateus",
    "mesoregion": "Litoral Norte Espírito-santense",
    "region": "Sudeste"
  },
  {
    "id": "3204955",
    "name": "São Roque do Canaã",
    "state": "ES",
    "state_name": "Espírito Santo",
    "microregion": "Santa Teresa",
    "mesoregion": "Central Espírito-santense",
    "region": "Sudeste"
  },
  {
    "id": "3205002",
    "name": "Serra",
    "state": "ES",
    "state_name": "Espírito Santo",
    "microregion": "Vitória",
    "mesoregion": "Central Espírito-santense",
    "region": "Sudeste"
  },
  {
    "id": "3205010",
    "name": "Sooretama",
    "state": "ES",
    "state_name": "Espírito Santo",
    "microregion": "Linhares",
    "mesoregion": "Litoral Norte Espírito-santense",
    "region": "Sudeste"
  },
  {
    "id": "3205036",
    "name": "Vargem Alta",
    "state": "ES",
    "state_name": "Espírito Santo",
    "microregion": "Cachoeiro de Itapemirim",
    "mesoregion": "Sul Espírito-santense",
    "region": "Sudeste"
  },
  {
    "id": "3205069",
    "name": "Venda Nova do Imigrante",
    "state": "ES",
    "state_name": "Espírito Santo",
    "microregion": "Afonso Cláudio",
    "mesoregion": "Central Espírito-santense",
    "region": "Sudeste"
  },
  {
    "id": "3205101",
    "name": "Viana",
    "state": "ES",
    "state_name": "Espírito Santo",
    "microregion": "Vitória",
    "mesoregion": "Central Espírito-santense",
    "region": "Sudeste"
  },
  {
    "id": "3205150",
    "name": "Vila Pavão",
    "state": "ES",
    "state_name": "Espírito Santo",
    "microregion": "Nova Venécia",
    "mesoregion": "Noroeste Espírito-santense",
    "region": "Sudeste"
  },
  {
    "id": "3205176",
    "name": "Vila Valério",
    "state": "ES",
    "state_name": "Espírito Santo",
    "microregion": "Nova Venécia",
    "mesoregion": "Noroeste Espírito-santense",
    "region": "Sudeste"
  },
  {
    "id": "3205200",
    "name": "Vila Velha",
    "state": "ES",
    "state_name": "Espírito Santo",
    "microregion": "Vitória",
    "mesoregion": "Central Espírito-santense",
    "region": "Sudeste"
  },
  {
    "id": "3205309",
    "name": "Vitória",
    "state": "ES",
    "state_name": "Espírito Santo",
    "microregion": "Vitória",
    "mesoregion": "Central Espírito-santense",
    "region": "Sudeste"
  }
]