[
  {
    "id": "2500106",
    "name": "Água Branca",
    "state": "PB",
    "state_name": "Paraíba",
    "microregion": "Serra do Teixeira",
    "mesoregion": "Sertão Paraibano",
    "region": "Nordeste"
  },
  {
    "id": "2500205",
    "name": "Aguiar",
    "state": "PB",
    "state_name": "Paraíba",
    "microregion": "Piancó",
    "mesoregion": "Sertão Paraibano",
    "region": "Nordeste"
  },
  {
    "id": "2500304",
    "name": "Alagoa Grande",
    "state": "PB",
    "state_name": "Paraíba",
    "microregion": "Brejo Paraibano",
    "mesoregion": "Agreste Paraibano",
    "region": "Nordeste"
  },
  {
    "id": "2500403",
    "name": "Alagoa Nova",
    "state": "PB",
    "state_name": "Paraíba",
    "microregion": "Brejo Paraibano",
    "mesoregion": "Agreste Paraibano",
    "region": "Nordeste"
  },
  {
    "id": "2500502",
    "name": "Alagoinha",
    "state": "PB",
    "state_name": "Paraíba",
    "microregion": "Guarabira",
    "mesoregion": "Agreste Paraibano",
    "region": "Nordeste"
  },
  {
    "id": "2500536",
    "name": "Alcantil",
    "state": "PB",
    "state_name": "Paraíba",
    "microregion": "Cariri Oriental",
    "mesoregion": "Borborema",
    "region": "Nordeste"
  },
  {
    "id": "2500577",
    "name": "Algodão de Jandaíra",
    "state": "PB",
    "state_name": "Paraíba",
    "microregion": "Curimataú Ocidental",
    "mesoregion": "Agreste Paraibano",
    "region": "Nordeste"
  },
  {
    "id": "2500601",
    "name": "Alhandra",
    "state": "PB",
    "state_name": "Paraíba",
    "microregion": "Litoral Sul",
    "mesoregion": "Mata Paraibana",
    "region": "Nordeste"
  },
  {
    "id": "2500700",
    "name": "São João do Rio do Peixe",
    "state": "PB",
    "state_name": "Paraíba",
    "microregion": "Cajazeiras",
    "mesoregion": "Sertão Paraibano",
    "region": "Nordeste"
  },
  {
    "id": "2500734",
    "name": "Amparo",
    "state": "PB",
    "state_name": "Paraíba",
    "microregion": "Cariri Ocidental",
    "mesoregion": "Borborema",
    "region": "Nordeste"
  },
  {
    "id": "2500775",
    "name": "Aparecida",
    "state": "PB",
    "state_name": "Paraíba",
    "microregion": "Sousa",
    "mesoregion": "Sertão Paraibano",
    "region": "Nordeste"
  },
  {
    "id": "2500809",
    "name": "Araçagi",
    "state": "PB",
    "state_name": "Paraíba",
    "microregion": "Guarabira",
    "mesoregion": "Agreste Paraibano",
    "region": "Nordeste"
  },
  {
    "id": "2500908",
    "name": "Arara",
    "state": "PB",
    "state_name": "Paraíba",
    "microregion": "Curimataú Ocidental",
    "mesoregion": "Agreste Paraibano",
    "region": "Nordeste"
  },
  {
    "id": "2501005",
    "name": "Araruna",
    "state": "PB",
    "state_name": "Paraíba",
    "microregion": "Curimataú Oriental",
    "mesoregion": "Agreste Paraibano",
    "region": "Nordeste"
  },
  {
    "id": "2501104",
    "name": "Areia",
    "state": "PB",
    "state_name": "Paraíba",
    "microregion": "Brejo Paraibano",
    "mesoregion": "Agreste Paraibano",
    "region": "Nordeste"
  },
  {
    "id": "2501153",
    "name": "Areia de Baraúnas",
    "state": "PB",
    "state_name": "Paraíba",
    "microregion": "Patos",
    "mesoregion": "Sertão Paraibano",
    "region": "Nordeste"
  },
  {
    "id": "2501203",
    "name": "Areial",
    "state": "PB",
    "state_name": "Paraíba",
    "microregion": "Esperança",
    "mesoregion": "Agreste Paraibano",
    "region": "Nordeste"
  },
  {
    "id": "2501302",
    "name": "Aroeiras",
    "state": "PB",
    "state_name": "Paraíba",
    "microregion": "Umbuzeiro",
    "mesoregion": "Agreste Paraibano",
    "region": "Nordeste"
  },
  {
    "id": "2501351",
    "name": "Assunção",
    "state": "PB",
    "state_name": "Paraíba",
    "microregion": "Cariri Ocidental",
    "mesoregion": "Borborema",
    "region": "Nordeste"
  },
  {
    "id": "2501401",
    "name": "Baía da Traição",
    "state": "PB",
    "state_name": "Paraíba",
    "microregion": "Litoral Norte",
    "mesoregion": "Mata Paraibana",
    "region": "Nordeste"
  },
  {
    "id": "2501500",
    "name": "Bananeiras",
    "state": "PB",
    "state_name": "Paraíba",
    "microregion": "Brejo Paraibano",
    "mesoregion": "Agreste Paraibano",
    "region": "Nordeste"
  },
  {
    "id": "2501534",
    "name": "Baraúna",
    "state": "PB",
    "state_name": "Paraíba",
    "microregion": "Seridó Oriental Paraibano",
    "mesoregion": "Borborema",
    "region": "Nordeste"
  },
  {
    "id": "2501575",
    "name": "Barra de Santana",
    "state": "PB",
    "state_name": "Paraíba",
    "microregion": "Cariri Oriental",
    "mesoregion": "Borborema",
    "region": "Nordeste"
  },
  {
    "id": "2501609",
    "name": "Barra de Santa Rosa",
    "state": "PB",
    "state_name": "Paraíba",
    "microregion": "Curimataú Ocidental",
    "mesoregion": "Agreste Paraibano",
    "region": "Nordeste"
  },
  {
    "id": "2501708",
    "name": "Barra de São Miguel",
    "state": "PB",
    "state_name": "Paraíba",
    "microregion": "Cariri Oriental",
    "mesoregion": "Borborema",
    "region": "Nordeste"
  },
  {
    "id": "2501807",
    "name": "Bayeux",
    "state": "PB",
    "state_name": "Paraíba",
    "microregion": "João Pessoa",
    "mesoregion": "Mata Paraibana",
    "region": "Nordeste"
  },
  {
    "id": "2501906",
    "name": "Belém",
    "state": "PB",
    "state_name": "Paraíba",
    "microregion": "Guarabira",
    "mesoregion": "Agreste Paraibano",
    "region": "Nordeste"
  },
  {
    "id": "2502003",
    "name": "Belém do Brejo do Cruz",
    "state": "PB",
    "state_name": "Paraíba",
    "microregion": "Catolé do Rocha",
    "mesoregion": "Sertão Paraibano",
    "region": "Nordeste"
  },
  {
    "id": "2502052",
    "name": "Bernardino Batista",
    "state": "PB",
    "state_name": "Paraíba",
    "microregion": "Cajazeiras",
    "mesoregion": "Sertão Paraibano",
    "region": "Nordeste"
  },
  {
    "id": "2502102",
    "name": "Boa Ventura",
    "state": "PB",
    "state_name": "Paraíba",
    "microregion": "Itaporanga",
    "mesoregion": "Sertão Paraibano",
    "region": "Nordeste"
  },
  {
    "id": "2502151",
    "name": "Boa Vista",
    "state": "PB",
    "state_name": "Paraíba",
    "microregion": "Campina Grande",
    "mesoregion": "Agreste Paraibano",
    "region": "Nordeste"
  },
  {
    "id": "2502201",
    "name": "Bom Jesus",
    "state": "PB",
    "state_name": "Paraíba",
    "microregion": "Cajazeiras",
    "mesoregion": "Sertão Paraibano",
    "region": "Nordeste"
  },
  {
    "id": "2502300",
    "name": "Bom Sucesso",
    "state": "PB",
    "state_name": "Paraíba",
    "microregion": "Catolé do Rocha",
    "mesoregion": "Sertão Paraibano",
    "region": "Nordeste"
  },
  {
    "id": "2502409",
    "name": "Bonito de Santa Fé",
    "state": "PB",
    "state_name": "Paraíba",
    "microregion": "Cajazeiras",
    "mesoregion": "Sertão Paraibano",
    "region": "Nordeste"
  },
  {
    "id": "2502508",
    "name": "Boqueirão",
    "state": "PB",
    "state_name": "Paraíba",
    "microregion": "Cariri Oriental",
    "mesoregion": "Borborema",
    "region": "Nordeste"
  },
  {
    "id": "2502607",
    "name": "Igaracy",
    "state": "PB",
    "state_name": "Paraíba",
    "microregion": "Piancó",
    "mesoregion": "Sertão Paraibano",
    "region": "Nordeste"
  },
  {
    "id": "2502706",
    "name": "Borborema",
    "state": "PB",
    "state_name": "Paraíba",
    "microregion": "Brejo Paraibano",
    "mesoregion": "Agreste Paraibano",
    "region": "Nordeste"
  },
  {
    "id": "2502805",
    "name": "Brejo do Cruz",
    "state": "PB",
    "state_name": "Paraíba",
    "microregion": "Catolé do Rocha",
    "mesoregion": "Sertão Paraibano",
    "region": "Nordeste"
  },
  {
    "id": "2502904",
    "name": "Brejo dos Santos",
    "state": "PB",
    "state_name": "Paraíba",
    "microregion": "Catolé do Rocha",
    "mesoregion": "Sertão Paraibano",
    "region": "Nordeste"
  },
  {
    "id": "2503001",
    "name": "Caaporã",
    "state": "PB",
    "state_name": "Paraíba",
    "microregion": "Litoral Sul",
    "mesoregion": "Mata Paraibana",
    "region": "Nordeste"
  },
  {
    "id": "2503100",
    "name": "Cabaceiras",
    "state": "PB",
    "state_name": "Paraíba",
    "microregion": "Cariri Oriental",
    "mesoregion": "Borborema",
    "region": "Nordeste"
  },
  {
    "id": "2503209",
    "name": "Cabedelo",
    "state": "PB",
    "state_name": "Paraíba",
    "microregion": "João Pessoa",
    "mesoregion": "Mata Paraibana",
    "region": "Nordeste"
  },
  {
    "id": "2503308",
    "name": "Cachoeira dos Índios",
    "state": "PB",
    "state_name": "Paraíba",
    "microregion": "Cajazeiras",
    "mesoregion": "Sertão Paraibano",
    "region": "Nordeste"
  },
  {
    "id": "2503407",
    "name": "Cacimba de Areia",
    "state": "PB",
    "state_name": "Paraíba",
    "microregion": "Patos",
    "mesoregion": "Sertão Paraibano",
    "region": "Nordeste"
  },
  {
    "id": "2503506",
    "name": "Cacimba de Dentro",
    "state": "PB",
    "state_name": "Paraíba",
    "microregion": "Curimataú Oriental",
    "mesoregion": "Agreste Paraibano",
    "region": "Nordeste"
  },
  {
    "id": "2503555",
    "name": "Cacimbas",
    "state": "PB",
    "state_name": "Paraíba",
    "microregion": "Serra do Teixeira",
    "mesoregion": "Sertão Paraibano",
    "region": "Nordeste"
  },
  {
    "id": "2503605",
    "name": "Caiçara",
    "state": "PB",
    "state_name": "Paraíba",
    "microregion": "Guarabira",
    "mesoregion": "Agreste Paraibano",
    "region": "Nordeste"
  },
  {
    "id": "2503704",
    "name": "Cajazeiras",
    "state": "PB",
    "state_name": "Paraíba",
    "microregion": "Cajazeiras",
    "mesoregion": "Sertão Paraibano",
    "region": "Nordeste"
  },
  {
    "id": "2503753",
    "name": "Cajazeirinhas",
    "state": "PB",
    "state_name": "Paraíba",
    "microregion": "Sousa",
    "mesoregion": "Sertão Paraibano",
    "region": "Nordeste"
  },
  {
    "id": "2503803",
    "name": "Caldas Brandão",
    "state": "PB",
    "state_name": "Paraíba",
    "microregion": "Itabaiana",
    "mesoregion": "Agreste Paraibano",
    "region": "Nordeste"
  },
  {
    "id": "2503902",
    "name": "Camalaú",
    "state": "PB",
    "state_name": "Paraíba",
    "microregion": "Cariri Ocidental",
    "mesoregion": "Borborema",
    "region": "Nordeste"
  },
  {
    "id": "2504009",
    "name": "Campina Grande",
    "state": "PB",
    "state_name": "Paraíba",
    "microregion": "Campina Grande",
    "mesoregion": "Agreste Paraibano",
    "region": "Nordeste"
  },
  {
    "id": "2504033",
    "name": "Capim",
    "state": "PB",
    "state_name": "Paraíba",
    "microregion": "Litoral Norte",
    "mesoregion": "Mata Paraibana",
    "region": "Nordeste"
  },
  {
    "id": "2504074",
    "name": "Caraúbas",
    "state": "PB",
    "state_name": "Paraíba",
    "microregion": "Cariri Oriental",
    "mesoregion": "Borborema",
    "region": "Nordeste"
  },
  {
    "id": "2504108",
    "name": "Carrapateira",
    "state": "PB",
    "state_name": "Paraíba",
    "microregion": "Cajazeiras",
    "mesoregion": "Sertão Paraibano",
    "region": "Nordeste"
  },
  {
    "id": "2504157",
    "name": "Casserengue",
    "state": "PB",
    "state_name": "Paraíba",
    "microregion": "Curimataú Oriental",
    "mesoregion": "Agreste Paraibano",
    "region": "Nordeste"
  },
  {
    "id": "2504207",
    "name": "Catingueira",
    "state": "PB",
    "state_name": "Paraíba",
    "microregion": "Piancó",
    "mesoregion": "Sertão Paraibano",
    "region": "Nordeste"
  },
  {
    "id": "2504306",
    "name": "Catolé do Rocha",
    "state": "PB",
    "state_name": "Paraíba",
    "microregion": "Catolé do Rocha",
    "mesoregion": "Sertão Paraibano",
    "region": "Nordeste"
  },
  {
    "id": "2504355",
    "name": "Caturité",
    "state": "PB",
    "state_name": "Paraíba",
    "microregion": "Cariri Oriental",
    "mesoregion": "Borborema",
    "region": "Nordeste"
  },
  {
    "id": "2504405",
    "name": "Conceição",
    "state": "PB",
    "state_name": "Paraíba",
    "microregion": "Itaporanga",
    "mesoregion": "Sertão Paraibano",
    "region": "Nordeste"
  },
  {
    "id": "2504504",
    "name": "Condado",
    "state": "PB",
    "state_name": "Paraíba",
    "microregion": "Sousa",
    "mesoregion": "Sertão Paraibano",
    "region": "Nordeste"
  },
  {
    "id": "2504603",
    "name": "Conde",
    "state": "PB",
    "state_name": "Paraíba",
    "microregion": "João Pessoa",
    "mesoregion": "Mata Paraibana",
    "region": "Nordeste"
  },
  {
    "id": "2504702",
    "name": "Congo",
    "state": "PB",
    "state_name": "Paraíba",
    "microregion": "Cariri Ocidental",
    "mesoregion": "Borborema",
    "region": "Nordeste"
  },
  {
    "id": "2504801",
    "name": "Coremas",
    "state": "PB",
    "state_name": "Paraíba",
    "microregion": "Piancó",
    "mesoregion": "Sertão Paraibano",
    "region": "Nordeste"
  },
  {
    "id": "2504850",
    "name": "Coxixola",
    "state": "PB",
    "state_name": "Paraíba",
    "microregion": "Cariri Ocidental",
    "mesoregion": "Borborema",
    "region": "Nordeste"
  },
  {
    "id": "2504900",
    "name": "Cruz do Espírito Santo",
    "state": "PB",
    "state_name": "Paraíba",
    "microregion": "Sapé",
    "mesoregion": "Mata Paraibana",
    "region": "Nordeste"
  },
  {
    "id": "2505006",
    "name": "Cubati",
    "state": "PB",
    "state_name": "Paraíba",
    "microregion": "Seridó Oriental Paraibano",
    "mesoregion": "Borborema",
    "region": "Nordeste"
  },
  {
    "id": "2505105",
    "name": "Cuité",
    "state": "PB",
    "state_name": "Paraíba",
    "microregion": "Curimataú Ocidental",
    "mesoregion": "Agreste Paraibano",
    "region": "Nordeste"
  },
  {
    "id": "2505204",
    "name": "Cuitegi",
    "state": "PB",
    "state_name": "Paraíba",
    "microregion": "Guarabira",
    "mesoregion": "Agreste Paraibano",
    "region": "Nordeste"
  },
  {
    "id": "2505238",
    "name": "Cuité de Mamanguape",
    "state": "PB",
    "state_name": "Paraíba",
    "microregion": "Litoral Norte",
    "mesoregion": "Mata Paraibana",
    "region": "Nordeste"
  },
  {
    "id": "2505279",
    "name": "Curral de Cima",
    "state": "PB",
    "state_name": "Paraíba",
    "microregion": "Litoral Norte",
    "mesoregion": "Mata Paraibana",
    "region": "Nordeste"
  },
  {
    "id": "2505303",
    "name": "Curral Velho",
    "state": "PB",
    "state_name": "Paraíba",
    "microregion": "Itaporanga",
    "mesoregion": "Sertão Paraibano",
    "region": "Nordeste"
  },
  {
    "id": "2505352",
    "name": "Damião",
    "state": "PB",
    "state_name": "Paraíba",
    "microregion": "Curimataú Ocidental",
    "mesoregion": "Agreste Paraibano",
    "region": "Nordeste"
  },
  {
    "id": "2505402",
    "name": "Desterro",
    "state": "PB",
    "state_name": "Paraíba",
    "microregion": "Serra do Teixeira",
    "mesoregion": "Sertão Paraibano",
    "region": "Nordeste"
  },
  {
    "id": "2505501",
    "name": "Vista Serrana",
    "state": "PB",
    "state_name": "Paraíba",
    "microregion": "Sousa",
    "mesoregion": "Sertão Paraibano",
    "region": "Nordeste"
  },
  {
    "id": "2505600",
    "name": "Diamante",
    "state": "PB",
    "state_name": "Paraíba",
    "microregion": "Itaporanga",
    "mesoregion": "Sertão Paraibano",
    "region": "Nordeste"
  },
  {
    "id": "2505709",
    "name": "Dona Inês",
    "state": "PB",
    "state_name": "Paraíba",
    "microregion": "Curimataú Oriental",
    "mesoregion": "Agreste Paraibano",
    "region": "Nordeste"
  },
  {
    "id": "2505808",
    "name": "Duas Estradas",
    "state": "PB",
    "state_name": "Paraíba",
    "microregion": "Guarabira",
    "mesoregion": "Agreste Paraibano",
    "region": "Nordeste"
  },
  {
    "id": "2505907",
    "name": "Emas",
    "state": "PB",
    "state_name": "Paraíba",
    "microregion": "Piancó",
    "mesoregion": "Sertão Paraibano",
    "region": "Nordeste"
  },
  {
    "id": "2506004",
    "name": "Esperança",
    "state": "PB",
    "state_name": "Paraíba",
    "microregion": "Esperança",
    "mesoregion": "Agreste Paraibano",
    "region": "Nordeste"
  },
  {
    "id": "2506103",
    "name": "Fagundes",
    "state": "PB",
    "state_name": "Paraíba",
    "microregion": "Campina Grande",
    "mesoregion": "Agreste Paraibano",
    "region": "Nordeste"
  },
  {
    "id": "2506202",
    "name": "Frei Martinho",
    "state": "PB",
    "state_name": "Paraíba",
    "microregion": "Seridó Oriental Paraibano",
    "mesoregion": "Borborema",
    "region": "Nordeste"
  },
  {
    "id": "2506251",
    "name": "Gado Bravo",
    "state": "PB",
    "state_name": "Paraíba",
    "microregion": "Umbuzeiro",
    "mesoregion": "Agreste Paraibano",
    "region": "Nordeste"
  },
  {
    "id": "2506301",
    "name": "Guarabira",
    "state": "PB",
    "state_name": "Paraíba",
    "microregion": "Guarabira",
    "mesoregion": "Agreste Paraibano",
    "region": "Nordeste"
  },
  {
    "id": "2506400",
    "name": "Gurinhém",
    "state": "PB",
    "state_name": "Paraíba",
    "microregion": "Itabaiana",
    "mesoregion": "Agreste Paraibano",
    "region": "Nordeste"
  },
  {
    "id": "2506509",
    "name": "Gurjão",
    "state": "PB",
    "state_name": "Paraíba",
    "microregion": "Cariri Oriental",
    "mesoregion": "Borborema",
    "region": "Nordeste"
  },
  {
    "id": "2506608",
    "name": "Ibiara",
    "state": "PB",
    "state_name": "Paraíba",
    "microregion": "Itaporanga",
    "mesoregion": "Sertão Paraibano",
    "region": "Nordeste"
  },
  {
    "id": "2506707",
    "name": "Imaculada",
    "state": "PB",
    "state_name": "Paraíba",
    "microregion": "Serra do Teixeira",
    "mesoregion": "Sertão Paraibano",
    "region": "Nordeste"
  },
  {
    "id": "2506806",
    "name": "Ingá",
    "state": "PB",
    "state_name": "Paraíba",
    "microregion": "Itabaiana",
    "mesoregion": "Agreste Paraibano",
    "region": "Nordeste"
  },
  {
    "id": "2506905",
    "name": "Itabaiana",
    "state": "PB",
    "state_name": "Paraíba",
    "microregion": "Itabaiana",
    "mesoregion": "Agreste Paraibano",
    "region": "Nordeste"
  },
  {
    "id": "2507002",
    "name": "Itaporanga",
    "state": "PB",
    "state_name": "Paraíba",
    "microregion": "Itaporanga",
    "mesoregion": "Sertão Paraibano",
    "region": "Nordeste"
  },
  {
    "id": "2507101",
    "name": "Itapororoca",
    "state": "PB",
    "state_name": "Paraíba",
    "microregion": "Litoral Norte",
    "mesoregion": "Mata Paraibana",
    "region": "Nordeste"
  },
  {
    "id": "2507200",
    "name": "Itatuba",
    "state": "PB",
    "state_name": "Paraíba",
    "microregion": "Itabaiana",
    "mesoregion": "Agreste Paraibano",
    "region": "Nordeste"
  },
  {
    "id": "2507309",
    "name": "Jacaraú",
    "state": "PB",
    "state_name": "Paraíba",
    "microregion": "Litoral Norte",
    "mesoregion": "Mata Paraibana",
    "region": "Nordeste"
  },
  {
    "id": "2507408",
    "name": "Jericó",
    "state": "PB",
    "state_name": "Paraíba",
    "microregion": "Catolé do Rocha",
    "mesoregion": "Sertão Paraibano",
    "region": "Nordeste"
  },
  {
    "id": "2507507",
    "name": "João Pessoa",
    "state": "PB",
    "state_name": "Paraíba",
    "microregion": "João Pessoa",
    "mesoregion": "Mata Paraibana",
    "region": "Nordeste"
  },
  {
    "id": "2507606",
    "name": "Juarez Távora",
    "state": "PB",
    "state_name": "Paraíba",
    "microregion": "Itabaiana",
    "mesoregion": "Agreste Paraibano",
    "region": "Nordeste"
  },
  {
    "id": "2507705",
    "name": "Juazeirinho",
    "state": "PB",
    "state_name": "Paraíba",
    "microregion": "Seridó Oriental Paraibano",
    "mesoregion": "Borborema",
    "region": "Nordeste"
  },
  {
    "id": "2507804",
    "name": "Junco do Seridó",
    "state": "PB",
    "state_name": "Paraíba",
    "microregion": "Seridó Ocidental Paraibano",
    "mesoregion": "Borborema",
    "region": "Nordeste"
  },
  {
    "id": "2507903",
    "name": "Juripiranga",
    "state": "PB",
    "state_name": "Paraíba",
    "microregion": "Sapé",
    "mesoregion": "Mata Paraibana",
    "region": "Nordeste"
  },
  {
    "id": "2508000",
    "name": "Juru",
    "state": "PB",
    "state_name": "Paraíba",
    "microregion": "Serra do Teixeira",
    "mesoregion": "Sertão Paraibano",
    "region": "Nordeste"
  },
  {
    "id": "2508109",
    "name": "Lagoa",
    "state": "PB",
    "state_name": "Paraíba",
    "microregion": "Catolé do Rocha",
    "mesoregion": "Sertão Paraibano",
    "region": "Nordeste"
  },
  {
    "id": "2508208",
    "name": "Lagoa de Dentro",
    "state": "PB",
    "state_name": "Paraíba",
    "microregion": "Guarabira",
    "mesoregion": "Agreste Paraibano",
    "region": "Nordeste"
  },
  {
    "id": "2508307",
    "name": "Lagoa Seca",
    "state": "PB",
    "state_name": "Paraíba",
    "microregion": "Campina Grande",
    "mesoregion": "Agreste Paraibano",
    "region": "Nordeste"
  },
  {
    "id": "2508406",
    "name": "Lastro",
    "state": "PB",
    "state_name": "Paraíba",
    "microregion": "Sousa",
    "mesoregion": "Sertão Paraibano",
    "region": "Nordeste"
  },
  {
    "id": "2508505",
    "name": "Livramento",
    "state": "PB",
    "state_name": "Paraíba",
    "microregion": "Cariri Ocidental",
    "mesoregion": "Borborema",
    "region": "Nordeste"
  },
  {
    "id": "2508554",
    "name": "Logradouro",
    "state": "PB",
    "state_name": "Paraíba",
    "microregion": "Guarabira",
    "mesoregion": "Agreste Paraibano",
    "region": "Nordeste"
  },
  {
    "id": "2508604",
    "name": "Lucena",
    "state": "PB",
    "state_name": "Paraíba",
    "microregion": "João Pessoa",
    "mesoregion": "Mata Paraibana",
    "region": "Nordeste"
  },
  {
    "id": "2508703",
    "name": "Mãe d'Água",
    "state": "PB",
    "state_name": "Paraíba",
    "microregion": "Patos",
    "mesoregion": "Sertão Paraibano",
    "region": "Nordeste"
  },
  {
    "id": "2508802",
    "name": "Malta",
    "state": "PB",
    "state_name": "Paraíba",
    "microregion": "Sousa",
    "mesoregion": "Sertão Paraibano",
    "region": "Nordeste"
  },
  {
    "id": "2508901",
    "name": "Mamanguape",
    "state": "PB",
    "state_name": "Paraíba",
    "microregion": "Litoral Norte",
    "mesoregion": "Mata Paraibana",
    "region": "Nordeste"
  },
  {
    "id": "2509008",
    "name": "Manaíra",
    "state": "PB",
    "state_name": "Paraíba",
    "microregion": "Serra do Teixeira",
    "mesoregion": "Sertão Paraibano",
    "region": "Nordeste"
  },
  {
    "id": "2509057",
    "name": "Marcação",
    "state": "PB",
    "state_name": "Paraíba",
    "microregion": "Litoral Norte",
    "mesoregion": "Mata Paraibana",
    "region": "Nordeste"
  },
  {
    "id": "2509107",
    "name": "Mari",
    "state": "PB",
    "state_name": "Paraíba",
    "microregion": "Sapé",
    "mesoregion": "Mata Paraibana",
    "region": "Nordeste"
  },
  {
    "id": "2509156",
    "name": "Marizópolis",
    "state": "PB",
    "state_name": "Paraíba",
    "microregion": "Sousa",
    "mesoregion": "Sertão Paraibano",
    "region": "Nordeste"
  },
  {
    "id": "2509206",
    "name": "Massaranduba",
    "state": "PB",
    "state_name": "Paraíba",
    "microregion": "Campina Grande",
    "mesoregion": "Agreste Paraibano",
    "region": "Nordeste"
  },
  {
    "id": "2509305",
    "name": "Mataraca",
    "state": "PB",
    "state_name": "Paraíba",
    "microregion": "Litoral Norte",
    "mesoregion": "Mata Paraibana",
    "region": "Nordeste"
  },
  {
    "id": "2509339",
    "name": "Matinhas",
    "state": "PB",
    "state_name": "Paraíba",
    "microregion": "Brejo Paraibano",
    "mesoregion": "Agreste Paraibano",
    "region": "Nordeste"
  },
  {
    "id": "2509370",
    "name": "Mato Grosso",
    "state": "PB",
    "state_name": "Paraíba",
    "microregion": "Catolé do Rocha",
    "mesoregion": "Sertão Paraibano",
    "region": "Nordeste"
  },
  {
    "id": "2509396",
    "name": "Maturéia",
    "state": "PB",
    "state_name": "Paraíba",
    "microregion": "Serra do Teixeira",
    "mesoregion": "Sertão Paraibano",
    "region": "Nordeste"
  },
  {
    "id": "2509404",
    "name": "Mogeiro",
    "state": "PB",
    "state_name": "Paraíba",
    "microregion": "Itabaiana",
    "mesoregion": "Agreste Paraibano",
    "region": "Nordeste"
  },
  {
    "id": "2509503",
    "name": "Montadas",
    "state": "PB",
    "state_name": "Paraíba",
    "microregion": "Esperança",
    "mesoregion": "Agreste Paraibano",
    "region": "Nordeste"
  },
  {
    "id": "2509602",
    "name": "Monte Horebe",
    "state": "PB",
    "state_name": "Paraíba",
    "microregion": "Cajazeiras",
    "mesoregion": "Sertão Paraibano",
    "region": "Nordeste"
  },
  {
    "id": "2509701",
    "name": "Monteiro",
    "state": "PB",
    "state_name": "Paraíba",
    "microregion": "Cariri Ocidental",
    "mesoregion": "Borborema",
    "region": "Nordeste"
  },
  {
    "id": "2509800",
    "name": "Mulungu",
    "state": "PB",
    "state_name": "Paraíba",
    "microregion": "Guarabira",
    "mesoregion": "Agreste Paraibano",
    "region": "Nordeste"
  },
  {
    "id": "2509909",
    "name": "Natuba",
    "state": "PB",
    "state_name": "Paraíba",
    "microregion": "Umbuzeiro",
    "mesoregion": "Agreste Paraibano",
    "region": "Nordeste"
  },
  {
    "id": "2510006",
    "name": "Nazarezinho",
    "state": "PB",
    "state_name": "Paraíba",
    "microregion": "Sousa",
    "mesoregion": "Sertão Paraibano",
    "region": "Nordeste"
  },
  {
    "id": "2510105",
    "name": "Nova Floresta",
    "state": "PB",
    "state_name": "Paraíba",
    "microregion": "Curimataú Ocidental",
    "mesoregion": "Agreste Paraibano",
    "region": "Nordeste"
  },
  {
    "id": "2510204",
    "name": "Nova Olinda",
    "state": "PB",
    "state_name": "Paraíba",
    "microregion": "Piancó",
    "mesoregion": "Sertão Paraibano",
    "region": "Nordeste"
  },
  {
    "id": "2510303",
    "name": "Nova Palmeira",
    "state": "PB",
    "state_name": "Paraíba",
    "microregion": "Seridó Oriental Paraibano",
    "mesoregion": "Borborema",
    "region": "Nordeste"
  },
  {
    "id": "2510402",
    "name": "Olho d'Água",
    "state": "PB",
    "state_name": "Paraíba",
    "microregion": "Piancó",
    "mesoregion": "Sertão Paraibano",
    "region": "Nordeste"
  },
  {
    "id": "2510501",
    "name": "Olivedos",
    "state": "PB",
    "state_name": "Paraíba",
    "microregion": "Curimataú Ocidental",
    "mesoregion": "Agreste Paraibano",
    "region": "Nordeste"
  },
  {
    "id": "2510600",
    "name": "Ouro Velho",
    "state": "PB",
    "state_name": "Paraíba",
    "microregion": "Cariri Ocidental",
    "mesoregion": "Borborema",
    "region": "Nordeste"
  },
  {
    "id": "2510659",
    "name": "Parari",
    "state": "PB",
    "state_name": "Paraíba",
    "microregion": "Cariri Ocidental",
    "mesoregion": "Borborema",
    "region": "Nordeste"
  },
  {
    "id": "2510709",
    "name": "Passagem",
    "state": "PB",
    "state_name": "Paraíba",
    "microregion": "Patos",
    "mesoregion": "Sertão Paraibano",
    "region": "Nordeste"
  },
  {
    "id": "2510808",
    "name": "Patos",
    "state": "PB",
    "state_name": "Paraíba",
    "microregion": "Patos",
    "mesoregion": "Sertão Paraibano",
    "region": "Nordeste"
  },
  {
    "id": "2510907",
    "name": "Paulista",
    "state": "PB",
    "state_name": "Paraíba",
    "microregion": "Sousa",
    "mesoregion": "Sertão Paraibano",
    "region": "Nordeste"
  },
  {
    "id": "2511004",
    "name": "Pedra Branca",
    "state": "PB",
    "state_name": "Paraíba",
    "microregion": "Itaporanga",
    "mesoregion": "Sertão Paraibano",
    "region": "Nordeste"
  },
  {
    "id": "2511103",
    "name": "Pedra Lavrada",
    "state": "PB",
    "state_name": "Paraíba",
    "microregion": "Seridó Oriental Paraibano",
    "mesoregion": "Borborema",
    "region": "Nordeste"
  },
  {
    "id": "2511202",
    "name": "Pedras de Fogo",
    "state": "PB",
    "state_name": "Paraíba",
    "microregion": "Litoral Sul",
    "mesoregion": "Mata Paraibana",
    "region": "Nordeste"
  },
  {
    "id": "2511301",
    "name": "Piancó",
    "state": "PB",
    "state_name": "Paraíba",
    "microregion": "Piancó",
    "mesoregion": "Sertão Paraibano",
    "region": "Nordeste"
  },
  {
    "id": "2511400",
    "name": "Picuí",
    "state": "PB",
    "state_name": "Paraíba",
    "microregion": "Seridó Oriental Paraibano",
    "mesoregion": "Borborema",
    "region": "Nordeste"
  },
  {
    "id": "2511509",
    "name": "Pilar",
    "state": "PB",
    "state_name": "Paraíba",
    "microregion": "Sapé",
    "mesoregion": "Mata Paraibana",
    "region": "Nordeste"
  },
  {
    "id": "2511608",
    "name": "Pilões",
    "state": "PB",
    "state_name": "Paraíba",
    "microregion": "Brejo Paraibano",
    "mesoregion": "Agreste Paraibano",
    "region": "Nordeste"
  },
  {
    "id": "2511707",
    "name": "Pilõezinhos",
    "state": "PB",
    "state_name": "Paraíba",
    "microregion": "Guarabira",
    "mesoregion": "Agreste Paraibano",
    "region": "Nordeste"
  },
  {
    "id": "2511806",
    "name": "Pirpirituba",
    "state": "PB",
    "state_name": "Paraíba",
    "microregion": "Guarabira",
    "mesoregion": "Agreste Paraibano",
    "region": "Nordeste"
  },
  {
    "id": "2511905",
    "name": "Pitimbu",
    "state": "PB",
    "state_name": "Paraíba",
    "microregion": "Litoral Sul",
    "mesoregion": "Mata Paraibana",
    "region": "Nordeste"
  },
  {
    "id": "2512002",
    "name": "Pocinhos",
    "state": "PB",
    "state_name": "Paraíba",
    "microregion": "Curimataú Ocidental",
    "mesoregion": "Agreste Paraibano",
    "region": "Nordeste"
  },
  {
    "id": "2512036",
    "name": "Poço Dantas",
    "state": "PB",
    "state_name": "Paraíba",
    "microregion": "Cajazeiras",
    "mesoregion": "Sertão Paraibano",
    "region": "Nordeste"
  },
  {
    "id": "2512077",
    "name": "Poço de José de Moura",
    "state": "PB",
    "state_name": "Paraíba",
    "microregion": "Cajazeiras",
    "mesoregion": "Sertão Paraibano",
    "region": "Nordeste"
  },
  {
    "id": "2512101",
    "name": "Pombal",
    "state": "PB",
    "state_name": "Paraíba",
    "microregion": "Sousa",
    "mesoregion": "Sertão Paraibano",
    "region": "Nordeste"
  },
  {
    "id": "2512200",
    "name": "Prata",
    "state": "PB",
    "state_name": "Paraíba",
    "microregion": "Cariri Ocidental",
    "mesoregion": "Borborema",
    "region": "Nordeste"
  },
  {
    "id": "2512309",
    "name": "Princesa Isabel",
    "state": "PB",
    "state_name": "Paraíba",
    "microregion": "Serra do Teixeira",
    "mesoregion": "Sertão Paraibano",
    "region": "Nordeste"
  },
  {
    "id": "2512408",
    "name": "Puxinanã",
    "state": "PB",
    "state_name": "Paraíba",
    "microregion": "Campina Grande",
    "mesoregion": "Agreste Paraibano",
    "region": "Nordeste"
  },
  {
    "id": "2512507",
    "name": "Queimadas",
    "state": "PB",
    "state_name": "Paraíba",
    "microregion": "Campina Grande",
    "mesoregion": "Agreste Paraibano",
    "region": "Nordeste"
  },
  {
    "id": "2512606",
    "name": "Quixaba",
    "state": "PB",
    "state_name": "Paraíba",
    "microregion": "Patos",
    "mesoregion": "Sertão Paraibano",
    "region": "Nordeste"
  },
  {
    "id": "2512705",
    "name": "Remígio",
    "state": "PB",
    "state_name": "Paraíba",
    "microregion": "Curimataú Ocidental",
    "mesoregion": "Agreste Paraibano",
    "region": "Nordeste"
  },
  {
    "id": "2512721",
    "name": "Pedro Régis",
    "state": "PB",
    "state_name": "Paraíba",
    "microregion": "Litoral Norte",
    "mesoregion": "Mata Paraibana",
    "region": "Nordeste"
  },
  {
    "id": "2512747",
    "name": "Riachão",
    "state": "PB",
    "state_name": "Paraíba",
    "microregion": "Curimataú Oriental",
    "mesoregion": "Agreste Paraibano",
    "region": "Nordeste"
  },
  {
    "id": "2512754",
    "name": "Riachão do Bacamarte",
    "state": "PB",
    "state_name": "Paraíba",
    "microregion": "Itabaiana",
    "mesoregion": "Agreste Paraibano",
    "region": "Nordeste"
  },
  {
    "id": "2512762",
    "name": "Riachão do Poço",
    "state": "PB",
    "state_name": "Paraíba",
    "microregion": "Sapé",
    "mesoregion": "Mata Paraibana",
    "region": "Nordeste"
  },
  {
    "id": "2512788",
    "name": "Riacho de Santo Antônio",
    "state": "PB",
    "state_name": "Paraíba",
    "microregion": "Cariri Oriental",
    "mesoregion": "Borborema",
    "region": "Nordeste"
  },
  {
    "id": "2512804",
    "name": "Riacho dos Cavalos",
    "state": "PB",
    "state_name": "Paraíba",
    "microregion": "Catolé do Rocha",
    "mesoregion": "Sertão Paraibano",
    "region": "Nordeste"
  },
  {
    "id": "2512903",
    "name": "Rio Tinto",
    "state": "PB",
    "state_name": "Paraíba",
    "microregion": "Litoral Norte",
    "mesoregion": "Mata Paraibana",
    "region": "Nordeste"
  },
  {
    "id": "2513000",
    "name": "Salgadinho",
    "state": "PB",
    "state_name": "Paraíba",
    "microregion": "Seridó Ocidental Paraibano",
    "mesoregion": "Borborema",
    "region": "Nordeste"
  },
  {
    "id": "2513109",
    "name": "Salgado de São Félix",
    "state": "PB",
    "state_name": "Paraíba",
    "microregion": "Itabaiana",
    "mesoregion": "Agreste Paraibano",
    "region": "Nordeste"
  },
  {
    "id": "2513158",
    "name": "Santa Cecília",
    "state": "PB",
    "state_name": "Paraíba",
    "microregion": "Umbuzeiro",
    "mesoregion": "Agreste Paraibano",
    "region": "Nordeste"
  },
  {
    "id": "2513208",
    "name": "Santa Cruz",
    "state": "PB",
    "state_name": "Paraíba",
    "microregion": "Sousa",
    "mesoregion": "Sertão Paraibano",
    "region": "Nordeste"
  },
  {
    "id": "2513307",
    "name": "Santa Helena",
    "state": "PB",
    "state_name": "Paraíba",
    "microregion": "Cajazeiras",
    "mesoregion": "Sertão Paraibano",
    "region": "Nordeste"
  },
  {
    "id": "2513356",
    "name": "Santa Inês",
    "state": "PB",
    "state_name": "Paraíba",
    "microregion": "Itaporanga",
    "mesoregion": "Sertão Paraibano",
    "region": "Nordeste"
  },
  {
    "id": "2513406",
    "name": "Santa Luzia",
    "state": "PB",
    "state_name": "Paraíba",
    "microregion": "Seridó Ocidental Paraibano",
    "mesoregion": "Borborema",
    "region": "Nordeste"
  },
  {
    "id": "2513505",
    "name": "Santana de Mangueira",
    "state": "PB",
    "state_name": "Paraíba",
    "microregion": "Itaporanga",
    "mesoregion": "Sertão Paraibano",
    "region": "Nordeste"
  },
  {
    "id": "2513604",
    "name": "Santana dos Garrotes",
    "state": "PB",
    "state_name": "Paraíba",
    "microregion": "Piancó",
    "mesoregion": "Sertão Paraibano",
    "region": "Nordeste"
  },
  {
    "id": "2513653",
    "name": "Joca Claudino",
    "state": "PB",
    "state_name": "Paraíba",
    "microregion": "Cajazeiras",
    "mesoregion": "Sertão Paraibano",
    "region": "Nordeste"
  },
  {
    "id": "2513703",
    "name": "Santa Rita",
    "state": "PB",
    "state_name": "Paraíba",
    "microregion": "João Pessoa",
    "mesoregion": "Mata Paraibana",
    "region": "Nordeste"
  },
  {
    "id": "2513802",
    "name": "Santa Teresinha",
    "state": "PB",
    "state_name": "Paraíba",
    "microregion": "Patos",
    "mesoregion": "Sertão Paraibano",
    "region": "Nordeste"
  },
  {
    "id": "2513851",
    "name": "Santo André",
    "state": "PB",
    "state_name": "Paraíba",
    "microregion": "Cariri Oriental",
    "mesoregion": "Borborema",
    "region": "Nordeste"
  },
  {
    "id": "2513901",
    "name": "São Bento",
    "state": "PB",
    "state_name": "Paraíba",
    "microregion": "Catolé do Rocha",
    "mesoregion": "Sertão Paraibano",
    "region": "Nordeste"
  },
  {
    "id": "2513927",
    "name": "São Bentinho",
    "state": "PB",
    "state_name": "Paraíba",
    "microregion": "Sousa",
    "mesoregion": "Sertão Paraibano",
    "region": "Nordeste"
  },
  {
    "id": "2513943",
    "name": "São Domingos do Cariri",
    "state": "PB",
    "state_name": "Paraíba",
    "microregion": "Cariri Oriental",
    "mesoregion": "Borborema",
    "region": "Nordeste"
  },
  {
    "id": "2513968",
    "name": "São Domingos",
    "state": "PB",
    "state_name": "Paraíba",
    "microregion": "Sousa",
    "mesoregion": "Sertão Paraibano",
    "region": "Nordeste"
  },
  {
    "id": "2513984",
    "name": "São Francisco",
    "state": "PB",
    "state_name": "Paraíba",
    "microregion": "Sousa",
    "mesoregion": "Sertão Paraibano",
    "region": "Nordeste"
  },
  {
    "id": "2514008",
    "name": "São João do Cariri",
    "state": "PB",
    "state_name": "Paraíba",
    "microregion": "Cariri Oriental",
    "mesoregion": "Borborema",
    "region": "Nordeste"
  },
  {
    "id": "2514107",
    "name": "São João do Tigre",
    "state": "PB",
    "state_name": "Paraíba",
    "microregion": "Cariri Ocidental",
    "mesoregion": "Borborema",
    "region": "Nordeste"
  },
  {
    "id": "2514206",
    "name": "São José da Lagoa Tapada",
    "state": "PB",
    "state_name": "Paraíba",
    "microregion": "Sousa",
    "mesoregion": "Sertão Paraibano",
    "region": "Nordeste"
  },
  {
    "id": "2514305",
    "name": "São José de Caiana",
    "state": "PB",
    "state_name": "Paraíba",
    "microregion": "Itaporanga",
    "mesoregion": "Sertão Paraibano",
    "region": "Nordeste"
  },
  {
    "id": "2514404",
    "name": "São José de Espinharas",
    "state": "PB",
    "state_name": "Paraíba",
    "microregion": "Patos",
    "mesoregion": "Sertão Paraibano",
    "region": "Nordeste"
  },
  {
    "id": "2514453",
    "name": "São José dos Ramos",
    "state": "PB",
    "state_name": "Paraíba",
    "microregion": "Sapé",
    "mesoregion": "Mata Paraibana",
    "region": "Nordeste"
  },
  {
    "id": "2514503",
    "name": "São José de Piranhas",
    "state": "PB",
    "state_name": "Paraíba",
    "microregion": "Cajazeiras",
    "mesoregion": "Sertão Paraibano",
    "region": "Nordeste"
  },
  {
    "id": "2514552",
    "name": "São José de Princesa",
    "state": "PB",
    "state_name": "Paraíba",
    "microregion": "Serra do Teixeira",
    "mesoregion": "Sertão Paraibano",
    "region": "Nordeste"
  },
  {
    "id": "2514602",
    "name": "São José do Bonfim",
    "state": "PB",
    "state_name": "Paraíba",
    "microregion": "Patos",
    "mesoregion": "Sertão Paraibano",
    "region": "Nordeste"
  },
  {
    "id": "2514651",
    "name": "São José do Brejo do Cruz",
    "state": "PB",
    "state_name": "Paraíba",
    "microregion": "Catolé do Rocha",
    "mesoregion": "Sertão Paraibano",
    "region": "Nordeste"
  },
  {
    "id": "2514701",
    "name": "São José do Sabugi",
    "state": "PB",
    "state_name": "Paraíba",
    "microregion": "Seridó Ocidental Paraibano",
    "mesoregion": "Borborema",
    "region": "Nordeste"
  },
  {
    "id": "2514800",
    "name": "São José dos Cordeiros",
    "state": "PB",
    "state_name": "Paraíba",
    "microregion": "Cariri Ocidental",
    "mesoregion": "Borborema",
    "region": "Nordeste"
  },
  {
    "id": "2514909",
    "name": "São Mamede",
    "state": "PB",
    "state_name": "Paraíba",
    "microregion": "Seridó Ocidental Paraibano",
    "mesoregion": "Borborema",
    "region": "Nordeste"
  },
  {
    "id": "2515005",
    "name": "São Miguel de Taipu",
    "state": "PB",
    "state_name": "Paraíba",
    "microregion": "Sapé",
    "mesoregion": "Mata Paraibana",
    "region": "Nordeste"
  },
  {
    "id": "2515104",
    "name": "São Sebastião de Lagoa de Roça",
    "state": "PB",
    "state_name": "Paraíba",
    "microregion": "Esperança",
    "mesoregion": "Agreste Paraibano",
    "region": "Nordeste"
  },
  {
    "id": "2515203",
    "name": "São Sebastião do Umbuzeiro",
    "state": "PB",
    "state_name": "Paraíba",
    "microregion": "Cariri Ocidental",
    "mesoregion": "Borborema",
    "region": "Nordeste"
  },
  {
    "id": "2515302",
    "name": "Sapé",
    "state": "PB",
    "state_name": "Paraíba",
    "microregion": "Sapé",
    "mesoregion": "Mata Paraibana",
    "region": "Nordeste"
  },
  {
    "id": "2515401",
    "name": "São Vicente do Seridó",
    "state": "PB",
    "state_name": "Paraíba",
    "microregion": "Seridó Oriental Paraibano",
    "mesoregion": "Borborema",
    "region": "Nordeste"
  },
  {
    "id": "2515500",
    "name": "Serra Branca",
    "state": "PB",
    "state_name": "Paraíba",
    "microregion": "Cariri Ocidental",
    "mesoregion": "Borborema",
    "region": "Nordeste"
  },
  {
    "id": "2515609",
    "name": "Serra da Raiz",
    "state": "PB",
    "state_name": "Paraíba",
    "microregion": "Guarabira",
    "mesoregion": "Agreste Paraibano",
    "region": "Nordeste"
  },
  {
    "id": "2515708",
    "name": "Serra Grande",
    "state": "PB",
    "state_name": "Paraíba",
    "microregion": "Itaporanga",
    "mesoregion": "Sertão Paraibano",
    "region": "Nordeste"
  },
  {
    "id": "2515807",
    "name": "Serra Redonda",
    "state": "PB",
    "state_name": "Paraíba",
    "microregion": "Campina Grande",
    "mesoregion": "Agreste Paraibano",
    "region": "Nordeste"
  },
  {
    "id": "2515906",
    "name": "Serraria",
    "state": "PB",
    "state_name": "Paraíba",
    "microregion": "Brejo Paraibano",
    "mesoregion": "Agreste Paraibano",
    "region": "Nordeste"
  },
  {
    "id": "2515930",
    "name": "Sertãozinho",
    "state": "PB",
    "state_name": "Paraíba",
    "microregion": "Guarabira",
    "mesoregion": "Agreste Paraibano",
    "region": "Nordeste"
  },
  {
    "id": "2515971",
    "name": "Sobrado",
    "state": "PB",
    "state_name": "Paraíba",
    "microregion": "Sapé",
    "mesoregion": "Mata Paraibana",
    "region": "Nordeste"
  },
  {
    "id": "2516003",
    "name": "Solânea",
    "state": "PB",
    "state_name": "Paraíba",
    "microregion": "Curimataú Oriental",
    "mesoregion": "Agreste Paraibano",
    "region": "Nordeste"
  },
  {
    "id": "2516102",
    "name": "Soledade",
    "state": "PB",
    "state_name": "Paraíba",
    "microregion": "Curimataú Ocidental",
    "mesoregion": "Agreste Paraibano",
    "region": "Nordeste"
  },
  {
    "id": "2516151",
    "name": "Sossêgo",
    "state": "PB",
    "state_name": "Paraíba",
    "microregion": "Curimataú Ocidental",
    "mesoregion": "Agreste Paraibano",
    "region": "Nordeste"
  },
  {
    "id": "2516201",
    "name": "Sousa",
    "state": "PB",
    "state_name": "Paraíba",
    "microregion": "Sousa",
    "mesoregion": "Sertão Paraibano",
    "region": "Nordeste"
  },
  {
    "id": "2516300",
    "name": "Sumé",
    "state": "PB",
    "state_name": "Paraíba",
    "microregion": "Cariri Ocidental",
    "mesoregion": "Borborema",
    "region": "Nordeste"
  },
  {
    "id": "2516409",
    "name": "Tacima",
    "state": "PB",
    "state_name": "Paraíba",
    "microregion": "Curimataú Oriental",
    "mesoregion": "Agreste Paraibano",
    "region": "Nordeste"
  },
  {
    "id": "2516508",
    "name": "Taperoá",
    "state": "PB",
    "state_name": "Paraíba",
    "microregion": "Cariri Ocidental",
    "mesoregion": "Borborema",
    "region": "Nordeste"
  },
  {
    "id": "2516607",
    "name": "Tavares",
    "state": "PB",
    "state_name": "Paraíba",
    "microregion": "Serra do Teixeira",
    "mesoregion": "Sertão Paraibano",
    "region": "Nordeste"
  },
  {
    "id": "2516706",
    "name": "Teixeira",
    "state": "PB",
    "state_name": "Paraíba",
    "microregion": "Serra do Teixeira",
    "mesoregion": "Sertão Paraibano",
    "region": "Nordeste"
  },
  {
    "id": "2516755",
    "name": "Tenório",
    "state": "PB",
    "state_name": "Paraíba",
    "microregion": "Seridó Oriental Paraibano",
    "mesoregion": "Borborema",
    "region": "Nordeste"
  },
  {
    "id": "2516805",
    "name": "Triunfo",
    "state": "PB",
    "state_name": "Paraíba",
    "microregion": "Cajazeiras",
    "mesoregion": "Sertão Paraibano",
    "region": "Nordeste"
  },
  {
    "id": "2516904",
    "name": "Uiraúna",
    "state": "PB",
    "state_name": "Paraíba",
    "microregion": "Cajazeiras",
    "mesoregion": "Sertão Paraibano",
    "region": "Nordeste"
  },
  {
    "id": "2517001",
    "name": "Umbuzeiro",
    "state": "PB",
    "state_name": "Paraíba",
    "microregion": "Umbuzeiro",
    "mesoregion": "Agreste Paraibano",
    "region": "Nordeste"
  },
  {
    "id": "2517100",
    "name": "Várzea",
    "state": "PB",
    "state_name": "Paraíba",
    "microregion": "Seridó Ocidental Paraibano",
    "mesoregion": "Borborema",
    "region": "Nordeste"
  },
  {
    "id": "2517209",
    "name": "Vieirópolis",
    "state": "PB",
    "state_name": "Paraíba",
    "microregion": "Sousa",
    "mesoregion": "Sertão Paraibano",
    "region": "Nordeste"
  },
  {
    "id": "2517407",
    "name": "Zabelê",
    "state": "PB",
    "state_name": "Paraíba",
    "microregion": "Cariri Ocidental",
    "mesoregion": "Borborema",
    "region": "Nordeste"
  }
]