[
  {
    "id": "1500107",
    "name": "Abaetetuba",
    "state": "PA",
    "state_name": "Pará",
    "microregion": "Cametá",
    "mesoregion": "Nordeste Paraense",
    "region": "Norte"
  },
  {
    "id": "1500131",
    "name": "Abel Figueiredo",
    "state": "PA",
    "state_name": "Pará",
    "microregion": "Paragominas",
    "mesoregion": "Sudeste Paraense",
    "region": "Norte"
  },
  {
    "id": "1500206",
    "name": "Acará",
    "state": "PA",
    "state_name": "Pará",
    "microregion": "Tomé-Açu",
    "mesoregion": "Nordeste Paraense",
    "region": "Norte"
  },
  {
    "id": "1500305",
    "name": "Afuá",
    "state": "PA",
    "state_name": "Pará",
    "microregion": "Furos de Breves",
    "mesoregion": "Marajó",
    "region": "Norte"
  },
  {
    "id": "1500347",
    "name": "Água Azul do Norte",
    "state": "PA",
    "state_name": "Pará",
    "microregion": "Parauapebas",
    "mesoregion": "Sudeste Paraense",
    "region": "Norte"
  },
  {
    "id": "1500404",
    "name": "Alenquer",
    "state": "PA",
    "state_name": "Pará",
    "microregion": "Santarém",
    "mesoregion": "Baixo Amazonas",
    "region": "Norte"
  },
  {
    "id": "1500503",
    "name": "Almeirim",
    "state": "PA",
    "state_name": "Pará",
    "microregion": "Almeirim",
    "mesoregion": "Baixo Amazonas",
    "region": "Norte"
  },
  {
    "id": "1500602",
    "name": "Altamira",
    "state": "PA",
    "state_name": "Pará",
    "microregion": "Altamira",
    "mesoregion": "Sudoeste Paraense",
    "region": "Norte"
  },
  {
    "id": "1500701",
    "name": "Anajás",
    "state": "PA",
    "state_name": "Pará",
    "microregion": "Furos de Breves",
    "mesoregion": "Marajó",
    "region": "Norte"
  },
  {
    "id": "1500800",
    "name": "Ananindeua",
    "state": "PA",
    "state_name": "Pará",
    "microregion": "Belém",
    "mesoregion": "Metropolitana de Belém",
    "region": "Norte"
  },
  {
    "id": "1500859",
    "name": "Anapu",
    "state": "PA",
    "state_name": "Pará",
    "microregion": "Altamira",
    "mesoregion": "Sudoeste Paraense",
    "region": "Norte"
  },
  {
    "id": "1500909",
    "name": "Augusto Corrêa",
    "state": "PA",
    "state_name": "Pará",
    "microregion": "Bragantina",
    "mesoregion": "Nordeste Paraense",
    "region": "Norte"
  },
  {
    "id": "1500958",
    "name": "Aurora do Pará",
    "state": "PA",
    "state_name": "Pará",
    "microregion": "Guamá",
    "mesoregion": "Nordeste Paraense",
    "region": "Norte"
  },
  {
    "id": "1501006",
    "name": "Aveiro",
    "state": "PA",
    "state_name": "Pará",
    "microregion": "Itaituba",
    "mesoregion": "Sudoeste Paraense",
    "region": "Norte"
  },
  {
    "id": "1501105",
    "name": "Bagre",
    "state": "PA",
    "state_name": "Pará",
    "microregion": "Portel",
    "mesoregion": "Marajó",
    "region": "Norte"
  },
  {
    "id": "1501204",
    "name": "Baião",
    "state": "PA",
    "state_name": "Pará",
    "microregion": "Cametá",
    "mesoregion": "Nordeste Paraense",
    "region": "Norte"
  },
  {
    "id": "1501253",
    "name": "Bannach",
    "state": "PA",
    "state_name": "Pará",
    "microregion": "São Félix do Xingu",
    "mesoregion": "Sudeste Paraense",
    "region": "Norte"
  },
  {
    "id": "1501303",
    "name": "Barcarena",
    "state": "PA",
    "state_name": "Pará",
    "microregion": "Belém",
    "mesoregion": "Metropolitana de Belém",
    "region": "Norte"
  },
  {
    "id": "1501402",
    "name": "Belém",
    "state": "PA",
    "state_name": "Pará",
    "microregion": "Belém",
    "mesoregion": "Metropolitana de Belém",
    "region": "Norte"
  },
  {
    "id": "1501451",
    "name": "Belterra",
    "state": "PA",
    "state_name": "Pará",
    "microregion": "Santarém",
    "mesoregion": "Baixo Amazonas",
    "region": "Norte"
  },
  {
    "id": "1501501",
    "name": "Benevides",
    "state": "PA",
    "state_name": "Pará",
    "microregion": "Belém",
    "mesoregion": "Metropolitana de Belém",
    "region": "Norte"
  },
  {
    "id": "1501576",
    "name": "Bom Jesus do Tocantins",
    "state": "PA",
    "state_name": "Pará",
    "microregion": "Paragominas",
    "mesoregion": "Sudeste Paraense",
    "region": "Norte"
  },
  {
    "id": "1501600",
    "name": "Bonito",
    "state": "PA",
    "state_name": "Pará",
    "microregion": "Bragantina",
    "mesoregion": "Nordeste Paraense",
    "region": "Norte"
  },
  {
    "id": "1501709",
    "name": "Bragança",
    "state": "PA",
    "state_name": "Pará",
    "microregion": "Bragantina",
    "mesoregion": "Nordeste Paraense",
    "region": "Norte"
  },
  {
    "id": "1501725",
    "name": "Brasil Novo",
    "state": "PA",
    "state_name": "Pará",
    "microregion": "Altamira",
    "mesoregion": "Sudoeste Paraense",
    "region": "Norte"
  },
  {
    "id": "1501758",
    "name": "Brejo Grande do Araguaia",
    "state": "PA",
    "state_name": "Pará",
    "microregion": "Marabá",
    "mesoregion": "Sudeste Paraense",
    "region": "Norte"
  },
  {
    "id": "1501782",
    "name": "Breu Branco",
    "state": "PA",
    "state_name": "Pará",
    "microregion": "Tucuruí",
    "mesoregion": "Sudeste Paraense",
    "region": "Norte"
  },
  {
    "id": "1501808",
    "name": "Breves",
    "state": "PA",
    "state_name": "Pará",
    "microregion": "Furos de Breves",
    "mesoregion": "Marajó",
    "region": "Norte"
  },
  {
    "id": "1501907",
    "name": "Bujaru",
    "state": "PA",
    "state_name": "Pará",
    "microregion": "Castanhal",
    "mesoregion": "Metropolitana de Belém",
    "region": "Norte"
  },
  {
    "id": "1501956",
    "name": "Cachoeira do Piriá",
    "state": "PA",
    "state_name": "Pará",
    "microregion": "Guamá",
    "mesoregion": "Nordeste Paraense",
    "region": "Norte"
  },
  {
    "id": "1502004",
    "name": "Cachoeira do Arari",
    "state": "PA",
    "state_name": "Pará",
    "microregion": "Arari",
    "mesoregion": "Marajó",
    "region": "Norte"
  },
  {
    "id": "1502103",
    "name": "Cametá",
    "state": "PA",
    "state_name": "Pará",
    "microregion": "Cametá",
    "mesoregion": "Nordeste Paraense",
    "region": "Norte"
  },
  {
    "id": "1502152",
    "name": "Canaã dos Carajás",
    "state": "PA",
    "state_name": "Pará",
    "microregion": "Parauapebas",
    "mesoregion": "Sudeste Paraense",
    "region": "Norte"
  },
  {
    "id": "1502202",
    "name": "Capanema",
    "state": "PA",
    "state_name": "Pará",
    "microregion": "Bragantina",
    "mesoregion": "Nordeste Paraense",
    "region": "Norte"
  },
  {
    "id": "1502301",
    "name": "Capitão Poço",
    "state": "PA",
    "state_name": "Pará",
    "microregion": "Guamá",
    "mesoregion": "Nordeste Paraense",
    "region": "Norte"
  },
  {
    "id": "1502400",
    "name": "Castanhal",
    "state": "PA",
    "state_name": "Pará",
    "microregion": "Castanhal",
    "mesoregion": "Metropolitana de Belém",
    "region": "Norte"
  },
  {
    "id": "1502509",
    "name": "Chaves",
    "state": "PA",
    "state_name": "Pará",
    "microregion": "Arari",
    "mesoregion": "Marajó",
    "region": "Norte"
  },
  {
    "id": "1502608",
    "name": "Colares",
    "state": "PA",
    "state_name": "Pará",
    "microregion": "Salgado",
    "mesoregion": "Nordeste Paraense",
    "region": "Norte"
  },
  {
    "id": "1502707",
    "name": "Conceição do Araguaia",
    "state": "PA",
    "state_name": "Pará",
    "microregion": "Conceição do Araguaia",
    "mesoregion": "Sudeste Paraense",
    "region": "Norte"
  },
  {
    "id": "1502756",
    "name": "Concórdia do Pará",
    "state": "PA",
    "state_name": "Pará",
    "microregion": "Tomé-Açu",
    "mesoregion": "Nordeste Paraense",
    "region": "Norte"
  },
  {
    "id": "1502764",
    "name": "Cumaru do Norte",
    "state": "PA",
    "state_name": "Pará",
    "microregion": "São Félix do Xingu",
    "mesoregion": "Sudeste Paraense",
    "region": "Norte"
  },
  {
    "id": "1502772",
    "name": "Curionópolis",
    "state": "PA",
    "state_name": "Pará",
    "microregion": "Parauapebas",
    "mesoregion": "Sudeste Paraense",
    "region": "Norte"
  },
  {
    "id": "1502806",
    "name": "Curralinho",
    "state": "PA",
    "state_name": "Pará",
    "microregion": "Furos de Breves",
    "mesoregion": "Marajó",
    "region": "Norte"
  },
  {
    "id": "1502855",
    "name": "Curuá",
    "state": "PA",
    "state_name": "Pará",
    "microregion": "Santarém",
    "mesoregion": "Baixo Amazonas",
    "region": "Norte"
  },
  {
    "id": "1502905",
    "name": "Curuçá",
    "state": "PA",
    "state_name": "Pará",
    "microregion": "Salgado",
    "mesoregion": "Nordeste Paraense",
    "region": "Norte"
  },
  {
    "id": "1502939",
    "name": "Dom Eliseu",
    "state": "PA",
    "state_name": "Pará",
    "microregion": "Paragominas",
    "mesoregion": "Sudeste Paraense",
    "region": "Norte"
  },
  {
    "id": "1502954",
    "name": "Eldorado do Carajás",
    "state": "PA",
    "state_name": "Pará",
    "microregion": "Parauapebas",
    "mesoregion": "Sudeste Paraense",
    "region": "Norte"
  },
  {
    "id": "1503002",
    "name": "Faro",
    "state": "PA",
    "state_name": "Pará",
    "microregion": "Óbidos",
    "mesoregion": "Baixo Amazonas",
    "region": "Norte"
  },
  {
    "id": "1503044",
    "name": "Floresta do Araguaia",
    "state": "PA",
    "state_name": "Pará",
    "microregion": "Conceição do Araguaia",
    "mesoregion": "Sudeste Paraense",
    "region": "Norte"
  },
  {
    "id": "1503077",
    "name": "Garrafão do Norte",
    "state": "PA",
    "state_name": "Pará",
    "microregion": "Guamá",
    "mesoregion": "Nordeste Paraense",
    "region": "Norte"
  },
  {
    "id": "1503093",
    "name": "Goianésia do Pará",
    "state": "PA",
    "state_name": "Pará",
    "microregion": "Paragominas",
    "mesoregion": "Sudeste Paraense",
    "region": "Norte"
  },
  {
    "id": "1503101",
    "name": "Gurupá",
    "state": "PA",
    "state_name": "Pará",
    "microregion": "Portel",
    "mesoregion": "Marajó",
    "region": "Norte"
  },
  {
    "id": "1503200",
    "name": "Igarapé-Açu",
    "state": "PA",
    "state_name": "Pará",
    "microregion": "Bragantina",
    "mesoregion": "Nordeste Paraense",
    "region": "Norte"
  },
  {
    "id": "1503309",
    "name": "Igarapé-Miri",
    "state": "PA",
    "state_name": "Pará",
    "microregion": "Cametá",
    "mesoregion": "Nordeste Paraense",
    "region": "Norte"
  },
  {
    "id": "1503408",
    "name": "Inhangapi",
    "state": "PA",
    "state_name": "Pará",
    "microregion": "Castanhal",
    "mesoregion": "Metropolitana de Belém",
    "region": "Norte"
  },
  {
    "id": "1503457",
    "name": "Ipixuna do Pará",
    "state": "PA",
    "state_name": "Pará",
    "microregion": "Guamá",
    "mesoregion": "Nordeste Paraense",
    "region": "Norte"
  },
  {
    "id": "1503507",
    "name": "Irituia",
    "state": "PA",
    "state_name": "Pará",
    "microregion": "Guamá",
    "mesoregion": "Nordeste Paraense",
    "region": "Norte"
  },
  {
    "id": "1503606",
    "name": "Itaituba",
    "state": "PA",
    "state_name": "Pará",
    "microregion": "Itaituba",
    "mesoregion": "Sudoeste Paraense",
    "region": "Norte"
  },
  {
    "id": "1503705",
    "name": "Itupiranga",
    "state": "PA",
    "state_name": "Pará",
    "microregion": "Tucuruí",
    "mesoregion": "Sudeste Paraense",
    "region": "Norte"
  },
  {
    "id": "1503754",
    "name": "Jacareacanga",
    "state": "PA",
    "state_name": "Pará",
    "microregion": "Itaituba",
    "mesoregion": "Sudoeste Paraense",
    "region": "Norte"
  },
  {
    "id": "1503804",
    "name": "Jacundá",
    "state": "PA",
    "state_name": "Pará",
    "microregion": "Tucuruí",
    "mesoregion": "Sudeste Paraense",
    "region": "Norte"
  },
  {
    "id": "1503903",
    "name": "Juruti",
    "state": "PA",
    "state_name": "Pará",
    "microregion": "Óbidos",
    "mesoregion": "Baixo Amazonas",
    "region": "Norte"
  },
  {
    "id": "1504000",
    "name": "Limoeiro do Ajuru",
    "state": "PA",
    "state_name": "Pará",
    "microregion": "Cametá",
    "mesoregion": "Nordeste Paraense",
    "region": "Norte"
  },
  {
    "id": "1504059",
    "name": "Mãe do Rio",
    "state": "PA",
    "state_name": "Pará",
    "microregion": "Guamá",
    "mesoregion": "Nordeste Paraense",
    "region": "Norte"
  },
  {
    "id": "1504109",
    "name": "Magalhães Barata",
    "state": "PA",
    "state_name": "Pará",
    "microregion": "Salgado",
    "mesoregion": "Nordeste Paraense",
    "region": "Norte"
  },
  {
    "id": "1504208",
    "name": "Marabá",
    "state": "PA",
    "state_name": "Pará",
    "microregion": "Marabá",
    "mesoregion": "Sudeste Paraense",
    "region": "Norte"
  },
  {
    "id": "1504307",
    "name": "Maracanã",
    "state": "PA",
    "state_name": "Pará",
    "microregion": "Salgado",
    "mesoregion": "Nordeste Paraense",
    "region": "Norte"
  },
  {
    "id": "1504406",
    "name": "Marapanim",
    "state": "PA",
    "state_name": "Pará",
    "microregion": "Salgado",
    "mesoregion": "Nordeste Paraense",
    "region": "Norte"
  },
  {
    "id": "1504422",
    "name": "Marituba",
    "state": "PA",
    "state_name": "Pará",
    "microregion": "Belém",
    "mesoregion": "Metropolitana de Belém",
    "region": "Norte"
  },
  {
    "id": "1504455",
    "name": "Medicilândia",
    "state": "PA",
    "state_name": "Pará",
    "microregion": "Altamira",
    "mesoregion": "Sudoeste Paraense",
    "region": "Norte"
  },
  {
    "id": "1504505",
    "name": "Melgaço",
    "state": "PA",
    "state_name": "Pará",
    "microregion": "Portel",
    "mesoregion": "Marajó",
    "region": "Norte"
  },
  {
    "id": "1504604",
    "name": "Mocajuba",
    "state": "PA",
    "state_name": "Pará",
    "microregion": "Cametá",
    "mesoregion": "Nordeste Paraense",
    "region": "Norte"
  },
  {
    "id": "1504703",
    "name": "Moju",
    "state": "PA",
    "state_name": "Pará",
    "microregion": "Tomé-Açu",
    "mesoregion": "Nordeste Paraense",
    "region": "Norte"
  },
  {
    "id": "1504752",
    "name": "Mojuí dos Campos",
    "state": "PA",
    "state_name": "Pará",
    "microregion": "Santarém",
    "mesoregion": "Baixo Amazonas",
    "region": "Norte"
  },
  {
    "id": "1504802",
    "name": "Monte Alegre",
    "state": "PA",
    "state_name": "Pará",
    "microregion": "Santarém",
    "mesoregion": "Baixo Amazonas",
    "region": "Norte"
  },
  {
    "id": "1504901",
    "name": "Muaná",
    "state": "PA",
    "state_name": "Pará",
    "microregion": "Arari",
    "mesoregion": "Marajó",
    "region": "Norte"
  },
  {
    "id": "1504950",
    "name": "Nova Esperança do Piriá",
    "state": "PA",
    "state_name": "Pará",
    "microregion": "Guamá",
    "mesoregion": "Nordeste Paraense",
    "region": "Norte"
  },
  {
    "id": "1504976",
    "name": "Nova Ipixuna",
    "state": "PA",
    "state_name": "Pará",
    "microregion": "Tucuruí",
    "mesoregion": "Sudeste Paraense",
    "region": "Norte"
  },
  {
    "id": "1505007",
    "name": "Nova Timboteua",
    "state": "PA",
    "state_name": "Pará",
    "microregion": "Bragantina",
    "mesoregion": "Nordeste Paraense",
    "region": "Norte"
  },
  {
    "id": "1505031",
    "name": "Novo Progresso",
    "state": "PA",
    "state_name": "Pará",
    "microregion": "Itaituba",
    "mesoregion": "Sudoeste Paraense",
    "region": "Norte"
  },
  {
    "id": "1505064",
    "name": "Novo Repartimento",
    "state": "PA",
    "state_name": "Pará",
    "microregion": "Tucuruí",
    "mesoregion": "Sudeste Paraense",
    "region": "Norte"
  },
  {
    "id": "1505106",
    "name": "Óbidos",
    "state": "PA",
    "state_name": "Pará",
    "microregion": "Óbidos",
    "mesoregion": "Baixo Amazonas",
    "region": "Norte"
  },
  {
    "id": "1505205",
    "name": "Oeiras do Pará",
    "state": "PA",
    "state_name": "Pará",
    "microregion": "Cametá",
    "mesoregion": "Nordeste Paraense",
    "region": "Norte"
  },
  {
    "id": "1505304",
    "name": "Oriximiná",
    "state": "PA",
    "state_name": "Pará",
    "microregion": "Óbidos",
    "mesoregion": "Baixo Amazonas",
    "region": "Norte"
  },
  {
    "id": "1505403",
    "name": "Ourém",
    "state": "PA",
    "state_name": "Pará",
    "microregion": "Guamá",
    "mesoregion": "Nordeste Paraense",
    "region": "Norte"
  },
  {
    "id": "1505437",
    "name": "Ourilândia do Norte",
    "state": "PA",
    "state_name": "Pará",
    "microregion": "São Félix do Xingu",
    "mesoregion": "Sudeste Paraense",
    "region": "Norte"
  },
  {
    "id": "1505486",
    "name": "Pacajá",
    "state": "PA",
    "state_name": "Pará",
    "microregion": "Altamira",
    "mesoregion": "Sudoeste Paraense",
    "region": "Norte"
  },
  {
    "id": "1505494",
    "name": "Palestina do Pará",
    "state": "PA",
    "state_name": "Pará",
    "microregion": "Marabá",
    "mesoregion": "Sudeste Paraense",
    "region": "Norte"
  },
  {
    "id": "1505502",
    "name": "Paragominas",
    "state": "PA",
    "state_name": "Pará",
    "microregion": "Paragominas",
    "mesoregion": "Sudeste Paraense",
    "region": "Norte"
  },
  {
    "id": "1505536",
    "name": "Parauapebas",
    "state": "PA",
    "state_name": "Pará",
    "microregion": "Parauapebas",
    "mesoregion": "Sudeste Paraense",
    "region": "Norte"
  },
  {
    "id": "1505551",
    "name": "Pau D'Arco",
    "state": "PA",
    "state_name": "Pará",
    "microregion": "Redenção",
    "mesoregion": "Sudeste Paraense",
    "region": "Norte"
  },
  {
    "id": "1505601",
    "name": "Peixe-Boi",
    "state": "PA",
    "state_name": "Pará",
    "microregion": "Bragantina",
    "mesoregion": "Nordeste Paraense",
    "region": "Norte"
  },
  {
    "id": "1505635",
    "name": "Piçarra",
    "state": "PA",
    "state_name": "Pará",
    "microregion": "Redenção",
    "mesoregion": "Sudeste Paraense",
    "region": "Norte"
  },
  {
    "id": "1505650",
    "name": "Placas",
    "state": "PA",
    "state_name": "Pará",
    "microregion": "Santarém",
    "mesoregion": "Baixo Amazonas",
    "region": "Norte"
  },
  {
    "id": "1505700",
    "name": "Ponta de Pedras",
    "state": "PA",
    "state_name": "Pará",
    "microregion": "Arari",
    "mesoregion": "Marajó",
    "region": "Norte"
  },
  {
    "id": "1505809",
    "name": "Portel",
    "state": "PA",
    "state_name": "Pará",
    "microregion": "Portel",
    "mesoregion": "Marajó",
    "region": "Norte"
  },
  {
    "id": "1505908",
    "name": "Porto de Moz",
    "state": "PA",
    "state_name": "Pará",
    "microregion": "Almeirim",
    "mesoregion": "Baixo Amazonas",
    "region": "Norte"
  },
  {
    "id": "1506005",
    "name": "Prainha",
    "state": "PA",
    "state_name": "Pará",
    "microregion": "Santarém",
    "mesoregion": "Baixo Amazonas",
    "region": "Norte"
  },
  {
    "id": "1506104",
    "name": "Primavera",
    "state": "PA",
    "state_name": "Pará",
    "microregion": "Bragantina",
    "mesoregion": "Nordeste Paraense",
    "region": "Norte"
  },
  {
    "id": "1506112",
    "name": "Quatipuru",
    "state": "PA",
    "state_name": "Pará",
    "microregion": "Bragantina",
    "mesoregion": "Nordeste Paraense",
    "region": "Norte"
  },
  {
    "id": "1506138",
    "name": "Redenção",
    "state": "PA",
    "state_name": "Pará",
    "microregion": "Redenção",
    "mesoregion": "Sudeste Paraense",
    "region": "Norte"
  },
  {
    "id": "1506161",
    "name": "Rio Maria",
    "state": "PA",
    "state_name": "Pará",
    "microregion": "Redenção",
    "mesoregion": "Sudeste Paraense",
    "region": "Norte"
  },
  {
    "id": "1506187",
    "name": "Rondon do Pará",
    "state": "PA",
    "state_name": "Pará",
    "microregion": "Paragominas",
    "mesoregion": "Sudeste Paraense",
    "region": "Norte"
  },
  {
    "id": "1506195",
    "name": "Rurópolis",
    "state": "PA",
    "state_name": "Pará",
    "microregion": "Itaituba",
    "mesoregion": "Sudoeste Paraense",
    "region": "Norte"
  },
  {
    "id": "1506203",
    "name": "Salinópolis",
    "state": "PA",
    "state_name": "Pará",
    "microregion": "Salgado",
    "mesoregion": "Nordeste Paraense",
    "region": "Norte"
  },
  {
    "id": "1506302",
    "name": "Salvaterra",
    "state": "PA",
    "state_name": "Pará",
    "microregion": "Arari",
    "mesoregion": "Marajó",
    "region": "Norte"
  },
  {
    "id": "1506351",
    "name": "Santa Bárbara do Pará",
    "state": "PA",
    "state_name": "Pará",
    "microregion": "Belém",
    "mesoregion": "Metropolitana de Belém",
    "region": "Norte"
  },
  {
    "id": "1506401",
    "name": "Santa Cruz do Arari",
    "state": "PA",
    "state_name": "Pará",
    "microregion": "Arari",
    "mesoregion": "Marajó",
    "region": "Norte"
  },
  {
    "id": "1506500",
    "name": "Santa Izabel do Pará",
    "state": "PA",
    "state_name": "Pará",
    "microregion": "Castanhal",
    "mesoregion": "Metropolitana de Belém",
    "region": "Norte"
  },
  {
    "id": "1506559",
    "name": "Santa Luzia do Pará",
    "state": "PA",
    "state_name": "Pará",
    "microregion": "Guamá",
    "mesoregion": "Nordeste Paraense",
    "region": "Norte"
  },
  {
    "id": "1506583",
    "name": "Santa Maria das Barreiras",
    "state": "PA",
    "state_name": "Pará",
    "microregion": "Conceição do Araguaia",
    "mesoregion": "Sudeste Paraense",
    "region": "Norte"
  },
  {
    "id": "1506609",
    "name": "Santa Maria do Pará",
    "state": "PA",
    "state_name": "Pará",
    "microregion": "Bragantina",
    "mesoregion": "Nordeste Paraense",
    "region": "Norte"
  },
  {
    "id": "1506708",
    "name": "Santana do Araguaia",
    "state": "PA",
    "state_name": "Pará",
    "microregion": "Conceição do Araguaia",
    "mesoregion": "Sudeste Paraense",
    "region": "Norte"
  },
  {
    "id": "1506807",
    "name": "Santarém",
    "state": "PA",
    "state_name": "Pará",
    "microregion": "Santarém",
    "mesoregion": "Baixo Amazonas",
    "region": "Norte"
  },
  {
    "id": "1506906",
    "name": "Santarém Novo",
    "state": "PA",
    "state_name": "Pará",
    "microregion": "Bragantina",
    "mesoregion": "Nordeste Paraense",
    "region": "Norte"
  },
  {
    "id": "1507003",
    "name": "Santo Antônio do Tauá",
    "state": "PA",
    "state_name": "Pará",
    "microregion": "Castanhal",
    "mesoregion": "Metropolitana de Belém",
    "region": "Norte"
  },
  {
    "id": "1507102",
    "name": "São Caetano de Odivelas",
    "state": "PA",
    "state_name": "Pará",
    "microregion": "Salgado",
    "mesoregion": "Nordeste Paraense",
    "region": "Norte"
  },
  {
    "id": "1507151",
    "name": "São Domingos do Araguaia",
    "state": "PA",
    "state_name": "Pará",
    "microregion": "Marabá",
    "mesoregion": "Sudeste Paraense",
    "region": "Norte"
  },
  {
    "id": "1507201",
    "name": "São Domingos do Capim",
    "state": "PA",
    "state_name": "Pará",
    "microregion": "Guamá",
    "mesoregion": "Nordeste Paraense",
    "region": "Norte"
  },
  {
    "id": "1507300",
    "name": "São Félix do Xingu",
    "state": "PA",
    "state_name": "Pará",
    "microregion": "São Félix do Xingu",
    "mesoregion": "Sudeste Paraense",
    "region": "Norte"
  },
  {
    "id": "1507409",
    "name": "São Francisco do Pará",
    "state": "PA",
    "state_name": "Pará",
    "microregion": "Bragantina",
    "mesoregion": "Nordeste Paraense",
    "region": "Norte"
  },
  {
    "id": "1507458",
    "name": "São Geraldo do Araguaia",
    "state": "PA",
    "state_name": "Pará",
    "microregion": "Redenção",
    "mesoregion": "Sudeste Paraense",
    "region": "Norte"
  },
  {
    "id": "1507466",
    "name": "São João da Ponta",
    "state": "PA",
    "state_name": "Pará",
    "microregion": "Salgado",
    "mesoregion": "Nordeste Paraense",
    "region": "Norte"
  },
  {
    "id": "1507474",
    "name": "São João de Pirabas",
    "state": "PA",
    "state_name": "Pará",
    "microregion": "Salgado",
    "mesoregion": "Nordeste Paraense",
    "region": "Norte"
  },
  {
    "id": "1507508",
    "name": "São João do Araguaia",
    "state": "PA",
    "state_name": "Pará",
    "microregion": "Marabá",
    "mesoregion": "Sudeste Paraense",
    "region": "Norte"
  },
  {
    "id": "1507607",
    "name": "São Miguel do Guamá",
    "state": "PA",
    "state_name": "Pará",
    "microregion": "Guamá",
    "mesoregion": "Nordeste Paraense",
    "region": "Norte"
  },
  {
    "id": "1507706",
    "name": "São Sebastião da Boa Vista",
    "state": "PA",
    "state_name": "Pará",
    "microregion": "Furos de Breves",
    "mesoregion": "Marajó",
    "region": "Norte"
  },
  {
    "id": "1507755",
    "name": "Sapucaia",
    "state": "PA",
    "state_name": "Pará",
    "microregion": "Redenção",
    "mesoregion": "Sudeste Paraense",
    "region": "Norte"
  },
  {
    "id": "1507805",
    "name": "Senador José Porfírio",
    "state": "PA",
    "state_name": "Pará",
    "microregion": "Altamira",
    "mesoregion": "Sudoeste Paraense",
    "region": "Norte"
  },
  {
    "id": "1507904",
    "name": "Soure",
    "state": "PA",
    "state_name": "Pará",
    "microregion": "Arari",
    "mesoregion": "Marajó",
    "region": "Norte"
  },
  {
    "id": "1507953",
    "name": "Tailândia",
    "state": "PA",
    "state_name": "Pará",
    "microregion": "Tomé-Açu",
    "mesoregion": "Nordeste Paraense",
    "region": "Norte"
  },
  {
    "id": "1507961",
    "name": "Terra Alta",
    "state": "PA",
    "state_name": "Pará",
    "microregion": "Salgado",
    "mesoregion": "Nordeste Paraense",
    "region": "Norte"
  },
  {
    "id": "1507979",
    "name": "Terra Santa",
    "state": "PA",
    "state_name": "Pará",
    "microregion": "Óbidos",
    "mesoregion": "Baixo Amazonas",
    "region": "Norte"
  },
  {
    "id": "1508001",
    "name": "Tomé-Açu",
    "state": "PA",
    "state_name": "Pará",
    "microregion": "Tomé-Açu",
    "mesoregion": "Nordeste Paraense",
    "region": "Norte"
  },
  {
    "id": "1508035",
    "name": "Tracuateua",
    "state": "PA",
    "state_name": "Pará",
    "microregion": "Bragantina",
    "mesoregion": "Nordeste Paraense",
    "region": "Norte"
  },
  {
    "id": "1508050",
    "name": "Trairão",
    "state": "PA",
    "state_name": "Pará",
    "microregion": "Itaituba",
    "mesoregion": "Sudoeste Paraense",
    "region": "Norte"
  },
  {
    "id": "1508084",
    "name": "Tucumã",
    "state": "PA",
    "state_name": "Pará",
    "microregion": "São Félix do Xingu",
    "mesoregion": "Sudeste Paraense",
    "region": "Norte"
  },
  {
    "id": "1508100",
    "name": "Tucuruí",
    "state": "PA",
    "state_name": "Pará",
    "microregion": "Tucuruí",
    "mesoregion": "Sudeste Paraense",
    "region": "Norte"
  },
  {
    "id": "1508126",
    "name": "Ulianópolis",
    "state": "PA",
    "state_name": "Pará",
    "microregion": "Paragominas",
    "mesoregion": "Sudeste Paraense",
    "region": "Norte"
  },
  {
    "id": "1508159",
    "name": "Uruará",
    "state": "PA",
    "state_name": "Pará",
    "microregion": "Altamira",
    "mesoregion": "Sudoeste Paraense",
    "region": "Norte"
  },
  {
    "id": "1508209",
    "name": "Vigia",
    "state": "PA",
    "state_name": "Pará",
    "microregion": "Salgado",
    "mesoregion": "Nordeste Paraense",
    "region": "Norte"
  },
  {
    "id": "1508308",
    "name": "Viseu",
    "state": "PA",
    "state_name": "Pará",
    "microregion": "Guamá",
    "mesoregion": "Nordeste Paraense",
    "region": "Norte"
  },
  {
    "id": "1508357",
    "name": "Vitória do Xingu",
    "state": "PA",
    "state_name": "Pará",
    "microregion": "Altamira",
    "mesoregion": "Sudoeste Paraense",
    "region": "Norte"
  },
  {
    "id": "1508407",
    "name": "Xinguara",
    "state": "PA",
    "state_name": "Pará",
    "microregion": "Redenção",
    "mesoregion": "Sudeste Paraense",
    "region": "Norte"
  }
]