[
  {
    "id": "2100055",
    "name": "Açailândia",
    "state": "MA",
    "state_name": "Maranhão",
    "microregion": "Imperatriz",
    "mesoregion": "Oeste Maranhense",
    "region": "Nordeste"
  },
  {
    "id": "2100105",
    "name": "Afonso Cunha",
    "state": "MA",
    "state_name": "Maranhão",
    "microregion": "Coelho Neto",
    "mesoregion": "Leste Maranhense",
    "region": "Nordeste"
  },
  {
    "id": "2100154",
    "name": "Água Doce do Maranhão",
    "state": "MA",
    "state_name": "Maranhão",
    "microregion": "Baixo Parnaíba Maranhense",
    "mesoregion": "Leste Maranhense",
    "region": "Nordeste"
  },
  {
    "id": "2100204",
    "name": "Alcântara",
    "state": "MA",
    "state_name": "Maranhão",
    "microregion": "Litoral Ocidental Maranhense",
    "mesoregion": "Norte Maranhense",
    "region": "Nordeste"
  },
  {
    "id": "2100303",
    "name": "Aldeias Altas",
    "state": "MA",
    "state_name": "Maranhão",
    "microregion": "Coelho Neto",
    "mesoregion": "Leste Maranhense",
    "region": "Nordeste"
  },
  {
    "id": "2100402",
    "name": "Altamira do Maranhão",
    "state": "MA",
    "state_name": "Maranhão",
    "microregion": "Pindaré",
    "mesoregion": "Oeste Maranhense",
    "region": "Nordeste"
  },
  {
    "id": "2100436",
    "name": "Alto Alegre do Maranhão",
    "state": "MA",
    "state_name": "Maranhão",
    "microregion": "Codó",
    "mesoregion": "Leste Maranhense",
    "region": "Nordeste"
  },
  {
    "id": "2100477",
    "name": "Alto Alegre do Pindaré",
    "state": "MA",
    "state_name": "Maranhão",
    "microregion": "Pindaré",
    "mesoregion": "Oeste Maranhense",
    "region": "Nordeste"
  },
  {
    "id": "2100501",
    "name": "Alto Parnaíba",
    "state": "MA",
    "state_name": "Maranhão",
    "microregion": "Gerais de Balsas",
    "mesoregion": "Sul Maranhense",
    "region": "Nordeste"
  },
  {
    "id": "2100550",
    "name": "Amapá do Maranhão",
    "state": "MA",
    "state_name": "Maranhão",
    "microregion": "Gurupi",
    "mesoregion": "Oeste Maranhense",
    "region": "Nordeste"
  },
  {
    "id": "2100600",
    "name": "Amarante do Maranhão",
    "state": "MA",
    "state_name": "Maranhão",
    "microregion": "Imperatriz",
    "mesoregion": "Oeste Maranhense",
    "region": "Nordeste"
  },
  {
    "id": "2100709",
    "name": "Anajatuba",
    "state": "MA",
    "state_name": "Maranhão",
    "microregion": "Baixada Maranhense",
    "mesoregion": "Norte Maranhense",
    "region": "Nordeste"
  },
  {
    "id": "2100808",
    "name": "Anapurus",
    "state": "MA",
    "state_name": "Maranhão",
    "microregion": "Chapadinha",
    "mesoregion": "Leste Maranhense",
    "region": "Nordeste"
  },
  {
    "id": "2100832",
    "name": "Apicum-Açu",
    "state": "MA",
    "state_name": "Maranhão",
    "microregion": "Litoral Ocidental Maranhense",
    "mesoregion": "Norte Maranhense",
    "region": "Nordeste"
  },
  {
    "id": "2100873",
    "name": "Araguanã",
    "state": "MA",
    "state_name": "Maranhão",
    "microregion": "Pindaré",
    "mesoregion": "Oeste Maranhense",
    "region": "Nordeste"
  },
  {
    "id": "2100907",
    "name": "Araioses",
    "state": "MA",
    "state_name": "Maranhão",
    "microregion": "Baixo Parnaíba Maranhense",
    "mesoregion": "Leste Maranhense",
    "region": "Nordeste"
  },
  {
    "id": "2100956",
    "name": "Arame",
    "state": "MA",
    "state_name": "Maranhão",
    "microregion": "Alto Mearim e Grajaú",
    "mesoregion": "Centro Maranhense",
    "region": "Nordeste"
  },
  {
    "id": "2101004",
    "name": "Arari",
    "state": "MA",
    "state_name": "Maranhão",
    "microregion": "Baixada Maranhense",
    "mesoregion": "Norte Maranhense",
    "region": "Nordeste"
  },
  {
    "id": "2101103",
    "name": "Axixá",
    "state": "MA",
    "state_name": "Maranhão",
    "microregion": "Rosário",
    "mesoregion": "Norte Maranhense",
    "region": "Nordeste"
  },
  {
    "id": "2101202",
    "name": "Bacabal",
    "state": "MA",
    "state_name": "Maranhão",
    "microregion": "Médio Mearim",
    "mesoregion": "Centro Maranhense",
    "region": "Nordeste"
  },
  {
    "id": "2101251",
    "name": "Bacabeira",
    "state": "MA",
    "state_name": "Maranhão",
    "microregion": "Rosário",
    "mesoregion": "Norte Maranhense",
    "region": "Nordeste"
  },
  {
    "id": "2101301",
    "name": "Bacuri",
    "state": "MA",
    "state_name": "Maranhão",
    "microregion": "Litoral Ocidental Maranhense",
    "mesoregion": "Norte Maranhense",
    "region": "Nordeste"
  },
  {
    "id": "2101350",
    "name": "Bacurituba",
    "state": "MA",
    "state_name": "Maranhão",
    "microregion": "Litoral Ocidental Maranhense",
    "mesoregion": "Norte Maranhense",
    "region": "Nordeste"
  },
  {
    "id": "2101400",
    "name": "Balsas",
    "state": "MA",
    "state_name": "Maranhão",
    "microregion": "Gerais de Balsas",
    "mesoregion": "Sul Maranhense",
    "region": "Nordeste"
  },
  {
    "id": "2101509",
    "name": "Barão de Grajaú",
    "state": "MA",
    "state_name": "Maranhão",
    "microregion": "Chapadas do Alto Itapecuru",
    "mesoregion": "Leste Maranhense",
    "region": "Nordeste"
  },
  {
    "id": "2101608",
    "name": "Barra do Corda",
    "state": "MA",
    "state_name": "Maranhão",
    "microregion": "Alto Mearim e Grajaú",
    "mesoregion": "Centro Maranhense",
    "region": "Nordeste"
  },
  {
    "id": "2101707",
    "name": "Barreirinhas",
    "state": "MA",
    "state_name": "Maranhão",
    "microregion": "Lençóis Maranhenses",
    "mesoregion": "Norte Maranhense",
    "region": "Nordeste"
  },
  {
    "id": "2101731",
    "name": "Belágua",
    "state": "MA",
    "state_name": "Maranhão",
    "microregion": "Chapadinha",
    "mesoregion": "Leste Maranhense",
    "region": "Nordeste"
  },
  {
    "id": "2101772",
    "name": "Bela Vista do Maranhão",
    "state": "MA",
    "state_name": "Maranhão",
    "microregion": "Baixada Maranhense",
    "mesoregion": "Norte Maranhense",
    "region": "Nordeste"
  },
  {
    "id": "2101806",
    "name": "Benedito Leite",
    "state": "MA",
    "state_name": "Maranhão",
    "microregion": "Chapadas das Mangabeiras",
    "mesoregion": "Sul Maranhense",
    "region": "Nordeste"
  },
  {
    "id": "2101905",
    "name": "Bequimão",
    "state": "MA",
    "state_name": "Maranhão",
    "microregion": "Litoral Ocidental Maranhense",
    "mesoregion": "Norte Maranhense",
    "region": "Nordeste"
  },
  {
    "id": "2101939",
    "name": "Bernardo do Mearim",
    "state": "MA",
    "state_name": "Maranhão",
    "microregion": "Médio Mearim",
    "mesoregion": "Centro Maranhense",
    "region": "Nordeste"
  },
  {
    "id": "2101970",
    "name": "Boa Vista do Gurupi",
    "state": "MA",
    "state_name": "Maranhão",
    "microregion": "Gurupi",
    "mesoregion": "Oeste Maranhense",
    "region": "Nordeste"
  },
  {
    "id": "2102002",
    "name": "Bom Jardim",
    "state": "MA",
    "state_name": "Maranhão",
    "microregion": "Pindaré",
    "mesoregion": "Oeste Maranhense",
    "region": "Nordeste"
  },
  {
    "id": "2102036",
    "name": "Bom Jesus das Selvas",
    "state": "MA",
    "state_name": "Maranhão",
    "microregion": "Pindaré",
    "mesoregion": "Oeste Maranhense",
    "region": "Nordeste"
  },
  {
    "id": "2102077",
    "name": "Bom Lugar",
    "state": "MA",
    "state_name": "Maranhão",
    "microregion": "Médio Mearim",
    "mesoregion": "Centro Maranhense",
    "region": "Nordeste"
  },
  {
    "id": "2102101",
    "name": "Brejo",
    "state": "MA",
    "state_name": "Maranhão",
    "microregion": "Chapadinha",
    "mesoregion": "Leste Maranhense",
    "region": "Nordeste"
  },
  {
    "id": "2102150",
    "name": "Brejo de Areia",
    "state": "MA",
    "state_name": "Maranhão",
    "microregion": "Pindaré",
    "mesoregion": "Oeste Maranhense",
    "region": "Nordeste"
  },
  {
    "id": "2102200",
    "name": "Buriti",
    "state": "MA",
    "state_name": "Maranhão",
    "microregion": "Chapadinha",
    "mesoregion": "Leste Maranhense",
    "region": "Nordeste"
  },
  {
    "id": "2102309",
    "name": "Buriti Bravo",
    "state": "MA",
    "state_name": "Maranhão",
    "microregion": "Caxias",
    "mesoregion": "Leste Maranhense",
    "region": "Nordeste"
  },
  {
    "id": "2102325",
    "name": "Buriticupu",
    "state": "MA",
    "state_name": "Maranhão",
    "microregion": "Pindaré",
    "mesoregion": "Oeste Maranhense",
    "region": "Nordeste"
  },
  {
    "id": "2102358",
    "name": "Buritirana",
    "state": "MA",
    "state_name": "Maranhão",
    "microregion": "Imperatriz",
    "mesoregion": "Oeste Maranhense",
    "region": "Nordeste"
  },
  {
    "id": "2102374",
    "name": "Cachoeira Grande",
    "state": "MA",
    "state_name": "Maranhão",
    "microregion": "Rosário",
    "mesoregion": "Norte Maranhense",
    "region": "Nordeste"
  },
  {
    "id": "2102408",
    "name": "Cajapió",
    "state": "MA",
    "state_name": "Maranhão",
    "microregion": "Litoral Ocidental Maranhense",
    "mesoregion": "Norte Maranhense",
    "region": "Nordeste"
  },
  {
    "id": "2102507",
    "name": "Cajari",
    "state": "MA",
    "state_name": "Maranhão",
    "microregion": "Baixada Maranhense",
    "mesoregion": "Norte Maranhense",
    "region": "Nordeste"
  },
  {
    "id": "2102556",
    "name": "Campestre do Maranhão",
    "state": "MA",
    "state_name": "Maranhão",
    "microregion": "Porto Franco",
    "mesoregion": "Sul Maranhense",
    "region": "Nordeste"
  },
  {
    "id": "2102606",
    "name": "Cândido Mendes",
    "state": "MA",
    "state_name": "Maranhão",
    "microregion": "Gurupi",
    "mesoregion": "Oeste Maranhense",
    "region": "Nordeste"
  },
  {
    "id": "2102705",
    "name": "Cantanhede",
    "state": "MA",
    "state_name": "Maranhão",
    "microregion": "Itapecuru Mirim",
    "mesoregion": "Norte Maranhense",
    "region": "Nordeste"
  },
  {
    "id": "2102754",
    "name": "Capinzal do Norte",
    "state": "MA",
    "state_name": "Maranhão",
    "microregion": "Codó",
    "mesoregion": "Leste Maranhense",
    "region": "Nordeste"
  },
  {
    "id": "2102804",
    "name": "Carolina",
    "state": "MA",
    "state_name": "Maranhão",
    "microregion": "Porto Franco",
    "mesoregion": "Sul Maranhense",
    "region": "Nordeste"
  },
  {
    "id": "2102903",
    "name": "Carutapera",
    "state": "MA",
    "state_name": "Maranhão",
    "microregion": "Gurupi",
    "mesoregion": "Oeste Maranhense",
    "region": "Nordeste"
  },
  {
    "id": "2103000",
    "name": "Caxias",
    "state": "MA",
    "state_name": "Maranhão",
    "microregion": "Caxias",
    "mesoregion": "Leste Maranhense",
    "region": "Nordeste"
  },
  {
    "id": "2103109",
    "name": "Cedral",
    "state": "MA",
    "state_name": "Maranhão",
    "microregion": "Litoral Ocidental Maranhense",
    "mesoregion": "Norte Maranhense",
    "region": "Nordeste"
  },
  {
    "id": "2103125",
    "name": "Central do Maranhão",
    "state": "MA",
    "state_name": "Maranhão",
    "microregion": "Litoral Ocidental Maranhense",
    "mesoregion": "Norte Maranhense",
    "region": "Nordeste"
  },
  {
    "id": "2103158",
    "name": "Centro do Guilherme",
    "state": "MA",
    "state_name": "Maranhão",
    "microregion": "Gurupi",
    "mesoregion": "Oeste Maranhense",
    "region": "Nordeste"
  },
  {
    "id": "2103174",
    "name": "Centro Novo do Maranhão",
    "state": "MA",
    "state_name": "Maranhão",
    "microregion": "Gurupi",
    "mesoregion": "Oeste Maranhense",
    "region": "Nordeste"
  },
  {
    "id": "2103208",
    "name": "Chapadinha",
    "state": "MA",
    "state_name": "Maranhão",
    "microregion": "Chapadinha",
    "mesoregion": "Leste Maranhense",
    "region": "Nordeste"
  },
  {
    "id": "2103257",
    "name": "Cidelândia",
    "state": "MA",
    "state_name": "Maranhão",
    "microregion": "Imperatriz",
    "mesoregion": "Oeste Maranhense",
    "region": "Nordeste"
  },
  {
    "id": "2103307",
    "name": "Codó",
    "state": "MA",
    "state_name": "Maranhão",
    "microregion": "Codó",
    "mesoregion": "Leste Maranhense",
    "region": "Nordeste"
  },
  {
    "id": "2103406",
    "name": "Coelho Neto",
    "state": "MA",
    "state_name": "Maranhão",
    "microregion": "Coelho Neto",
    "mesoregion": "Leste Maranhense",
    "region": "Nordeste"
  },
  {
    "id": "2103505",
    "name": "Colinas",
    "state": "MA",
    "state_name": "Maranhão",
    "microregion": "Chapadas do Alto Itapecuru",
    "mesoregion": "Leste Maranhense",
    "region": "Nordeste"
  },
  {
    "id": "2103554",
    "name": "Conceição do Lago-Açu",
    "state": "MA",
    "state_name": "Maranhão",
    "microregion": "Baixada Maranhense",
    "mesoregion": "Norte Maranhense",
    "region": "Nordeste"
  },
  {
    "id": "2103604",
    "name": "Coroatá",
    "state": "MA",
    "state_name": "Maranhão",
    "microregion": "Codó",
    "mesoregion": "Leste Maranhense",
    "region": "Nordeste"
  },
  {
    "id": "2103703",
    "name": "Cururupu",
    "state": "MA",
    "state_name": "Maranhão",
    "microregion": "Litoral Ocidental Maranhense",
    "mesoregion": "Norte Maranhense",
    "region": "Nordeste"
  },
  {
    "id": "2103752",
    "name": "Davinópolis",
    "state": "MA",
    "state_name": "Maranhão",
    "microregion": "Imperatriz",
    "mesoregion": "Oeste Maranhense",
    "region": "Nordeste"
  },
  {
    "id": "2103802",
    "name": "Dom Pedro",
    "state": "MA",
    "state_name": "Maranhão",
    "microregion": "Presidente Dutra",
    "mesoregion": "Centro Maranhense",
    "region": "Nordeste"
  },
  {
    "id": "2103901",
    "name": "Duque Bacelar",
    "state": "MA",
    "state_name": "Maranhão",
    "microregion": "Coelho Neto",
    "mesoregion": "Leste Maranhense",
    "region": "Nordeste"
  },
  {
    "id": "2104008",
    "name": "Esperantinópolis",
    "state": "MA",
    "state_name": "Maranhão",
    "microregion": "Médio Mearim",
    "mesoregion": "Centro Maranhense",
    "region": "Nordeste"
  },
  {
    "id": "2104057",
    "name": "Estreito",
    "state": "MA",
    "state_name": "Maranhão",
    "microregion": "Porto Franco",
    "mesoregion": "Sul Maranhense",
    "region": "Nordeste"
  },
  {
    "id": "2104073",
    "name": "Feira Nova do Maranhão",
    "state": "MA",
    "state_name": "Maranhão",
    "microregion": "Gerais de Balsas",
    "mesoregion": "Sul Maranhense",
    "region": "Nordeste"
  },
  {
    "id": "2104081",
    "name": "Fernando Falcão",
    "state": "MA",
    "state_name": "Maranhão",
    "microregion": "Alto Mearim e Grajaú",
    "mesoregion": "Centro Maranhense",
    "region": "Nordeste"
  },
  {
    "id": "2104099",
    "name": "Formosa da Serra Negra",
    "state": "MA",
    "state_name": "Maranhão",
    "microregion": "Alto Mearim e Grajaú",
    "mesoregion": "Centro Maranhense",
    "region": "Nordeste"
  },
  {
    "id": "2104107",
    "name": "Fortaleza dos Nogueiras",
    "state": "MA",
    "state_name": "Maranhão",
    "microregion": "Chapadas das Mangabeiras",
    "mesoregion": "Sul Maranhense",
    "region": "Nordeste"
  },
  {
    "id": "2104206",
    "name": "Fortuna",
    "state": "MA",
    "state_name": "Maranhão",
    "microregion": "Presidente Dutra",
    "mesoregion": "Centro Maranhense",
    "region": "Nordeste"
  },
  {
    "id": "2104305",
    "name": "Godofredo Viana",
    "state": "MA",
    "state_name": "Maranhão",
    "microregion": "Gurupi",
    "mesoregion": "Oeste Maranhense",
    "region": "Nordeste"
  },
  {
    "id": "2104404",
    "name": "Gonçalves Dias",
    "state": "MA",
    "state_name": "Maranhão",
    "microregion": "Presidente Dutra",
    "mesoregion": "Centro Maranhense",
    "region": "Nordeste"
  },
  {
    "id": "2104503",
    "name": "Governador Archer",
    "state": "MA",
    "state_name": "Maranhão",
    "microregion": "Presidente Dutra",
    "mesoregion": "Centro Maranhense",
    "region": "Nordeste"
  },
  {
    "id": "2104552",
    "name": "Governador Edison Lobão",
    "state": "MA",
    "state_name": "Maranhão",
    "microregion": "Imperatriz",
    "mesoregion": "Oeste Maranhense",
    "region": "Nordeste"
  },
  {
    "id": "2104602",
    "name": "Governador Eugênio Barros",
    "state": "MA",
    "state_name": "Maranhão",
    "microregion": "Presidente Dutra",
    "mesoregion": "Centro Maranhense",
    "region": "Nordeste"
  },
  {
    "id": "2104628",
    "name": "Governador Luiz Rocha",
    "state": "MA",
    "state_name": "Maranhão",
    "microregion": "Presidente Dutra",
    "mesoregion": "Centro Maranhense",
    "region": "Nordeste"
  },
  {
    "id": "2104651",
    "name": "Governador Newton Bello",
    "state": "MA",
    "state_name": "Maranhão",
    "microregion": "Pindaré",
    "mesoregion": "Oeste Maranhense",
    "region": "Nordeste"
  },
  {
    "id": "2104677",
    "name": "Governador Nunes Freire",
    "state": "MA",
    "state_name": "Maranhão",
    "microregion": "Gurupi",
    "mesoregion": "Oeste Maranhense",
    "region": "Nordeste"
  },
  {
    "id": "2104701",
    "name": "Graça Aranha",
    "state": "MA",
    "state_name": "Maranhão",
    "microregion": "Presidente Dutra",
    "mesoregion": "Centro Maranhense",
    "region": "Nordeste"
  },
  {
    "id": "2104800",
    "name": "Grajaú",
    "state": "MA",
    "state_name": "Maranhão",
    "microregion": "Alto Mearim e Grajaú",
    "mesoregion": "Centro Maranhense",
    "region": "Nordeste"
  },
  {
    "id": "2104909",
    "name": "Guimarães",
    "state": "MA",
    "state_name": "Maranhão",
    "microregion": "Litoral Ocidental Maranhense",
    "mesoregion": "Norte Maranhense",
    "region": "Nordeste"
  },
  {
    "id": "2105005",
    "name": "Humberto de Campos",
    "state": "MA",
    "state_name": "Maranhão",
    "microregion": "Lençóis Maranhenses",
    "mesoregion": "Norte Maranhense",
    "region": "Nordeste"
  },
  {
    "id": "2105104",
    "name": "Icatu",
    "state": "MA",
    "state_name": "Maranhão",
    "microregion": "Rosário",
    "mesoregion": "Norte Maranhense",
    "region": "Nordeste"
  },
  {
    "id": "2105153",
    "name": "Igarapé do Meio",
    "state": "MA",
    "state_name": "Maranhão",
    "microregion": "Baixada Maranhense",
    "mesoregion": "Norte Maranhense",
    "region": "Nordeste"
  },
  {
    "id": "2105203",
    "name": "Igarapé Grande",
    "state": "MA",
    "state_name": "Maranhão",
    "microregion": "Médio Mearim",
    "mesoregion": "Centro Maranhense",
    "region": "Nordeste"
  },
  {
    "id": "2105302",
    "name": "Imperatriz",
    "state": "MA",
    "state_name": "Maranhão",
    "microregion": "Imperatriz",
    "mesoregion": "Oeste Maranhense",
    "region": "Nordeste"
  },
  {
    "id": "2105351",
    "name": "Itaipava do Grajaú",
    "state": "MA",
    "state_name": "Maranhão",
    "microregion": "Alto Mearim e Grajaú",
    "mesoregion": "Centro Maranhense",
    "region": "Nordeste"
  },
  {
    "id": "2105401",
    "name": "Itapecuru Mirim",
    "state": "MA",
    "state_name": "Maranhão",
    "microregion": "Itapecuru Mirim",
    "mesoregion": "Norte Maranhense",
    "region": "Nordeste"
  },
  {
    "id": "2105427",
    "name": "Itinga do Maranhão",
    "state": "MA",
    "state_name": "Maranhão",
    "microregion": "Imperatriz",
    "mesoregion": "Oeste Maranhense",
    "region": "Nordeste"
  },
  {
    "id": "2105450",
    "name": "Jatobá",
    "state": "MA",
    "state_name": "Maranhão",
    "microregion": "Chapadas do Alto Itapecuru",
    "mesoregion": "Leste Maranhense",
    "region": "Nordeste"
  },
  {
    "id": "2105476",
    "name": "Jenipapo dos Vieiras",
    "state": "MA",
    "state_name": "Maranhão",
    "microregion": "Alto Mearim e Grajaú",
    "mesoregion": "Centro Maranhense",
    "region": "Nordeste"
  },
  {
    "id": "2105500",
    "name": "João Lisboa",
    "state": "MA",
    "state_name": "Maranhão",
    "microregion": "Imperatriz",
    "mesoregion": "Oeste Maranhense",
    "region": "Nordeste"
  },
  {
    "id": "2105609",
    "name": "Joselândia",
    "state": "MA",
    "state_name": "Maranhão",
    "microregion": "Alto Mearim e Grajaú",
    "mesoregion": "Centro Maranhense",
    "region": "Nordeste"
  },
  {
    "id": "2105658",
    "name": "Junco do Maranhão",
    "state": "MA",
    "state_name": "Maranhão",
    "microregion": "Gurupi",
    "mesoregion": "Oeste Maranhense",
    "region": "Nordeste"
  },
  {
    "id": "2105708",
    "name": "Lago da Pedra",
    "state": "MA",
    "state_name": "Maranhão",
    "microregion": "Pindaré",
    "mesoregion": "Oeste Maranhense",
    "region": "Nordeste"
  },
  {
    "id": "2105807",
    "name": "Lago do Junco",
    "state": "MA",
    "state_name": "Maranhão",
    "microregion": "Médio Mearim",
    "mesoregion": "Centro Maranhense",
    "region": "Nordeste"
  },
  {
    "id": "2105906",
    "name": "Lago Verde",
    "state": "MA",
    "state_name": "Maranhão",
    "microregion": "Médio Mearim",
    "mesoregion": "Centro Maranhense",
    "region": "Nordeste"
  },
  {
    "id": "2105922",
    "name": "Lagoa do Mato",
    "state": "MA",
    "state_name": "Maranhão",
    "microregion": "Chapadas do Alto Itapecuru",
    "mesoregion": "Leste Maranhense",
    "region": "Nordeste"
  },
  {
    "id": "2105948",
    "name": "Lago dos Rodrigues",
    "state": "MA",
    "state_name": "Maranhão",
    "microregion": "Médio Mearim",
    "mesoregion": "Centro Maranhense",
    "region": "Nordeste"
  },
  {
    "id": "2105963",
    "name": "Lagoa Grande do Maranhão",
    "state": "MA",
    "state_name": "Maranhão",
    "microregion": "Pindaré",
    "mesoregion": "Oeste Maranhense",
    "region": "Nordeste"
  },
  {
    "id": "2105989",
    "name": "Lajeado Novo",
    "state": "MA",
    "state_name": "Maranhão",
    "microregion": "Imperatriz",
    "mesoregion": "Oeste Maranhense",
    "region": "Nordeste"
  },
  {
    "id": "2106003",
    "name": "Lima Campos",
    "state": "MA",
    "state_name": "Maranhão",
    "microregion": "Médio Mearim",
    "mesoregion": "Centro Maranhense",
    "region": "Nordeste"
  },
  {
    "id": "2106102",
    "name": "Loreto",
    "state": "MA",
    "state_name": "Maranhão",
    "microregion": "Chapadas das Mangabeiras",
    "mesoregion": "Sul Maranhense",
    "region": "Nordeste"
  },
  {
    "id": "2106201",
    "name": "Luís Domingues",
    "state": "MA",
    "state_name": "Maranhão",
    "microregion": "Gurupi",
    "mesoregion": "Oeste Maranhense",
    "region": "Nordeste"
  },
  {
    "id": "2106300",
    "name": "Magalhães de Almeida",
    "state": "MA",
    "state_name": "Maranhão",
    "microregion": "Baixo Parnaíba Maranhense",
    "mesoregion": "Leste Maranhense",
    "region": "Nordeste"
  },
  {
    "id": "2106326",
    "name": "Maracaçumé",
    "state": "MA",
    "state_name": "Maranhão",
    "microregion": "Gurupi",
    "mesoregion": "Oeste Maranhense",
    "region": "Nordeste"
  },
  {
    "id": "2106359",
    "name": "Marajá do Sena",
    "state": "MA",
    "state_name": "Maranhão",
    "microregion": "Pindaré",
    "mesoregion": "Oeste Maranhense",
    "region": "Nordeste"
  },
  {
    "id": "2106375",
    "name": "Maranhãozinho",
    "state": "MA",
    "state_name": "Maranhão",
    "microregion": "Gurupi",
    "mesoregion": "Oeste Maranhense",
    "region": "Nordeste"
  },
  {
    "id": "2106409",
    "name": "Mata Roma",
    "state": "MA",
    "state_name": "Maranhão",
    "microregion": "Chapadinha",
    "mesoregion": "Leste Maranhense",
    "region": "Nordeste"
  },
  {
    "id": "2106508",
    "name": "Matinha",
    "state": "MA",
    "state_name": "Maranhão",
    "microregion": "Baixada Maranhense",
    "mesoregion": "Norte Maranhense",
    "region": "Nordeste"
  },
  {
    "id": "2106607",
    "name": "Matões",
    "state": "MA",
    "state_name": "Maranhão",
    "microregion": "Caxias",
    "mesoregion": "Leste Maranhense",
    "region": "Nordeste"
  },
  {
    "id": "2106631",
    "name": "Matões do Norte",
    "state": "MA",
    "state_name": "Maranhão",
    "microregion": "Itapecuru Mirim",
    "mesoregion": "Norte Maranhense",
    "region": "Nordeste"
  },
  {
    "id": "2106672",
    "name": "Milagres do Maranhão",
    "state": "MA",
    "state_name": "Maranhão",
    "microregion": "Chapadinha",
    "mesoregion": "Leste Maranhense",
    "region": "Nordeste"
  },
  {
    "id": "2106706",
    "name": "Mirador",
    "state": "MA",
    "state_name": "Maranhão",
    "microregion": "Chapadas do Alto Itapecuru",
    "mesoregion": "Leste Maranhense",
    "region": "Nordeste"
  },
  {
    "id": "2106755",
    "name": "Miranda do Norte",
    "state": "MA",
    "state_name": "Maranhão",
    "microregion": "Itapecuru Mirim",
    "mesoregion": "Norte Maranhense",
    "region": "Nordeste"
  },
  {
    "id": "2106805",
    "name": "Mirinzal",
    "state": "MA",
    "state_name": "Maranhão",
    "microregion": "Litoral Ocidental Maranhense",
    "mesoregion": "Norte Maranhense",
    "region": "Nordeste"
  },
  {
    "id": "2106904",
    "name": "Monção",
    "state": "MA",
    "state_name": "Maranhão",
    "microregion": "Baixada Maranhense",
    "mesoregion": "Norte Maranhense",
    "region": "Nordeste"
  },
  {
    "id": "2107001",
    "name": "Montes Altos",
    "state": "MA",
    "state_name": "Maranhão",
    "microregion": "Imperatriz",
    "mesoregion": "Oeste Maranhense",
    "region": "Nordeste"
  },
  {
    "id": "2107100",
    "name": "Morros",
    "state": "MA",
    "state_name": "Maranhão",
    "microregion": "Rosário",
    "mesoregion": "Norte Maranhense",
    "region": "Nordeste"
  },
  {
    "id": "2107209",
    "name": "Nina Rodrigues",
    "state": "MA",
    "state_name": "Maranhão",
    "microregion": "Itapecuru Mirim",
    "mesoregion": "Norte Maranhense",
    "region": "Nordeste"
  },
  {
    "id": "2107258",
    "name": "Nova Colinas",
    "state": "MA",
    "state_name": "Maranhão",
    "microregion": "Chapadas das Mangabeiras",
    "mesoregion": "Sul Maranhense",
    "region": "Nordeste"
  },
  {
    "id": "2107308",
    "name": "Nova Iorque",
    "state": "MA",
    "state_name": "Maranhão",
    "microregion": "Chapadas do Alto Itapecuru",
    "mesoregion": "Leste Maranhense",
    "region": "Nordeste"
  },
  {
    "id": "2107357",
    "name": "Nova Olinda do Maranhão",
    "state": "MA",
    "state_name": "Maranhão",
    "microregion": "Pindaré",
    "mesoregion": "Oeste Maranhense",
    "region": "Nordeste"
  },
  {
    "id": "2107407",
    "name": "Olho d'Água das Cunhãs",
    "state": "MA",
    "state_name": "Maranhão",
    "microregion": "Médio Mearim",
    "mesoregion": "Centro Maranhense",
    "region": "Nordeste"
  },
  {
    "id": "2107456",
    "name": "Olinda Nova do Maranhão",
    "state": "MA",
    "state_name": "Maranhão",
    "microregion": "Baixada Maranhense",
    "mesoregion": "Norte Maranhense",
    "region": "Nordeste"
  },
  {
    "id": "2107506",
    "name": "Paço do Lumiar",
    "state": "MA",
    "state_name": "Maranhão",
    "microregion": "Aglomeração Urbana de São Luís",
    "mesoregion": "Norte Maranhense",
    "region": "Nordeste"
  },
  {
    "id": "2107605",
    "name": "Palmeirândia",
    "state": "MA",
    "state_name": "Maranhão",
    "microregion": "Baixada Maranhense",
    "mesoregion": "Norte Maranhense",
    "region": "Nordeste"
  },
  {
    "id": "2107704",
    "name": "Paraibano",
    "state": "MA",
    "state_name": "Maranhão",
    "microregion": "Chapadas do Alto Itapecuru",
    "mesoregion": "Leste Maranhense",
    "region": "Nordeste"
  },
  {
    "id": "2107803",
    "name": "Parnarama",
    "state": "MA",
    "state_name": "Maranhão",
    "microregion": "Caxias",
    "mesoregion": "Leste Maranhense",
    "region": "Nordeste"
  },
  {
    "id": "2107902",
    "name": "Passagem Franca",
    "state": "MA",
    "state_name": "Maranhão",
    "microregion": "Chapadas do Alto Itapecuru",
    "mesoregion": "Leste Maranhense",
    "region": "Nordeste"
  },
  {
    "id": "2108009",
    "name": "Pastos Bons",
    "state": "MA",
    "state_name": "Maranhão",
    "microregion": "Chapadas do Alto Itapecuru",
    "mesoregion": "Leste Maranhense",
    "region": "Nordeste"
  },
  {
    "id": "2108058",
    "name": "Paulino Neves",
    "state": "MA",
    "state_name": "Maranhão",
    "microregion": "Lençóis Maranhenses",
    "mesoregion": "Norte Maranhense",
    "region": "Nordeste"
  },
  {
    "id": "2108108",
    "name": "Paulo Ramos",
    "state": "MA",
    "state_name": "Maranhão",
    "microregion": "Pindaré",
    "mesoregion": "Oeste Maranhense",
    "region": "Nordeste"
  },
  {
    "id": "2108207",
    "name": "Pedreiras",
    "state": "MA",
    "state_name": "Maranhão",
    "microregion": "Médio Mearim",
    "mesoregion": "Centro Maranhense",
    "region": "Nordeste"
  },
  {
    "id": "2108256",
    "name": "Pedro do Rosário",
    "state": "MA",
    "state_name": "Maranhão",
    "microregion": "Baixada Maranhense",
    "mesoregion": "Norte Maranhense",
    "region": "Nordeste"
  },
  {
    "id": "2108306",
    "name": "Penalva",
    "state": "MA",
    "state_name": "Maranhão",
    "microregion": "Baixada Maranhense",
    "mesoregion": "Norte Maranhense",
    "region": "Nordeste"
  },
  {
    "id": "2108405",
    "name": "Peri Mirim",
    "state": "MA",
    "state_name": "Maranhão",
    "microregion": "Baixada Maranhense",
    "mesoregion": "Norte Maranhense",
    "region": "Nordeste"
  },
  {
    "id": "2108454",
    "name": "Peritoró",
    "state": "MA",
    "state_name": "Maranhão",
    "microregion": "Codó",
    "mesoregion": "Leste Maranhense",
    "region": "Nordeste"
  },
  {
    "id": "2108504",
    "name": "Pindaré-Mirim",
    "state": "MA",
    "state_name": "Maranhão",
    "microregion": "Pindaré",
    "mesoregion": "Oeste Maranhense",
    "region": "Nordeste"
  },
  {
    "id": "2108603",
    "name": "Pinheiro",
    "state": "MA",
    "state_name": "Maranhão",
    "microregion": "Baixada Maranhense",
    "mesoregion": "Norte Maranhense",
    "region": "Nordeste"
  },
  {
    "id": "2108702",
    "name": "Pio XII",
    "state": "MA",
    "state_name": "Maranhão",
    "microregion": "Médio Mearim",
    "mesoregion": "Centro Maranhense",
    "region": "Nordeste"
  },
  {
    "id": "2108801",
    "name": "Pirapemas",
    "state": "MA",
    "state_name": "Maranhão",
    "microregion": "Itapecuru Mirim",
    "mesoregion": "Norte Maranhense",
    "region": "Nordeste"
  },
  {
    "id": "2108900",
    "name": "Poção de Pedras",
    "state": "MA",
    "state_name": "Maranhão",
    "microregion": "Médio Mearim",
    "mesoregion": "Centro Maranhense",
    "region": "Nordeste"
  },
  {
    "id": "2109007",
    "name": "Porto Franco",
    "state": "MA",
    "state_name": "Maranhão",
    "microregion": "Porto Franco",
    "mesoregion": "Sul Maranhense",
    "region": "Nordeste"
  },
  {
    "id": "2109056",
    "name": "Porto Rico do Maranhão",
    "state": "MA",
    "state_name": "Maranhão",
    "microregion": "Litoral Ocidental Maranhense",
    "mesoregion": "Norte Maranhense",
    "region": "Nordeste"
  },
  {
    "id": "2109106",
    "name": "Presidente Dutra",
    "state": "MA",
    "state_name": "Maranhão",
    "microregion": "Presidente Dutra",
    "mesoregion": "Centro Maranhense",
    "region": "Nordeste"
  },
  {
    "id": "2109205",
    "name": "Presidente Juscelino",
    "state": "MA",
    "state_name": "Maranhão",
    "microregion": "Rosário",
    "mesoregion": "Norte Maranhense",
    "region": "Nordeste"
  },
  {
    "id": "2109239",
    "name": "Presidente Médici",
    "state": "MA",
    "state_name": "Maranhão",
    "microregion": "Pindaré",
    "mesoregion": "Oeste Maranhense",
    "region": "Nordeste"
  },
  {
    "id": "2109270",
    "name": "Presidente Sarney",
    "state": "MA",
    "state_name": "Maranhão",
    "microregion": "Baixada Maranhense",
    "mesoregion": "Norte Maranhense",
    "region": "Nordeste"
  },
  {
    "id": "2109304",
    "name": "Presidente Vargas",
    "state": "MA",
    "state_name": "Maranhão",
    "microregion": "Itapecuru Mirim",
    "mesoregion": "Norte Maranhense",
    "region": "Nordeste"
  },
  {
    "id": "2109403",
    "name": "Primeira Cruz",
    "state": "MA",
    "state_name": "Maranhão",
    "microregion": "Lençóis Maranhenses",
    "mesoregion": "Norte Maranhense",
    "region": "Nordeste"
  },
  {
    "id": "2109452",
    "name": "Raposa",
    "state": "MA",
    "state_name": "Maranhão",
    "microregion": "Aglomeração Urbana de São Luís",
    "mesoregion": "Norte Maranhense",
    "region": "Nordeste"
  },
  {
    "id": "2109502",
    "name": "Riachão",
    "state": "MA",
    "state_name": "Maranhão",
    "microregion": "Gerais de Balsas",
    "mesoregion": "Sul Maranhense",
    "region": "Nordeste"
  },
  {
    "id": "2109551",
    "name": "Ribamar Fiquene",
    "state": "MA",
    "state_name": "Maranhão",
    "microregion": "Imperatriz",
    "mesoregion": "Oeste Maranhense",
    "region": "Nordeste"
  },
  {
    "id": "2109601",
    "name": "Rosário",
    "state": "MA",
    "state_name": "Maranhão",
    "microregion": "Rosário",
    "mesoregion": "Norte Maranhense",
    "region": "Nordeste"
  },
  {
    "id": "2109700",
    "name": "Sambaíba",
    "state": "MA",
    "state_name": "Maranhão",
    "microregion": "Chapadas das Mangabeiras",
    "mesoregion": "Sul Maranhense",
    "region": "Nordeste"
  },
  {
    "id": "2109759",
    "name": "Santa Filomena do Maranhão",
    "state": "MA",
    "state_name": "Maranhão",
    "microregion": "Alto Mearim e Grajaú",
    "mesoregion": "Centro Maranhense",
    "region": "Nordeste"
  },
  {
    "id": "2109809",
    "name": "Santa Helena",
    "state": "MA",
    "state_name": "Maranhão",
    "microregion": "Baixada Maranhense",
    "mesoregion": "Norte Maranhense",
    "region": "Nordeste"
  },
  {
    "id": "2109908",
    "name": "Santa Inês",
    "state": "MA",
    "state_name": "Maranhão",
    "microregion": "Pindaré",
    "mesoregion": "Oeste Maranhense",
    "region": "Nordeste"
  },
  {
    "id": "2110005",
    "name": "Santa Luzia",
    "state": "MA",
    "state_name": "Maranhão",
    "microregion": "Pindaré",
    "mesoregion": "Oeste Maranhense",
    "region": "Nordeste"
  },
  {
    "id": "2110039",
    "name": "Santa Luzia do Paruá",
    "state": "MA",
    "state_name": "Maranhão",
    "microregion": "Pindaré",
    "mesoregion": "Oeste Maranhense",
    "region": "Nordeste"
  },
  {
    "id": "2110104",
    "name": "Santa Quitéria do Maranhão",
    "state": "MA",
    "state_name": "Maranhão",
    "microregion": "Baixo Parnaíba Maranhense",
    "mesoregion": "Leste Maranhense",
    "region": "Nordeste"
  },
  {
    "id": "2110203",
    "name": "Santa Rita",
    "state": "MA",
    "state_name": "Maranhão",
    "microregion": "Rosário",
    "mesoregion": "Norte Maranhense",
    "region": "Nordeste"
  },
  {
    "id": "2110237",
    "name": "Santana do Maranhão",
    "state": "MA",
    "state_name": "Maranhão",
    "microregion": "Baixo Parnaíba Maranhense",
    "mesoregion": "Leste Maranhense",
    "region": "Nordeste"
  },
  {
    "id": "2110278",
    "name": "Santo Amaro do Maranhão",
    "state": "MA",
    "state_name": "Maranhão",
    "microregion": "Lençóis Maranhenses",
    "mesoregion": "Norte Maranhense",
    "region": "Nordeste"
  },
  {
    "id": "2110302",
    "name": "Santo Antônio dos Lopes",
    "state": "MA",
    "state_name": "Maranhão",
    "microregion": "Médio Mearim",
    "mesoregion": "Centro Maranhense",
    "region": "Nordeste"
  },
  {
    "id": "2110401",
    "name": "São Benedito do Rio Preto",
    "state": "MA",
    "state_name": "Maranhão",
    "microregion": "Chapadinha",
    "mesoregion": "Leste Maranhense",
    "region": "Nordeste"
  },
  {
    "id": "2110500",
    "name": "São Bento",
    "state": "MA",
    "state_name": "Maranhão",
    "microregion": "Baixada Maranhense",
    "mesoregion": "Norte Maranhense",
    "region": "Nordeste"
  },
  {
    "id": "2110609",
    "name": "São Bernardo",
    "state": "MA",
    "state_name": "Maranhão",
    "microregion": "Baixo Parnaíba Maranhense",
    "mesoregion": "Leste Maranhense",
    "region": "Nordeste"
  },
  {
    "id": "2110658",
    "name": "São Domingos do Azeitão",
    "state": "MA",
    "state_name": "Maranhão",
    "microregion": "Chapadas das Mangabeiras",
    "mesoregion": "Sul Maranhense",
    "region": "Nordeste"
  },
  {
    "id": "2110708",
    "name": "São Domingos do Maranhão",
    "state": "MA",
    "state_name": "Maranhão",
    "microregion": "Presidente Dutra",
    "mesoregion": "Centro Maranhense",
    "region": "Nordeste"
  },
  {
    "id": "2110807",
    "name": "São Félix de Balsas",
    "state": "MA",
    "state_name": "Maranhão",
    "microregion": "Chapadas das Mangabeiras",
    "mesoregion": "Sul Maranhense",
    "region": "Nordeste"
  },
  {
    "id": "2110856",
    "name": "São Francisco do Brejão",
    "state": "MA",
    "state_name": "Maranhão",
    "microregion": "Imperatriz",
    "mesoregion": "Oeste Maranhense",
    "region": "Nordeste"
  },
  {
    "id": "2110906",
    "name": "São Francisco do Maranhão",
    "state": "MA",
    "state_name": "Maranhão",
    "microregion": "Chapadas do Alto Itapecuru",
    "mesoregion": "Leste Maranhense",
    "region": "Nordeste"
  },
  {
    "id": "2111003",
    "name": "São João Batista",
    "state": "MA",
    "state_name": "Maranhão",
    "microregion": "Baixada Maranhense",
    "mesoregion": "Norte Maranhense",
    "region": "Nordeste"
  },
  {
    "id": "2111029",
    "name": "São João do Carú",
    "state": "MA",
    "state_name": "Maranhão",
    "microregion": "Pindaré",
    "mesoregion": "Oeste Maranhense",
    "region": "Nordeste"
  },
  {
    "id": "2111052",
    "name": "São João do Paraíso",
    "state": "MA",
    "state_name": "Maranhão",
    "microregion": "Porto Franco",
    "mesoregion": "Sul Maranhense",
    "region": "Nordeste"
  },
  {
    "id": "2111078",
    "name": "São João do Soter",
    "state": "MA",
    "state_name": "Maranhão",
    "microregion": "Caxias",
    "mesoregion": "Leste Maranhense",
    "region": "Nordeste"
  },
  {
    "id": "2111102",
    "name": "São João dos Patos",
    "state": "MA",
    "state_name": "Maranhão",
    "microregion": "Chapadas do Alto Itapecuru",
    "mesoregion": "Leste Maranhense",
    "region": "Nordeste"
  },
  {
    "id": "2111201",
    "name": "São José de Ribamar",
    "state": "MA",
    "state_name": "Maranhão",
    "microregion": "Aglomeração Urbana de São Luís",
    "mesoregion": "Norte Maranhense",
    "region": "Nordeste"
  },
  {
    "id": "2111250",
    "name": "São José dos Basílios",
    "state": "MA",
    "state_name": "Maranhão",
    "microregion": "Presidente Dutra",
    "mesoregion": "Centro Maranhense",
    "region": "Nordeste"
  },
  {
    "id": "2111300",
    "name": "São Luís",
    "state": "MA",
    "state_name": "Maranhão",
    "microregion": "Aglomeração Urbana de São Luís",
    "mesoregion": "Norte Maranhense",
    "region": "Nordeste"
  },
  {
    "id": "2111409",
    "name": "São Luís Gonzaga do Maranhão",
    "state": "MA",
    "state_name": "Maranhão",
    "microregion": "Médio Mearim",
    "mesoregion": "Centro Maranhense",
    "region": "Nordeste"
  },
  {
    "id": "2111508",
    "name": "São Mateus do Maranhão",
    "state": "MA",
    "state_name": "Maranhão",
    "microregion": "Médio Mearim",
    "mesoregion": "Centro Maranhense",
    "region": "Nordeste"
  },
  {
    "id": "2111532",
    "name": "São Pedro da Água Branca",
    "state": "MA",
    "state_name": "Maranhão",
    "microregion": "Imperatriz",
    "mesoregion": "Oeste Maranhense",
    "region": "Nordeste"
  },
  {
    "id": "2111573",
    "name": "São Pedro dos Crentes",
    "state": "MA",
    "state_name": "Maranhão",
    "microregion": "Porto Franco",
    "mesoregion": "Sul Maranhense",
    "region": "Nordeste"
  },
  {
    "id": "2111607",
    "name": "São Raimundo das Mangabeiras",
    "state": "MA",
    "state_name": "Maranhão",
    "microregion": "Chapadas das Mangabeiras",
    "mesoregion": "Sul Maranhense",
    "region": "Nordeste"
  },
  {
    "id": "2111631",
    "name": "São Raimundo do Doca Bezerra",
    "state": "MA",
    "state_name": "Maranhão",
    "microregion": "Médio Mearim",
    "mesoregion": "Centro Maranhense",
    "region": "Nordeste"
  },
  {
    "id": "2111672",
    "name": "São Roberto",
    "state": "MA",
    "state_name": "Maranhão",
    "microregion": "Médio Mearim",
    "mesoregion": "Centro Maranhense",
    "region": "Nordeste"
  },
  {
    "id": "2111706",
    "name": "São Vicente Ferrer",
    "state": "MA",
    "state_name": "Maranhão",
    "microregion": "Baixada Maranhense",
    "mesoregion": "Norte Maranhense",
    "region": "Nordeste"
  },
  {
    "id": "2111722",
    "name": "Satubinha",
    "state": "MA",
    "state_name": "Maranhão",
    "microregion": "Médio Mearim",
    "mesoregion": "Centro Maranhense",
    "region": "Nordeste"
  },
  {
    "id": "2111748",
    "name": "Senador Alexandre Costa",
    "state": "MA",
    "state_name": "Maranhão",
    "microregion": "Presidente Dutra",
    "mesoregion": "Centro Maranhense",
    "region": "Nordeste"
  },
  {
    "id": "2111763",
    "name": "Senador La Rocque",
    "state": "MA",
    "state_name": "Maranhão",
    "microregion": "Imperatriz",
    "mesoregion": "Oeste Maranhense",
    "region": "Nordeste"
  },
  {
    "id": "2111789",
    "name": "Serrano do Maranhão",
    "state": "MA",
    "state_name": "Maranhão",
    "microregion": "Litoral Ocidental Maranhense",
    "mesoregion": "Norte Maranhense",
    "region": "Nordeste"
  },
  {
    "id": "2111805",
    "name": "Sítio Novo",
    "state": "MA",
    "state_name": "Maranhão",
    "microregion": "Alto Mearim e Grajaú",
    "mesoregion": "Centro Maranhense",
    "region": "Nordeste"
  },
  {
    "id": "2111904",
    "name": "Sucupira do Norte",
    "state": "MA",
    "state_name": "Maranhão",
    "microregion": "Chapadas do Alto Itapecuru",
    "mesoregion": "Leste Maranhense",
    "region": "Nordeste"
  },
  {
    "id": "2111953",
    "name": "Sucupira do Riachão",
    "state": "MA",
    "state_name": "Maranhão",
    "microregion": "Chapadas do Alto Itapecuru",
    "mesoregion": "Leste Maranhense",
    "region": "Nordeste"
  },
  {
    "id": "2112001",
    "name": "Tasso Fragoso",
    "state": "MA",
    "state_name": "Maranhão",
    "microregion": "Gerais de Balsas",
    "mesoregion": "Sul Maranhense",
    "region": "Nordeste"
  },
  {
    "id": "2112100",
    "name": "Timbiras",
    "state": "MA",
    "state_name": "Maranhão",
    "microregion": "Codó",
    "mesoregion": "Leste Maranhense",
    "region": "Nordeste"
  },
  {
    "id": "2112209",
    "name": "Timon",
    "state": "MA",
    "state_name": "Maranhão",
    "microregion": "Caxias",
    "mesoregion": "Leste Maranhense",
    "region": "Nordeste"
  },
  {
    "id": "2112233",
    "name": "Trizidela do Vale",
    "state": "MA",
    "state_name": "Maranhão",
    "microregion": "Médio Mearim",
    "mesoregion": "Centro Maranhense",
    "region": "Nordeste"
  },
  {
    "id": "2112274",
    "name": "Tufilândia",
    "state": "MA",
    "state_name": "Maranhão",
    "microregion": "Pindaré",
    "mesoregion": "Oeste Maranhense",
    "region": "Nordeste"
  },
  {
    "id": "2112308",
    "name": "Tuntum",
    "state": "MA",
    "state_name": "Maranhão",
    "microregion": "Alto Mearim e Grajaú",
    "mesoregion": "Centro Maranhense",
    "region": "Nordeste"
  },
  {
    "id": "2112407",
    "name": "Turiaçu",
    "state": "MA",
    "state_name": "Maranhão",
    "microregion": "Gurupi",
    "mesoregion": "Oeste Maranhense",
    "region": "Nordeste"
  },
  {
    "id": "2112456",
    "name": "Turilândia",
    "state": "MA",
    "state_name": "Maranhão",
    "microregion": "Gurupi",
    "mesoregion": "Oeste Maranhense",
    "region": "Nordeste"
  },
  {
    "id": "2112506",
    "name": "Tutóia",
    "state": "MA",
    "state_name": "Maranhão",
    "microregion": "Lençóis Maranhenses",
    "mesoregion": "Norte Maranhense",
    "region": "Nordeste"
  },
  {
    "id": "2112605",
    "name": "Urbano Santos",
    "state": "MA",
    "state_name": "Maranhão",
    "microregion": "Chapadinha",
    "mesoregion": "Leste Maranhense",
    "region": "Nordeste"
  },
  {
    "id": "2112704",
    "name": "Vargem Grande",
    "state": "MA",
    "state_name": "Maranhão",
    "microregion": "Itapecuru Mirim",
    "mesoregion": "Norte Maranhense",
    "region": "Nordeste"
  },
  {
    "id": "2112803",
    "name": "Viana",
    "state": "MA",
    "state_name": "Maranhão",
    "microregion": "Baixada Maranhense",
    "mesoregion": "Norte Maranhense",
    "region": "Nordeste"
  },
  {
    "id": "2112852",
    "name": "Vila Nova dos Martírios",
    "state": "MA",
    "state_name": "Maranhão",
    "microregion": "Imperatriz",
    "mesoregion": "Oeste Maranhense",
    "region": "Nordeste"
  },
  {
    "id": "2112902",
    "name": "Vitória do Mearim",
    "state": "MA",
    "state_name": "Maranhão",
    "microregion": "Baixada Maranhense",
    "mesoregion": "Norte Maranhense",
    "region": "Nordeste"
  },
  {
    "id": "2113009",
    "name": "Vitorino Freire",
    "state": "MA",
    "state_name": "Maranhão",
    "microregion": "Pindaré",
    "mesoregion": "Oeste Maranhense",
    "region": "Nordeste"
  },
  {
    "id": "2114007",
    "name": "Zé Doca",
    "state": "MA",
    "state_name": "Maranhão",
    "microregion": "Pindaré",
    "mesoregion": "Oeste Maranhense",
    "region": "Nordeste"
  }
]