[
  {
    "id": "2600054",
    "name": "Abreu e Lima",
    "state": "PE",
    "state_name": "Pernambuco",
    "microregion": "Recife",
    "mesoregion": "Metropolitana de Recife",
    "region": "Nordeste"
  },
  {
    "id": "2600104",
    "name": "Afogados da Ingazeira",
    "state": "PE",
    "state_name": "Pernambuco",
    "microregion": "Pajeú",
    "mesoregion": "Sertão Pernambucano",
    "region": "Nordeste"
  },
  {
    "id": "2600203",
    "name": "Afrânio",
    "state": "PE",
    "state_name": "Pernambuco",
    "microregion": "Petrolina",
    "mesoregion": "São Francisco Pernambucano",
    "region": "Nordeste"
  },
  {
    "id": "2600302",
    "name": "Agrestina",
    "state": "PE",
    "state_name": "Pernambuco",
    "microregion": "Brejo Pernambucano",
    "mesoregion": "Agreste Pernambucano",
    "region": "Nordeste"
  },
  {
    "id": "2600401",
    "name": "Água Preta",
    "state": "PE",
    "state_name": "Pernambuco",
    "microregion": "Mata Meridional Pernambucana",
    "mesoregion": "Mata Pernambucana",
    "region": "Nordeste"
  },
  {
    "id": "2600500",
    "name": "Águas Belas",
    "state": "PE",
    "state_name": "Pernambuco",
    "microregion": "Vale do Ipanema",
    "mesoregion": "Agreste Pernambucano",
    "region": "Nordeste"
  },
  {
    "id": "2600609",
    "name": "Alagoinha",
    "state": "PE",
    "state_name": "Pernambuco",
    "microregion": "Vale do Ipojuca",
    "mesoregion": "Agreste Pernambucano",
    "region": "Nordeste"
  },
  {
    "id": "2600708",
    "name": "Aliança",
    "state": "PE",
    "state_name": "Pernambuco",
    "microregion": "Mata Setentrional Pernambucana",
    "mesoregion": "Mata Pernambucana",
    "region": "Nordeste"
  },
  {
    "id": "2600807",
    "name": "Altinho",
    "state": "PE",
    "state_name": "Pernambuco",
    "microregion": "Brejo Pernambucano",
    "mesoregion": "Agreste Pernambucano",
    "region": "Nordeste"
  },
  {
    "id": "2600906",
    "name": "Amaraji",
    "state": "PE",
    "state_name": "Pernambuco",
    "microregion": "Mata Meridional Pernambucana",
    "mesoregion": "Mata Pernambucana",
    "region": "Nordeste"
  },
  {
    "id": "2601003",
    "name": "Angelim",
    "state": "PE",
    "state_name": "Pernambuco",
    "microregion": "Garanhuns",
    "mesoregion": "Agreste Pernambucano",
    "region": "Nordeste"
  },
  {
    "id": "2601052",
    "name": "Araçoiaba",
    "state": "PE",
    "state_name": "Pernambuco",
    "microregion": "Itamaracá",
    "mesoregion": "Metropolitana de Recife",
    "region": "Nordeste"
  },
  {
    "id": "2601102",
    "name": "Araripina",
    "state": "PE",
    "state_name": "Pernambuco",
    "microregion": "Araripina",
    "mesoregion": "Sertão Pernambucano",
    "region": "Nordeste"
  },
  {
    "id": "2601201",
    "name": "Arcoverde",
    "state": "PE",
    "state_name": "Pernambuco",
    "microregion": "Sertão do Moxotó",
    "mesoregion": "Sertão Pernambucano",
    "region": "Nordeste"
  },
  {
    "id": "2601300",
    "name": "Barra de Guabiraba",
    "state": "PE",
    "state_name": "Pernambuco",
    "microregion": "Brejo Pernambucano",
    "mesoregion": "Agreste Pernambucano",
    "region": "Nordeste"
  },
  {
    "id": "2601409",
    "name": "Barreiros",
    "state": "PE",
    "state_name": "Pernambuco",
    "microregion": "Mata Meridional Pernambucana",
    "mesoregion": "Mata Pernambucana",
    "region": "Nordeste"
  },
  {
    "id": "2601508",
    "name": "Belém de Maria",
    "state": "PE",
    "state_name": "Pernambuco",
    "microregion": "Mata Meridional Pernambucana",
    "mesoregion": "Mata Pernambucana",
    "region": "Nordeste"
  },
  {
    "id": "2601607",
    "name": "Belém do São Francisco",
    "state": "PE",
    "state_name": "Pernambuco",
    "microregion": "Itaparica",
    "mesoregion": "São Francisco Pernambucano",
    "region": "Nordeste"
  },
  {
    "id": "2601706",
    "name": "Belo Jardim",
    "state": "PE",
    "state_name": "Pernambuco",
    "microregion": "Vale do Ipojuca",
    "mesoregion": "Agreste Pernambucano",
    "region": "Nordeste"
  },
  {
    "id": "2601805",
    "name": "Betânia",
    "state": "PE",
    "state_name": "Pernambuco",
    "microregion": "Sertão do Moxotó",
    "mesoregion": "Sertão Pernambucano",
    "region": "Nordeste"
  },
  {
    "id": "2601904",
    "name": "Bezerros",
    "state": "PE",
    "state_name": "Pernambuco",
    "microregion": "Vale do Ipojuca",
    "mesoregion": "Agreste Pernambucano",
    "region": "Nordeste"
  },
  {
    "id": "2602001",
    "name": "Bodocó",
    "state": "PE",
    "state_name": "Pernambuco",
    "microregion": "Araripina",
    "mesoregion": "Sertão Pernambucano",
    "region": "Nordeste"
  },
  {
    "id": "2602100",
    "name": "Bom Conselho",
    "state": "PE",
    "state_name": "Pernambuco",
    "microregion": "Garanhuns",
    "mesoregion": "Agreste Pernambucano",
    "region": "Nordeste"
  },
  {
    "id": "2602209",
    "name": "Bom Jardim",
    "state": "PE",
    "state_name": "Pernambuco",
    "microregion": "Médio Capibaribe",
    "mesoregion": "Agreste Pernambucano",
    "region": "Nordeste"
  },
  {
    "id": "2602308",
    "name": "Bonito",
    "state": "PE",
    "state_name": "Pernambuco",
    "microregion": "Brejo Pernambucano",
    "mesoregion": "Agreste Pernambucano",
    "region": "Nordeste"
  },
  {
    "id": "2602407",
    "name": "Brejão",
    "state": "PE",
    "state_name": "Pernambuco",
    "microregion": "Garanhuns",
    "mesoregion": "Agreste Pernambucano",
    "region": "Nordeste"
  },
  {
    "id": "2602506",
    "name": "Brejinho",
    "state": "PE",
    "state_name": "Pernambuco",
    "microregion": "Pajeú",
    "mesoregion": "Sertão Pernambucano",
    "region": "Nordeste"
  },
  {
    "id": "2602605",
    "name": "Brejo da Madre de Deus",
    "state": "PE",
    "state_name": "Pernambuco",
    "microregion": "Vale do Ipojuca",
    "mesoregion": "Agreste Pernambucano",
    "region": "Nordeste"
  },
  {
    "id": "2602704",
    "name": "Buenos Aires",
    "state": "PE",
    "state_name": "Pernambuco",
    "microregion": "Mata Setentrional Pernambucana",
    "mesoregion": "Mata Pernambucana",
    "region": "Nordeste"
  },
  {
    "id": "2602803",
    "name": "Buíque",
    "state": "PE",
    "state_name": "Pernambuco",
    "microregion": "Vale do Ipanema",
    "mesoregion": "Agreste Pernambucano",
    "region": "Nordeste"
  },
  {
    "id": "2602902",
    "name": "Cabo de Santo Agostinho",
    "state": "PE",
    "state_name": "Pernambuco",
    "microregion": "Suape",
    "mesoregion": "Metropolitana de Recife",
    "region": "Nordeste"
  },
  {
    "id": "2603009",
    "name": "Cabrobó",
    "state": "PE",
    "state_name": "Pernambuco",
    "microregion": "Petrolina",
    "mesoregion": "São Francisco Pernambucano",
    "region": "Nordeste"
  },
  {
    "id": "2603108",
    "name": "Cachoeirinha",
    "state": "PE",
    "state_name": "Pernambuco",
    "microregion": "Vale do Ipojuca",
    "mesoregion": "Agreste Pernambucano",
    "region": "Nordeste"
  },
  {
    "id": "2603207",
    "name": "Caetés",
    "state": "PE",
    "state_name": "Pernambuco",
    "microregion": "Garanhuns",
    "mesoregion": "Agreste Pernambucano",
    "region": "Nordeste"
  },
  {
    "id": "2603306",
    "name": "Calçado",
    "state": "PE",
    "state_name": "Pernambuco",
    "microregion": "Garanhuns",
    "mesoregion": "Agreste Pernambucano",
    "region": "Nordeste"
  },
  {
    "id": "2603405",
    "name": "Calumbi",
    "state": "PE",
    "state_name": "Pernambuco",
    "microregion": "Pajeú",
    "mesoregion": "Sertão Pernambucano",
    "region": "Nordeste"
  },
  {
    "id": "2603454",
    "name": "Camaragibe",
    "state": "PE",
    "state_name": "Pernambuco",
    "microregion": "Recife",
    "mesoregion": "Metropolitana de Recife",
    "region": "Nordeste"
  },
  {
    "id": "2603504",
    "name": "Camocim de São Félix",
    "state": "PE",
    "state_name": "Pernambuco",
    "microregion": "Brejo Pernambucano",
    "mesoregion": "Agreste Pernambucano",
    "region": "Nordeste"
  },
  {
    "id": "2603603",
    "name": "Camutanga",
    "state": "PE",
    "state_name": "Pernambuco",
    "microregion": "Mata Setentrional Pernambucana",
    "mesoregion": "Mata Pernambucana",
    "region": "Nordeste"
  },
  {
    "id": "2603702",
    "name": "Canhotinho",
    "state": "PE",
    "state_name": "Pernambuco",
    "microregion": "Garanhuns",
    "mesoregion": "Agreste Pernambucano",
    "region": "Nordeste"
  },
  {
    "id": "2603801",
    "name": "Capoeiras",
    "state": "PE",
    "state_name": "Pernambuco",
    "microregion": "Vale do Ipojuca",
    "mesoregion": "Agreste Pernambucano",
    "region": "Nordeste"
  },
  {
    "id": "2603900",
    "name": "Carnaíba",
    "state": "PE",
    "state_name": "Pernambuco",
    "microregion": "Pajeú",
    "mesoregion": "Sertão Pernambucano",
    "region": "Nordeste"
  },
  {
    "id": "2603926",
    "name": "Carnaubeira da Penha",
    "state": "PE",
    "state_name": "Pernambuco",
    "microregion": "Itaparica",
    "mesoregion": "São Francisco Pernambucano",
    "region": "Nordeste"
  },
  {
    "id": "2604007",
    "name": "Carpina",
    "state": "PE",
    "state_name": "Pernambuco",
    "microregion": "Mata Setentrional Pernambucana",
    "mesoregion": "Mata Pernambucana",
    "region": "Nordeste"
  },
  {
    "id": "2604106",
    "name": "Caruaru",
    "state": "PE",
    "state_name": "Pernambuco",
    "microregion": "Vale do Ipojuca",
    "mesoregion": "Agreste Pernambucano",
    "region": "Nordeste"
  },
  {
    "id": "2604155",
    "name": "Casinhas",
    "state": "PE",
    "state_name": "Pernambuco",
    "microregion": "Alto Capibaribe",
    "mesoregion": "Agreste Pernambucano",
    "region": "Nordeste"
  },
  {
    "id": "2604205",
    "name": "Catende",
    "state": "PE",
    "state_name": "Pernambuco",
    "microregion": "Mata Meridional Pernambucana",
    "mesoregion": "Mata Pernambucana",
    "region": "Nordeste"
  },
  {
    "id": "2604304",
    "name": "Cedro",
    "state": "PE",
    "state_name": "Pernambuco",
    "microregion": "Salgueiro",
    "mesoregion": "Sertão Pernambucano",
    "region": "Nordeste"
  },
  {
    "id": "2604403",
    "name": "Chã de Alegria",
    "state": "PE",
    "state_name": "Pernambuco",
    "microregion": "Vitória de Santo Antão",
    "mesoregion": "Mata Pernambucana",
    "region": "Nordeste"
  },
  {
    "id": "2604502",
    "name": "Chã Grande",
    "state": "PE",
    "state_name": "Pernambuco",
    "microregion": "Vitória de Santo Antão",
    "mesoregion": "Mata Pernambucana",
    "region": "Nordeste"
  },
  {
    "id": "2604601",
    "name": "Condado",
    "state": "PE",
    "state_name": "Pernambuco",
    "microregion": "Mata Setentrional Pernambucana",
    "mesoregion": "Mata Pernambucana",
    "region": "Nordeste"
  },
  {
    "id": "2604700",
    "name": "Correntes",
    "state": "PE",
    "state_name": "Pernambuco",
    "microregion": "Garanhuns",
    "mesoregion": "Agreste Pernambucano",
    "region": "Nordeste"
  },
  {
    "id": "2604809",
    "name": "Cortês",
    "state": "PE",
    "state_name": "Pernambuco",
    "microregion": "Mata Meridional Pernambucana",
    "mesoregion": "Mata Pernambucana",
    "region": "Nordeste"
  },
  {
    "id": "2604908",
    "name": "Cumaru",
    "state": "PE",
    "state_name": "Pernambuco",
    "microregion": "Médio Capibaribe",
    "mesoregion": "Agreste Pernambucano",
    "region": "Nordeste"
  },
  {
    "id": "2605004",
    "name": "Cupira",
    "state": "PE",
    "state_name": "Pernambuco",
    "microregion": "Brejo Pernambucano",
    "mesoregion": "Agreste Pernambucano",
    "region": "Nordeste"
  },
  {
    "id": "2605103",
    "name": "Custódia",
    "state": "PE",
    "state_name": "Pernambuco",
    "microregion": "Sertão do Moxotó",
    "mesoregion": "Sertão Pernambucano",
    "region": "Nordeste"
  },
  {
    "id": "2605152",
    "name": "Dormentes",
    "state": "PE",
    "state_name": "Pernambuco",
    "microregion": "Petrolina",
    "mesoregion": "São Francisco Pernambucano",
    "region": "Nordeste"
  },
  {
    "id": "2605202",
    "name": "Escada",
    "state": "PE",
    "state_name": "Pernambuco",
    "microregion": "Mata Meridional Pernambucana",
    "mesoregion": "Mata Pernambucana",
    "region": "Nordeste"
  },
  {
    "id": "2605301",
    "name": "Exu",
    "state": "PE",
    "state_name": "Pernambuco",
    "microregion": "Araripina",
    "mesoregion": "Sertão Pernambucano",
    "region": "Nordeste"
  },
  {
    "id": "2605400",
    "name": "Feira Nova",
    "state": "PE",
    "state_name": "Pernambuco",
    "microregion": "Médio Capibaribe",
    "mesoregion": "Agreste Pernambucano",
    "region": "Nordeste"
  },
  {
    "id": "2605459",
    "name": "Fernando de Noronha",
    "state": "PE",
    "state_name": "Pernambuco",
    "microregion": "Fernando de Noronha",
    "mesoregion": "Metropolitana de Recife",
    "region": "Nordeste"
  },
  {
    "id": "2605509",
    "name": "Ferreiros",
    "state": "PE",
    "state_name": "Pernambuco",
    "microregion": "Mata Setentrional Pernambucana",
    "mesoregion": "Mata Pernambucana",
    "region": "Nordeste"
  },
  {
    "id": "2605608",
    "name": "Flores",
    "state": "PE",
    "state_name": "Pernambuco",
    "microregion": "Pajeú",
    "mesoregion": "Sertão Pernambucano",
    "region": "Nordeste"
  },
  {
    "id": "2605707",
    "name": "Floresta",
    "state": "PE",
    "state_name": "Pernambuco",
    "microregion": "Itaparica",
    "mesoregion": "São Francisco Pernambucano",
    "region": "Nordeste"
  },
  {
    "id": "2605806",
    "name": "Frei Miguelinho",
    "state": "PE",
    "state_name": "Pernambuco",
    "microregion": "Alto Capibaribe",
    "mesoregion": "Agreste Pernambucano",
    "region": "Nordeste"
  },
  {
    "id": "2605905",
    "name": "Gameleira",
    "state": "PE",
    "state_name": "Pernambuco",
    "microregion": "Mata Meridional Pernambucana",
    "mesoregion": "Mata Pernambucana",
    "region": "Nordeste"
  },
  {
    "id": "2606002",
    "name": "Garanhuns",
    "state": "PE",
    "state_name": "Pernambuco",
    "microregion": "Garanhuns",
    "mesoregion": "Agreste Pernambucano",
    "region": "Nordeste"
  },
  {
    "id": "2606101",
    "name": "Glória do Goitá",
    "state": "PE",
    "state_name": "Pernambuco",
    "microregion": "Vitória de Santo Antão",
    "mesoregion": "Mata Pernambucana",
    "region": "Nordeste"
  },
  {
    "id": "2606200",
    "name": "Goiana",
    "state": "PE",
    "state_name": "Pernambuco",
    "microregion": "Mata Setentrional Pernambucana",
    "mesoregion": "Mata Pernambucana",
    "region": "Nordeste"
  },
  {
    "id": "2606309",
    "name": "Granito",
    "state": "PE",
    "state_name": "Pernambuco",
    "microregion": "Araripina",
    "mesoregion": "Sertão Pernambucano",
    "region": "Nordeste"
  },
  {
    "id": "2606408",
    "name": "Gravatá",
    "state": "PE",
    "state_name": "Pernambuco",
    "microregion": "Vale do Ipojuca",
    "mesoregion": "Agreste Pernambucano",
    "region": "Nordeste"
  },
  {
    "id": "2606507",
    "name": "Iati",
    "state": "PE",
    "state_name": "Pernambuco",
    "microregion": "Garanhuns",
    "mesoregion": "Agreste Pernambucano",
    "region": "Nordeste"
  },
  {
    "id": "2606606",
    "name": "Ibimirim",
    "state": "PE",
    "state_name": "Pernambuco",
    "microregion": "Sertão do Moxotó",
    "mesoregion": "Sertão Pernambucano",
    "region": "Nordeste"
  },
  {
    "id": "2606705",
    "name": "Ibirajuba",
    "state": "PE",
    "state_name": "Pernambuco",
    "microregion": "Brejo Pernambucano",
    "mesoregion": "Agreste Pernambucano",
    "region": "Nordeste"
  },
  {
    "id": "2606804",
    "name": "Igarassu",
    "state": "PE",
    "state_name": "Pernambuco",
    "microregion": "Itamaracá",
    "mesoregion": "Metropolitana de Recife",
    "region": "Nordeste"
  },
  {
    "id": "2606903",
    "name": "Iguaracy",
    "state": "PE",
    "state_name": "Pernambuco",
    "microregion": "Pajeú",
    "mesoregion": "Sertão Pernambucano",
    "region": "Nordeste"
  },
  {
    "id": "2607000",
    "name": "Inajá",
    "state": "PE",
    "state_name": "Pernambuco",
    "microregion": "Sertão do Moxotó",
    "mesoregion": "Sertão Pernambucano",
    "region": "Nordeste"
  },
  {
    "id": "2607109",
    "name": "Ingazeira",
    "state": "PE",
    "state_name": "Pernambuco",
    "microregion": "Pajeú",
    "mesoregion": "Sertão Pernambucano",
    "region": "Nordeste"
  },
  {
    "id": "2607208",
    "name": "Ipojuca",
    "state": "PE",
    "state_name": "Pernambuco",
    "microregion": "Suape",
    "mesoregion": "Metropolitana de Recife",
    "region": "Nordeste"
  },
  {
    "id": "2607307",
    "name": "Ipubi",
    "state": "PE",
    "state_name": "Pernambuco",
    "microregion": "Araripina",
    "mesoregion": "Sertão Pernambucano",
    "region": "Nordeste"
  },
  {
    "id": "2607406",
    "name": "Itacuruba",
    "state": "PE",
    "state_name": "Pernambuco",
    "microregion": "Itaparica",
    "mesoregion": "São Francisco Pernambucano",
    "region": "Nordeste"
  },
  {
    "id": "2607505",
    "name": "Itaíba",
    "state": "PE",
    "state_name": "Pernambuco",
    "microregion": "Vale do Ipanema",
    "mesoregion": "Agreste Pernambucano",
    "region": "Nordeste"
  },
  {
    "id": "2607604",
    "name": "Ilha de Itamaracá",
    "state": "PE",
    "state_name": "Pernambuco",
    "microregion": "Itamaracá",
    "mesoregion": "Metropolitana de Recife",
    "region": "Nordeste"
  },
  {
    "id": "2607653",
    "name": "Itambé",
    "state": "PE",
    "state_name": "Pernambuco",
    "microregion": "Mata Setentrional Pernambucana",
    "mesoregion": "Mata Pernambucana",
    "region": "Nordeste"
  },
  {
    "id": "2607703",
    "name": "Itapetim",
    "state": "PE",
    "state_name": "Pernambuco",
    "microregion": "Pajeú",
    "mesoregion": "Sertão Pernambucano",
    "region": "Nordeste"
  },
  {
    "id": "2607752",
    "name": "Itapissuma",
    "state": "PE",
    "state_name": "Pernambuco",
    "microregion": "Itamaracá",
    "mesoregion": "Metropolitana de Recife",
    "region": "Nordeste"
  },
  {
    "id": "2607802",
    "name": "Itaquitinga",
    "state": "PE",
    "state_name": "Pernambuco",
    "microregion": "Mata Setentrional Pernambucana",
    "mesoregion": "Mata Pernambucana",
    "region": "Nordeste"
  },
  {
    "id": "2607901",
    "name": "Jaboatão dos Guararapes",
    "state": "PE",
    "state_name": "Pernambuco",
    "microregion": "Recife",
    "mesoregion": "Metropolitana de Recife",
    "region": "Nordeste"
  },
  {
    "id": "2607950",
    "name": "Jaqueira",
    "state": "PE",
    "state_name": "Pernambuco",
    "microregion": "Mata Meridional Pernambucana",
    "mesoregion": "Mata Pernambucana",
    "region": "Nordeste"
  },
  {
    "id": "2608008",
    "name": "Jataúba",
    "state": "PE",
    "state_name": "Pernambuco",
    "microregion": "Vale do Ipojuca",
    "mesoregion": "Agreste Pernambucano",
    "region": "Nordeste"
  },
  {
    "id": "2608057",
    "name": "Jatobá",
    "state": "PE",
    "state_name": "Pernambuco",
    "microregion": "Itaparica",
    "mesoregion": "São Francisco Pernambucano",
    "region": "Nordeste"
  },
  {
    "id": "2608107",
    "name": "João Alfredo",
    "state": "PE",
    "state_name": "Pernambuco",
    "microregion": "Médio Capibaribe",
    "mesoregion": "Agreste Pernambucano",
    "region": "Nordeste"
  },
  {
    "id": "2608206",
    "name": "Joaquim Nabuco",
    "state": "PE",
    "state_name": "Pernambuco",
    "microregion": "Mata Meridional Pernambucana",
    "mesoregion": "Mata Pernambucana",
    "region": "Nordeste"
  },
  {
    "id": "2608255",
    "name": "Jucati",
    "state": "PE",
    "state_name": "Pernambuco",
    "microregion": "Garanhuns",
    "mesoregion": "Agreste Pernambucano",
    "region": "Nordeste"
  },
  {
    "id": "2608305",
    "name": "Jupi",
    "state": "PE",
    "state_name": "Pernambuco",
    "microregion": "Garanhuns",
    "mesoregion": "Agreste Pernambucano",
    "region": "Nordeste"
  },
  {
    "id": "2608404",
    "name": "Jurema",
    "state": "PE",
    "state_name": "Pernambuco",
    "microregion": "Garanhuns",
    "mesoregion": "Agreste Pernambucano",
    "region": "Nordeste"
  },
  {
    "id": "2608453",
    "name": "Lagoa do Carro",
    "state": "PE",
    "state_name": "Pernambuco",
    "microregion": "Mata Setentrional Pernambucana",
    "mesoregion": "Mata Pernambucana",
    "region": "Nordeste"
  },
  {
    "id": "2608503",
    "name": "Lagoa de Itaenga",
    "state": "PE",
    "state_name": "Pernambuco",
    "microregion": "Mata Setentrional Pernambucana",
    "mesoregion": "Mata Pernambucana",
    "region": "Nordeste"
  },
  {
    "id": "2608602",
    "name": "Lagoa do Ouro",
    "state": "PE",
    "state_name": "Pernambuco",
    "microregion": "Garanhuns",
    "mesoregion": "Agreste Pernambucano",
    "region": "Nordeste"
  },
  {
    "id": "2608701",
    "name": "Lagoa dos Gatos",
    "state": "PE",
    "state_name": "Pernambuco",
    "microregion": "Brejo Pernambucano",
    "mesoregion": "Agreste Pernambucano",
    "region": "Nordeste"
  },
  {
    "id": "2608750",
    "name": "Lagoa Grande",
    "state": "PE",
    "state_name": "Pernambuco",
    "microregion": "Petrolina",
    "mesoregion": "São Francisco Pernambucano",
    "region": "Nordeste"
  },
  {
    "id": "2608800",
    "name": "Lajedo",
    "state": "PE",
    "state_name": "Pernambuco",
    "microregion": "Garanhuns",
    "mesoregion": "Agreste Pernambucano",
    "region": "Nordeste"
  },
  {
    "id": "2608909",
    "name": "Limoeiro",
    "state": "PE",
    "state_name": "Pernambuco",
    "microregion": "Médio Capibaribe",
    "mesoregion": "Agreste Pernambucano",
    "region": "Nordeste"
  },
  {
    "id": "2609006",
    "name": "Macaparana",
    "state": "PE",
    "state_name": "Pernambuco",
    "microregion": "Mata Setentrional Pernambucana",
    "mesoregion": "Mata Pernambucana",
    "region": "Nordeste"
  },
  {
    "id": "2609105",
    "name": "Machados",
    "state": "PE",
    "state_name": "Pernambuco",
    "microregion": "Médio Capibaribe",
    "mesoregion": "Agreste Pernambucano",
    "region": "Nordeste"
  },
  {
    "id": "2609154",
    "name": "Manari",
    "state": "PE",
    "state_name": "Pernambuco",
    "microregion": "Sertão do Moxotó",
    "mesoregion": "Sertão Pernambucano",
    "region": "Nordeste"
  },
  {
    "id": "2609204",
    "name": "Maraial",
    "state": "PE",
    "state_name": "Pernambuco",
    "microregion": "Mata Meridional Pernambucana",
    "mesoregion": "Mata Pernambucana",
    "region": "Nordeste"
  },
  {
    "id": "2609303",
    "name": "Mirandiba",
    "state": "PE",
    "state_name": "Pernambuco",
    "microregion": "Salgueiro",
    "mesoregion": "Sertão Pernambucano",
    "region": "Nordeste"
  },
  {
    "id": "2609402",
    "name": "Moreno",
    "state": "PE",
    "state_name": "Pernambuco",
    "microregion": "Recife",
    "mesoregion": "Metropolitana de Recife",
    "region": "Nordeste"
  },
  {
    "id": "2609501",
    "name": "Nazaré da Mata",
    "state": "PE",
    "state_name": "Pernambuco",
    "microregion": "Mata Setentrional Pernambucana",
    "mesoregion": "Mata Pernambucana",
    "region": "Nordeste"
  },
  {
    "id": "2609600",
    "name": "Olinda",
    "state": "PE",
    "state_name": "Pernambuco",
    "microregion": "Recife",
    "mesoregion": "Metropolitana de Recife",
    "region": "Nordeste"
  },
  {
    "id": "2609709",
    "name": "Orobó",
    "state": "PE",
    "state_name": "Pernambuco",
    "microregion": "Médio Capibaribe",
    "mesoregion": "Agreste Pernambucano",
    "region": "Nordeste"
  },
  {
    "id": "2609808",
    "name": "Orocó",
    "state": "PE",
    "state_name": "Pernambuco",
    "microregion": "Petrolina",
    "mesoregion": "São Francisco Pernambucano",
    "region": "Nordeste"
  },
  {
    "id": "2609907",
    "name": "Ouricuri",
    "state": "PE",
    "state_name": "Pernambuco",
    "microregion": "Araripina",
    "mesoregion": "Sertão Pernambucano",
    "region": "Nordeste"
  },
  {
    "id": "2610004",
    "name": "Palmares",
    "state": "PE",
    "state_name": "Pernambuco",
    "microregion": "Mata Meridional Pernambucana",
    "mesoregion": "Mata Pernambucana",
    "region": "Nordeste"
  },
  {
    "id": "2610103",
    "name": "Palmeirina",
    "state": "PE",
    "state_name": "Pernambuco",
    "microregion": "Garanhuns",
    "mesoregion": "Agreste Pernambucano",
    "region": "Nordeste"
  },
  {
    "id": "2610202",
    "name": "Panelas",
    "state": "PE",
    "state_name": "Pernambuco",
    "microregion": "Brejo Pernambucano",
    "mesoregion": "Agreste Pernambucano",
    "region": "Nordeste"
  },
  {
    "id": "2610301",
    "name": "Paranatama",
    "state": "PE",
    "state_name": "Pernambuco",
    "microregion": "Garanhuns",
    "mesoregion": "Agreste Pernambucano",
    "region": "Nordeste"
  },
  {
    "id": "2610400",
    "name": "Parnamirim",
    "state": "PE",
    "state_name": "Pernambuco",
    "microregion": "Salgueiro",
    "mesoregion": "Sertão Pernambucano",
    "region": "Nordeste"
  },
  {
    "id": "2610509",
    "name": "Passira",
    "state": "PE",
    "state_name": "Pernambuco",
    "microregion": "Médio Capibaribe",
    "mesoregion": "Agreste Pernambucano",
    "region": "Nordeste"
  },
  {
    "id": "2610608",
    "name": "Paudalho",
    "state": "PE",
    "state_name": "Pernambuco",
    "microregion": "Mata Setentrional Pernambucana",
    "mesoregion": "Mata Pernambucana",
    "region": "Nordeste"
  },
  {
    "id": "2610707",
    "name": "Paulista",
    "state": "PE",
    "state_name": "Pernambuco",
    "microregion": "Recife",
    "mesoregion": "Metropolitana de Recife",
    "region": "Nordeste"
  },
  {
    "id": "2610806",
    "name": "Pedra",
    "state": "PE",
    "state_name": "Pernambuco",
    "microregion": "Vale do Ipanema",
    "mesoregion": "Agreste Pernambucano",
    "region": "Nordeste"
  },
  {
    "id": "2610905",
    "name": "Pesqueira",
    "state": "PE",
    "state_name": "Pernambuco",
    "microregion": "Vale do Ipojuca",
    "mesoregion": "Agreste Pernambucano",
    "region": "Nordeste"
  },
  {
    "id": "2611002",
    "name": "Petrolândia",
    "state": "PE",
    "state_name": "Pernambuco",
    "microregion": "Itaparica",
    "mesoregion": "São Francisco Pernambucano",
    "region": "Nordeste"
  },
  {
    "id": "2611101",
    "name": "Petrolina",
    "state": "PE",
    "state_name": "Pernambuco",
    "microregion": "Petrolina",
    "mesoregion": "São Francisco Pernambucano",
    "region": "Nordeste"
  },
  {
    "id": "2611200",
    "name": "Poção",
    "state": "PE",
    "state_name": "Pernambuco",
    "microregion": "Vale do Ipojuca",
    "mesoregion": "Agreste Pernambucano",
    "region": "Nordeste"
  },
  {
    "id": "2611309",
    "name": "Pombos",
    "state": "PE",
    "state_name": "Pernambuco",
    "microregion": "Vitória de Santo Antão",
    "mesoregion": "Mata Pernambucana",
    "region": "Nordeste"
  },
  {
    "id": "2611408",
    "name": "Primavera",
    "state": "PE",
    "state_name": "Pernambuco",
    "microregion": "Mata Meridional Pernambucana",
    "mesoregion": "Mata Pernambucana",
    "region": "Nordeste"
  },
  {
    "id": "2611507",
    "name": "Quipapá",
    "state": "PE",
    "state_name": "Pernambuco",
    "microregion": "Mata Meridional Pernambucana",
    "mesoregion": "Mata Pernambucana",
    "region": "Nordeste"
  },
  {
    "id": "2611533",
    "name": "Quixaba",
    "state": "PE",
    "state_name": "Pernambuco",
    "microregion": "Pajeú",
    "mesoregion": "Sertão Pernambucano",
    "region": "Nordeste"
  },
  {
    "id": "2611606",
    "name": "Recife",
    "state": "PE",
    "state_name": "Pernambuco",
    "microregion": "Recife",
    "mesoregion": "Metropolitana de Recife",
    "region": "Nordeste"
  },
  {
    "id": "2611705",
    "name": "Riacho das Almas",
    "state": "PE",
    "state_name": "Pernambuco",
    "microregion": "Vale do Ipojuca",
    "mesoregion": "Agreste Pernambucano",
    "region": "Nordeste"
  },
  {
    "id": "2611804",
    "name": "Ribeirão",
    "state": "PE",
    "state_name": "Pernambuco",
    "microregion": "Mata Meridional Pernambucana",
    "mesoregion": "Mata Pernambucana",
    "region": "Nordeste"
  },
  {
    "id": "2611903",
    "name": "Rio Formoso",
    "state": "PE",
    "state_name": "Pernambuco",
    "microregion": "Mata Meridional Pernambucana",
    "mesoregion": "Mata Pernambucana",
    "region": "Nordeste"
  },
  {
    "id": "2612000",
    "name": "Sairé",
    "state": "PE",
    "state_name": "Pernambuco",
    "microregion": "Brejo Pernambucano",
    "mesoregion": "Agreste Pernambucano",
    "region": "Nordeste"
  },
  {
    "id": "2612109",
    "name": "Salgadinho",
    "state": "PE",
    "state_name": "Pernambuco",
    "microregion": "Médio Capibaribe",
    "mesoregion": "Agreste Pernambucano",
    "region": "Nordeste"
  },
  {
    "id": "2612208",
    "name": "Salgueiro",
    "state": "PE",
    "state_name": "Pernambuco",
    "microregion": "Salgueiro",
    "mesoregion": "Sertão Pernambucano",
    "region": "Nordeste"
  },
  {
    "id": "2612307",
    "name": "Saloá",
    "state": "PE",
    "state_name": "Pernambuco",
    "microregion": "Garanhuns",
    "mesoregion": "Agreste Pernambucano",
    "region": "Nordeste"
  },
  {
    "id": "2612406",
    "name": "Sanharó",
    "state": "PE",
    "state_name": "Pernambuco",
    "microregion": "Vale do Ipojuca",
    "mesoregion": "Agreste Pernambucano",
    "region": "Nordeste"
  },
  {
    "id": "2612455",
    "name": "Santa Cruz",
    "state": "PE",
    "state_name": "Pernambuco",
    "microregion": "Araripina",
    "mesoregion": "Sertão Pernambucano",
    "region": "Nordeste"
  },
  {
    "id": "2612471",
    "name": "Santa Cruz da Baixa Verde",
    "state": "PE",
    "state_name": "Pernambuco",
    "microregion": "Pajeú",
    "mesoregion": "Sertão Pernambucano",
    "region": "Nordeste"
  },
  {
    "id": "2612505",
    "name": "Santa Cruz do Capibaribe",
    "state": "PE",
    "state_name": "Pernambuco",
    "microregion": "Alto Capibaribe",
    "mesoregion": "Agreste Pernambucano",
    "region": "Nordeste"
  },
  {
    "id": "2612554",
    "name": "Santa Filomena",
    "state": "PE",
    "state_name": "Pernambuco",
    "microregion": "Araripina",
    "mesoregion": "Sertão Pernambucano",
    "region": "Nordeste"
  },
  {
    "id": "2612604",
    "name": "Santa Maria da Boa Vista",
    "state": "PE",
    "state_name": "Pernambuco",
    "microregion": "Petrolina",
    "mesoregion": "São Francisco Pernambucano",
    "region": "Nordeste"
  },
  {
    "id": "2612703",
    "name": "Santa Maria do Cambucá",
    "state": "PE",
    "state_name": "Pernambuco",
    "microregion": "Alto Capibaribe",
    "mesoregion": "Agreste Pernambucano",
    "region": "Nordeste"
  },
  {
    "id": "2612802",
    "name": "Santa Terezinha",
    "state": "PE",
    "state_name": "Pernambuco",
    "microregion": "Pajeú",
    "mesoregion": "Sertão Pernambucano",
    "region": "Nordeste"
  },
  {
    "id": "2612901",
    "name": "São Benedito do Sul",
    "state": "PE",
    "state_name": "Pernambuco",
    "microregion": "Mata Meridional Pernambucana",
    "mesoregion": "Mata Pernambucana",
    "region": "Nordeste"
  },
  {
    "id": "2613008",
    "name": "São Bento do Una",
    "state": "PE",
    "state_name": "Pernambuco",
    "microregion": "Vale do Ipojuca",
    "mesoregion": "Agreste Pernambucano",
    "region": "Nordeste"
  },
  {
    "id": "2613107",
    "name": "São Caitano",
    "state": "PE",
    "state_name": "Pernambuco",
    "microregion": "Vale do Ipojuca",
    "mesoregion": "Agreste Pernambucano",
    "region": "Nordeste"
  },
  {
    "id": "2613206",
    "name": "São João",
    "state": "PE",
    "state_name": "Pernambuco",
    "microregion": "Garanhuns",
    "mesoregion": "Agreste Pernambucano",
    "region": "Nordeste"
  },
  {
    "id": "2613305",
    "name": "São Joaquim do Monte",
    "state": "PE",
    "state_name": "Pernambuco",
    "microregion": "Brejo Pernambucano",
    "mesoregion": "Agreste Pernambucano",
    "region": "Nordeste"
  },
  {
    "id": "2613404",
    "name": "São José da Coroa Grande",
    "state": "PE",
    "state_name": "Pernambuco",
    "microregion": "Mata Meridional Pernambucana",
    "mesoregion": "Mata Pernambucana",
    "region": "Nordeste"
  },
  {
    "id": "2613503",
    "name": "São José do Belmonte",
    "state": "PE",
    "state_name": "Pernambuco",
    "microregion": "Salgueiro",
    "mesoregion": "Sertão Pernambucano",
    "region": "Nordeste"
  },
  {
    "id": "2613602",
    "name": "São José do Egito",
    "state": "PE",
    "state_name": "Pernambuco",
    "microregion": "Pajeú",
    "mesoregion": "Sertão Pernambucano",
    "region": "Nordeste"
  },
  {
    "id": "2613701",
    "name": "São Lourenço da Mata",
    "state": "PE",
    "state_name": "Pernambuco",
    "microregion": "Recife",
    "mesoregion": "Metropolitana de Recife",
    "region": "Nordeste"
  },
  {
    "id": "2613800",
    "name": "São Vicente Férrer",
    "state": "PE",
    "state_name": "Pernambuco",
    "microregion": "Médio Capibaribe",
    "mesoregion": "Agreste Pernambucano",
    "region": "Nordeste"
  },
  {
    "id": "2613909",
    "name": "Serra Talhada",
    "state": "PE",
    "state_name": "Pernambuco",
    "microregion": "Pajeú",
    "mesoregion": "Sertão Pernambucano",
    "region": "Nordeste"
  },
  {
    "id": "2614006",
    "name": "Serrita",
    "state": "PE",
    "state_name": "Pernambuco",
    "microregion": "Salgueiro",
    "mesoregion": "Sertão Pernambucano",
    "region": "Nordeste"
  },
  {
    "id": "2614105",
    "name": "Sertânia",
    "state": "PE",
    "state_name": "Pernambuco",
    "microregion": "Sertão do Moxotó",
    "mesoregion": "Sertão Pernambucano",
    "region": "Nordeste"
  },
  {
    "id": "2614204",
    "name": "Sirinhaém",
    "state": "PE",
    "state_name": "Pernambuco",
    "microregion": "Mata Meridional Pernambucana",
    "mesoregion": "Mata Pernambucana",
    "region": "Nordeste"
  },
  {
    "id": "2614303",
    "name": "Moreilândia",
    "state": "PE",
    "state_name": "Pernambuco",
    "microregion": "Araripina",
    "mesoregion": "Sertão Pernambucano",
    "region": "Nordeste"
  },
  {
    "id": "2614402",
    "name": "Solidão",
    "state": "PE",
    "state_name": "Pernambuco",
    "microregion": "Pajeú",
    "mesoregion": "Sertão Pernambucano",
    "region": "Nordeste"
  },
  {
    "id": "2614501",
    "name": "Surubim",
    "state": "PE",
    "state_name": "Pernambuco",
    "microregion": "Alto Capibaribe",
    "mesoregion": "Agreste Pernambucano",
    "region": "Nordeste"
  },
  {
    "id": "2614600",
    "name": "Tabira",
    "state": "PE",
    "state_name": "Pernambuco",
    "microregion": "Pajeú",
    "mesoregion": "Sertão Pernambucano",
    "region": "Nordeste"
  },
  {
    "id": "2614709",
    "name": "Tacaimbó",
    "state": "PE",
    "state_name": "Pernambuco",
    "microregion": "Vale do Ipojuca",
    "mesoregion": "Agreste Pernambucano",
    "region": "Nordeste"
  },
  {
    "id": "2614808",
    "name": "Tacaratu",
    "state": "PE",
    "state_name": "Pernambuco",
    "microregion": "Itaparica",
    "mesoregion": "São Francisco Pernambucano",
    "region": "Nordeste"
  },
  {
    "id": "2614857",
    "name": "Tamandaré",
    "state": "PE",
    "state_name": "Pernambuco",
    "microregion": "Mata Meridional Pernambucana",
    "mesoregion": "Mata Pernambucana",
    "region": "Nordeste"
  },
  {
    "id": "2615003",
    "name": "Taquaritinga do Norte",
    "state": "PE",
    "state_name": "Pernambuco",
    "microregion": "Alto Capibaribe",
    "mesoregion": "Agreste Pernambucano",
    "region": "Nordeste"
  },
  {
    "id": "2615102",
    "name": "Terezinha",
    "state": "PE",
    "state_name": "Pernambuco",
    "microregion": "Garanhuns",
    "mesoregion": "Agreste Pernambucano",
    "region": "Nordeste"
  },
  {
    "id": "2615201",
    "name": "Terra Nova",
    "state": "PE",
    "state_name": "Pernambuco",
    "microregion": "Petrolina",
    "mesoregion": "São Francisco Pernambucano",
    "region": "Nordeste"
  },
  {
    "id": "2615300",
    "name": "Timbaúba",
    "state": "PE",
    "state_name": "Pernambuco",
    "microregion": "Mata Setentrional Pernambucana",
    "mesoregion": "Mata Pernambucana",
    "region": "Nordeste"
  },
  {
    "id": "2615409",
    "name": "Toritama",
    "state": "PE",
    "state_name": "Pernambuco",
    "microregion": "Alto Capibaribe",
    "mesoregion": "Agreste Pernambucano",
    "region": "Nordeste"
  },
  {
    "id": "2615508",
    "name": "Tracunhaém",
    "state": "PE",
    "state_name": "Pernambuco",
    "microregion": "Mata Setentrional Pernambucana",
    "mesoregion": "Mata Pernambucana",
    "region": "Nordeste"
  },
  {
    "id": "2615607",
    "name": "Trindade",
    "state": "PE",
    "state_name": "Pernambuco",
    "microregion": "Araripina",
    "mesoregion": "Sertão Pernambucano",
    "region": "Nordeste"
  },
  {
    "id": "2615706",
    "name": "Triunfo",
    "state": "PE",
    "state_name": "Pernambuco",
    "microregion": "Pajeú",
    "mesoregion": "Sertão Pernambucano",
    "region": "Nordeste"
  },
  {
    "id": "2615805",
    "name": "Tupanatinga",
    "state": "PE",
    "state_name": "Pernambuco",
    "microregion": "Vale do Ipanema",
    "mesoregion": "Agreste Pernambucano",
    "region": "Nordeste"
  },
  {
    "id": "2615904",
    "name": "Tuparetama",
    "state": "PE",
    "state_name": "Pernambuco",
    "microregion": "Pajeú",
    "mesoregion": "Sertão Pernambucano",
    "region": "Nordeste"
  },
  {
    "id": "2616001",
    "name": "Venturosa",
    "state": "PE",
    "state_name": "Pernambuco",
    "microregion": "Vale do Ipanema",
    "mesoregion": "Agreste Pernambucano",
    "region": "Nordeste"
  },
  {
    "id": "2616100",
    "name": "Verdejante",
    "state": "PE",
    "state_name": "Pernambuco",
    "microregion": "Salgueiro",
    "mesoregion": "Sertão Pernambucano",
    "region": "Nordeste"
  },
  {
    "id": "2616183",
    "name": "Vertente do Lério",
    "state": "PE",
    "state_name": "Pernambuco",
    "microregion": "Alto Capibaribe",
    "mesoregion": "Agreste Pernambucano",
    "region": "Nordeste"
  },
  {
    "id": "2616209",
    "name": "Vertentes",
    "state": "PE",
    "state_name": "Pernambuco",
    "microregion": "Alto Capibaribe",
    "mesoregion": "Agreste Pernambucano",
    "region": "Nordeste"
  },
  {
    "id": "2616308",
    "name": "Vicência",
    "state": "PE",
    "state_name": "Pernambuco",
    "microregion": "Mata Setentrional Pernambucana",
    "mesoregion": "Mata Pernambucana",
    "region": "Nordeste"
  },
  {
    "id": "2616407",
    "name": "Vitória de Santo Antão",
    "state": "PE",
    "state_name": "Pernambuco",
    "microregion": "Vitória de Santo Antão",
    "mesoregion": "Mata Pernambucana",
    "region": "Nordeste"
  },
  {
    "id": "2616506",
    "name": "Xexéu",
    "state": "PE",
    "state_name": "Pernambuco",
    "microregion": "Mata Meridional Pernambucana",
    "mesoregion": "Mata Pernambucana",
    "region": "Nordeste"
  }
]