[
  {
    "id": "5000203",
    "name": "Água Clara",
    "state": "MS",
    "state_name": "Mato Grosso do Sul",
    "microregion": "Três Lagoas",
    "mesoregion": "Leste de Mato Grosso do Sul",
    "region": "Centro-Oeste"
  },
  {
    "id": "5000252",
    "name": "Alcinópolis",
    "state": "MS",
    "state_name": "Mato Grosso do Sul",
    "microregion": "Alto Taquari",
    "mesoregion": "Centro Norte de Mato Grosso do Sul",
    "region": "Centro-Oeste"
  },
  {
    "id": "5000609",
    "name": "Amambai",
    "state": "MS",
    "state_name": "Mato Grosso do Sul",
    "microregion": "Dourados",
    "mesoregion": "Sudoeste de Mato Grosso do Sul",
    "region": "Centro-Oeste"
  },
  {
    "id": "5000708",
    "name": "Anastácio",
    "state": "MS",
    "state_name": "Mato Grosso do Sul",
    "microregion": "Aquidauana",
    "mesoregion": "Pantanais Sul Mato-grossense",
    "region": "Centro-Oeste"
  },
  {
    "id": "5000807",
    "name": "Anaurilândia",
    "state": "MS",
    "state_name": "Mato Grosso do Sul",
    "microregion": "Nova Andradina",
    "mesoregion": "Leste de Mato Grosso do Sul",
    "region": "Centro-Oeste"
  },
  {
    "id": "5000856",
    "name": "Angélica",
    "state": "MS",
    "state_name": "Mato Grosso do Sul",
    "microregion": "Iguatemi",
    "mesoregion": "Sudoeste de Mato Grosso do Sul",
    "region": "Centro-Oeste"
  },
  {
    "id": "5000906",
    "name": "Antônio João",
    "state": "MS",
    "state_name": "Mato Grosso do Sul",
    "microregion": "Dourados",
    "mesoregion": "Sudoeste de Mato Grosso do Sul",
    "region": "Centro-Oeste"
  },
  {
    "id": "5001003",
    "name": "Aparecida do Taboado",
    "state": "MS",
    "state_name": "Mato Grosso do Sul",
    "microregion": "Paranaíba",
    "mesoregion": "Leste de Mato Grosso do Sul",
    "region": "Centro-Oeste"
  },
  {
    "id": "5001102",
    "name": "Aquidauana",
    "state": "MS",
    "state_name": "Mato Grosso do Sul",
    "microregion": "Aquidauana",
    "mesoregion": "Pantanais Sul Mato-grossense",
    "region": "Centro-Oeste"
  },
  {
    "id": "5001243",
    "name": "Aral Moreira",
    "state": "MS",
    "state_name": "Mato Grosso do Sul",
    "microregion": "Dourados",
    "mesoregion": "Sudoeste de Mato Grosso do Sul",
    "region": "Centro-Oeste"
  },
  {
    "id": "5001508",
    "name": "Bandeirantes",
    "state": "MS",
    "state_name": "Mato Grosso do Sul",
    "microregion": "Campo Grande",
    "mesoregion": "Centro Norte de Mato Grosso do Sul",
    "region": "Centro-Oeste"
  },
  {
    "id": "5001904",
    "name": "Bataguassu",
    "state": "MS",
    "state_name": "Mato Grosso do Sul",
    "microregion": "Nova Andradina",
    "mesoregion": "Leste de Mato Grosso do Sul",
    "region": "Centro-Oeste"
  },
  {
    "id": "5002001",
    "name": "Batayporã",
    "state": "MS",
    "state_name": "Mato Grosso do Sul",
    "microregion": "Nova Andradina",
    "mesoregion": "Leste de Mato Grosso do Sul",
    "region": "Centro-Oeste"
  },
  {
    "id": "5002100",
    "name": "Bela Vista",
    "state": "MS",
    "state_name": "Mato Grosso do Sul",
    "microregion": "Bodoquena",
    "mesoregion": "Sudoeste de Mato Grosso do Sul",
    "region": "Centro-Oeste"
  },
  {
    "id": "5002159",
    "name": "Bodoquena",
    "state": "MS",
    "state_name": "Mato Grosso do Sul",
    "microregion": "Bodoquena",
    "mesoregion": "Sudoeste de Mato Grosso do Sul",
    "region": "Centro-Oeste"
  },
  {
    "id": "5002209",
    "name": "Bonito",
    "state": "MS",
    "state_name": "Mato Grosso do Sul",
    "microregion": "Bodoquena",
    "mesoregion": "Sudoeste de Mato Grosso do Sul",
    "region": "Centro-Oeste"
  },
  {
    "id": "5002308",
    "name": "Brasilândia",
    "state": "MS",
    "state_name": "Mato Grosso do Sul",
    "microregion": "Três Lagoas",
    "mesoregion": "Leste de Mato Grosso do Sul",
    "region": "Centro-Oeste"
  },
  {
    "id": "5002407",
    "name": "Caarapó",
    "state": "MS",
    "state_name": "Mato Grosso do Sul",
    "microregion": "Dourados",
    "mesoregion": "Sudoeste de Mato Grosso do Sul",
    "region": "Centro-Oeste"
  },
  {
    "id": "5002605",
    "name": "Camapuã",
    "state": "MS",
    "state_name": "Mato Grosso do Sul",
    "microregion": "Alto Taquari",
    "mesoregion": "Centro Norte de Mato Grosso do Sul",
    "region": "Centro-Oeste"
  },
  {
    "id": "5002704",
    "name": "Campo Grande",
    "state": "MS",
    "state_name": "Mato Grosso do Sul",
    "microregion": "Campo Grande",
    "mesoregion": "Centro Norte de Mato Grosso do Sul",
    "region": "Centro-Oeste"
  },
  {
    "id": "5002803",
    "name": "Caracol",
    "state": "MS",
    "state_name": "Mato Grosso do Sul",
    "microregion": "Bodoquena",
    "mesoregion": "Sudoeste de Mato Grosso do Sul",
    "region": "Centro-Oeste"
  },
  {
    "id": "5002902",
    "name": "Cassilândia",
    "state": "MS",
    "state_name": "Mato Grosso do Sul",
    "microregion": "Cassilândia",
    "mesoregion": "Leste de Mato Grosso do Sul",
    "region": "Centro-Oeste"
  },
  {
    "id": "5002951",
    "name": "Chapadão do Sul",
    "state": "MS",
    "state_name": "Mato Grosso do Sul",
    "microregion": "Cassilândia",
    "mesoregion": "Leste de Mato Grosso do Sul",
    "region": "Centro-Oeste"
  },
  {
    "id": "5003108",
    "name": "Corguinho",
    "state": "MS",
    "state_name": "Mato Grosso do Sul",
    "microregion": "Campo Grande",
    "mesoregion": "Centro Norte de Mato Grosso do Sul",
    "region": "Centro-Oeste"
  },
  {
    "id": "5003157",
    "name": "Coronel Sapucaia",
    "state": "MS",
    "state_name": "Mato Grosso do Sul",
    "microregion": "Iguatemi",
    "mesoregion": "Sudoeste de Mato Grosso do Sul",
    "region": "Centro-Oeste"
  },
  {
    "id": "5003207",
    "name": "Corumbá",
    "state": "MS",
    "state_name": "Mato Grosso do Sul",
    "microregion": "Baixo Pantanal",
    "mesoregion": "Pantanais Sul Mato-grossense",
    "region": "Centro-Oeste"
  },
  {
    "id": "5003256",
    "name": "Costa Rica",
    "state": "MS",
    "state_name": "Mato Grosso do Sul",
    "microregion": "Cassilândia",
    "mesoregion": "Leste de Mato Grosso do Sul",
    "region": "Centro-Oeste"
  },
  {
    "id": "5003306",
    "name": "Coxim",
    "state": "MS",
    "state_name": "Mato Grosso do Sul",
    "microregion": "Alto Taquari",
    "mesoregion": "Centro Norte de Mato Grosso do Sul",
    "region": "Centro-Oeste"
  },
  {
    "id": "5003454",
    "name": "Deodápolis",
    "state": "MS",
    "state_name": "Mato Grosso do Sul",
    "microregion": "Iguatemi",
    "mesoregion": "Sudoeste de Mato Grosso do Sul",
    "region": "Centro-Oeste"
  },
  {
    "id": "5003488",
    "name": "Dois Irmãos do Buriti",
    "state": "MS",
    "state_name": "Mato Grosso do Sul",
    "microregion": "Aquidauana",
    "mesoregion": "Pantanais Sul Mato-grossense",
    "region": "Centro-Oeste"
  },
  {
    "id": "5003504",
    "name": "Douradina",
    "state": "MS",
    "state_name": "Mato Grosso do Sul",
    "microregion": "Dourados",
    "mesoregion": "Sudoeste de Mato Grosso do Sul",
    "region": "Centro-Oeste"
  },
  {
    "id": "5003702",
    "name": "Dourados",
    "state": "MS",
    "state_name": "Mato Grosso do Sul",
    "microregion": "Dourados",
    "mesoregion": "Sudoeste de Mato Grosso do Sul",
    "region": "Centro-Oeste"
  },
  {
    "id": "5003751",
    "name": "Eldorado",
    "state": "MS",
    "state_name": "Mato Grosso do Sul",
    "microregion": "Iguatemi",
    "mesoregion": "Sudoeste de Mato Grosso do Sul",
    "region": "Centro-Oeste"
  },
  {
    "id": "5003801",
    "name": "Fátima do Sul",
    "state": "MS",
    "state_name": "Mato Grosso do Sul",
    "microregion": "Dourados",
    "mesoregion": "Sudoeste de Mato Grosso do Sul",
    "region": "Centro-Oeste"
  },
  {
    "id": "5003900",
    "name": "Figueirão",
    "state": "MS",
    "state_name": "Mato Grosso do Sul",
    "microregion": "Alto Taquari",
    "mesoregion": "Centro Norte de Mato Grosso do Sul",
    "region": "Centro-Oeste"
  },
  {
    "id": "5004007",
    "name": "Glória de Dourados",
    "state": "MS",
    "state_name": "Mato Grosso do Sul",
    "microregion": "Iguatemi",
    "mesoregion": "Sudoeste de Mato Grosso do Sul",
    "region": "Centro-Oeste"
  },
  {
    "id": "5004106",
    "name": "Guia Lopes da Laguna",
    "state": "MS",
    "state_name": "Mato Grosso do Sul",
    "microregion": "Bodoquena",
    "mesoregion": "Sudoeste de Mato Grosso do Sul",
    "region": "Centro-Oeste"
  },
  {
    "id": "5004304",
    "name": "Iguatemi",
    "state": "MS",
    "state_name": "Mato Grosso do Sul",
    "microregion": "Iguatemi",
    "mesoregion": "Sudoeste de Mato Grosso do Sul",
    "region": "Centro-Oeste"
  },
  {
    "id": "5004403",
    "name": "Inocência",
    "state": "MS",
    "state_name": "Mato Grosso do Sul",
    "microregion": "Paranaíba",
    "mesoregion": "Leste de Mato Grosso do Sul",
    "region": "Centro-Oeste"
  },
  {
    "id": "5004502",
    "name": "Itaporã",
    "state": "MS",
    "state_name": "Mato Grosso do Sul",
    "microregion": "Dourados",
    "mesoregion": "Sudoeste de Mato Grosso do Sul",
    "region": "Centro-Oeste"
  },
  {
    "id": "5004601",
    "name": "Itaquiraí",
    "state": "MS",
    "state_name": "Mato Grosso do Sul",
    "microregion": "Iguatemi",
    "mesoregion": "Sudoeste de Mato Grosso do Sul",
    "region": "Centro-Oeste"
  },
  {
    "id": "5004700",
    "name": "Ivinhema",
    "state": "MS",
    "state_name": "Mato Grosso do Sul",
    "microregion": "Iguatemi",
    "mesoregion": "Sudoeste de Mato Grosso do Sul",
    "region": "Centro-Oeste"
  },
  {
    "id": "5004809",
    "name": "Japorã",
    "state": "MS",
    "state_name": "Mato Grosso do Sul",
    "microregion": "Iguatemi",
    "mesoregion": "Sudoeste de Mato Grosso do Sul",
    "region": "Centro-Oeste"
  },
  {
    "id": "5004908",
    "name": "Jaraguari",
    "state": "MS",
    "state_name": "Mato Grosso do Sul",
    "microregion": "Campo Grande",
    "mesoregion": "Centro Norte de Mato Grosso do Sul",
    "region": "Centro-Oeste"
  },
  {
    "id": "5005004",
    "name": "Jardim",
    "state": "MS",
    "state_name": "Mato Grosso do Sul",
    "microregion": "Bodoquena",
    "mesoregion": "Sudoeste de Mato Grosso do Sul",
    "region": "Centro-Oeste"
  },
  {
    "id": "5005103",
    "name": "Jateí",
    "state": "MS",
    "state_name": "Mato Grosso do Sul",
    "microregion": "Iguatemi",
    "mesoregion": "Sudoeste de Mato Grosso do Sul",
    "region": "Centro-Oeste"
  },
  {
    "id": "5005152",
    "name": "Juti",
    "state": "MS",
    "state_name": "Mato Grosso do Sul",
    "microregion": "Dourados",
    "mesoregion": "Sudoeste de Mato Grosso do Sul",
    "region": "Centro-Oeste"
  },
  {
    "id": "5005202",
    "name": "Ladário",
    "state": "MS",
    "state_name": "Mato Grosso do Sul",
    "microregion": "Baixo Pantanal",
    "mesoregion": "Pantanais Sul Mato-grossense",
    "region": "Centro-Oeste"
  },
  {
    "id": "5005251",
    "name": "Laguna Carapã",
    "state": "MS",
    "state_name": "Mato Grosso do Sul",
    "microregion": "Dourados",
    "mesoregion": "Sudoeste de Mato Grosso do Sul",
    "region": "Centro-Oeste"
  },
  {
    "id": "5005400",
    "name": "Maracaju",
    "state": "MS",
    "state_name": "Mato Grosso do Sul",
    "microregion": "Dourados",
    "mesoregion": "Sudoeste de Mato Grosso do Sul",
    "region": "Centro-Oeste"
  },
  {
    "id": "5005608",
    "name": "Miranda",
    "state": "MS",
    "state_name": "Mato Grosso do Sul",
    "microregion": "Aquidauana",
    "mesoregion": "Pantanais Sul Mato-grossense",
    "region": "Centro-Oeste"
  },
  {
    "id": "5005681",
    "name": "Mundo Novo",
    "state": "MS",
    "state_name": "Mato Grosso do Sul",
    "microregion": "Iguatemi",
    "mesoregion": "Sudoeste de Mato Grosso do Sul",
    "region": "Centro-Oeste"
  },
  {
    "id": "5005707",
    "name": "Naviraí",
    "state": "MS",
    "state_name": "Mato Grosso do Sul",
    "microregion": "Iguatemi",
    "mesoregion": "Sudoeste de Mato Grosso do Sul",
    "region": "Centro-Oeste"
  },
  {
    "id": "5005806",
    "name": "Nioaque",
    "state": "MS",
    "state_name": "Mato Grosso do Sul",
    "microregion": "Bodoquena",
    "mesoregion": "Sudoeste de Mato Grosso do Sul",
    "region": "Centro-Oeste"
  },
  {
    "id": "5006002",
    "name": "Nova Alvorada do Sul",
    "state": "MS",
    "state_name": "Mato Grosso do Sul",
    "microregion": "Dourados",
    "mesoregion": "Sudoeste de Mato Grosso do Sul",
    "region": "Centro-Oeste"
  },
  {
    "id": "5006200",
    "name": "Nova Andradina",
    "state": "MS",
    "state_name": "Mato Grosso do Sul",
    "microregion": "Nova Andradina",
    "mesoregion": "Leste de Mato Grosso do Sul",
    "region": "Centro-Oeste"
  },
  {
    "id": "5006259",
    "name": "Novo Horizonte do Sul",
    "state": "MS",
    "state_name": "Mato Grosso do Sul",
    "microregion": "Iguatemi",
    "mesoregion": "Sudoeste de Mato Grosso do Sul",
    "region": "Centro-Oeste"
  },
  {
    "id": "5006275",
    "name": "Paraíso das Águas",
    "state": "MS",
    "state_name": "Mato Grosso do Sul",
    "microregion": "Cassilândia",
    "mesoregion": "Leste de Mato Grosso do Sul",
    "region": "Centro-Oeste"
  },
  {
    "id": "5006309",
    "name": "Paranaíba",
    "state": "MS",
    "state_name": "Mato Grosso do Sul",
    "microregion": "Paranaíba",
    "mesoregion": "Leste de Mato Grosso do Sul",
    "region": "Centro-Oeste"
  },
  {
    "id": "5006358",
    "name": "Paranhos",
    "state": "MS",
    "state_name": "Mato Grosso do Sul",
    "microregion": "Iguatemi",
    "mesoregion": "Sudoeste de Mato Grosso do Sul",
    "region": "Centro-Oeste"
  },
  {
    "id": "5006408",
    "name": "Pedro Gomes",
    "state": "MS",
    "state_name": "Mato Grosso do Sul",
    "microregion": "Alto Taquari",
    "mesoregion": "Centro Norte de Mato Grosso do Sul",
    "region": "Centro-Oeste"
  },
  {
    "id": "5006606",
    "name": "Ponta Porã",
    "state": "MS",
    "state_name": "Mato Grosso do Sul",
    "microregion": "Dourados",
    "mesoregion": "Sudoeste de Mato Grosso do Sul",
    "region": "Centro-Oeste"
  },
  {
    "id": "5006903",
    "name": "Porto Murtinho",
    "state": "MS",
    "state_name": "Mato Grosso do Sul",
    "microregion": "Baixo Pantanal",
    "mesoregion": "Pantanais Sul Mato-grossense",
    "region": "Centro-Oeste"
  },
  {
    "id": "5007109",
    "name": "Ribas do Rio Pardo",
    "state": "MS",
    "state_name": "Mato Grosso do Sul",
    "microregion": "Três Lagoas",
    "mesoregion": "Leste de Mato Grosso do Sul",
    "region": "Centro-Oeste"
  },
  {
    "id": "5007208",
    "name": "Rio Brilhante",
    "state": "MS",
    "state_name": "Mato Grosso do Sul",
    "microregion": "Dourados",
    "mesoregion": "Sudoeste de Mato Grosso do Sul",
    "region": "Centro-Oeste"
  },
  {
    "id": "5007307",
    "name": "Rio Negro",
    "state": "MS",
    "state_name": "Mato Grosso do Sul",
    "microregion": "Campo Grande",
    "mesoregion": "Centro Norte de Mato Grosso do Sul",
    "region": "Centro-Oeste"
  },
  {
    "id": "5007406",
    "name": "Rio Verde de Mato Grosso",
    "state": "MS",
    "state_name": "Mato Grosso do Sul",
    "microregion": "Alto Taquari",
    "mesoregion": "Centro Norte de Mato Grosso do Sul",
    "region": "Centro-Oeste"
  },
  {
    "id": "5007505",
    "name": "Rochedo",
    "state": "MS",
    "state_name": "Mato Grosso do Sul",
    "microregion": "Campo Grande",
    "mesoregion": "Centro Norte de Mato Grosso do Sul",
    "region": "Centro-Oeste"
  },
  {
    "id": "5007554",
    "name": "Santa Rita do Pardo",
    "state": "MS",
    "state_name": "Mato Grosso do Sul",
    "microregion": "Três Lagoas",
    "mesoregion": "Leste de Mato Grosso do Sul",
    "region": "Centro-Oeste"
  },
  {
    "id": "5007695",
    "name": "São Gabriel do Oeste",
    "state": "MS",
    "state_name": "Mato Grosso do Sul",
    "microregion": "Alto Taquari",
    "mesoregion": "Centro Norte de Mato Grosso do Sul",
    "region": "Centro-Oeste"
  },
  {
    "id": "5007703",
    "name": "Sete Quedas",
    "state": "MS",
    "state_name": "Mato Grosso do Sul",
    "microregion": "Iguatemi",
    "mesoregion": "Sudoeste de Mato Grosso do Sul",
    "region": "Centro-Oeste"
  },
  {
    "id": "5007802",
    "name": "Selvíria",
    "state": "MS",
    "state_name": "Mato Grosso do Sul",
    "microregion": "Paranaíba",
    "mesoregion": "Leste de Mato Grosso do Sul",
    "region": "Centro-Oeste"
  },
  {
    "id": "5007901",
    "name": "Sidrolândia",
    "state": "MS",
    "state_name": "Mato Grosso do Sul",
    "microregion": "Campo Grande",
    "mesoregion": "Centro Norte de Mato Grosso do Sul",
    "region": "Centro-Oeste"
  },
  {
    "id": "5007935",
    "name": "Sonora",
    "state": "MS",
    "state_name": "Mato Grosso do Sul",
    "microregion": "Alto Taquari",
    "mesoregion": "Centro Norte de Mato Grosso do Sul",
    "region": "Centro-Oeste"
  },
  {
    "id": "5007950",
    "name": "Tacuru",
    "state": "MS",
    "state_name": "Mato Grosso do Sul",
    "microregion": "Iguatemi",
    "mesoregion": "Sudoeste de Mato Grosso do Sul",
    "region": "Centro-Oeste"
  },
  {
    "id": "5007976",
    "name": "Taquarussu",
    "state": "MS",
    "state_name": "Mato Grosso do Sul",
    "microregion": "Nova Andradina",
    "mesoregion": "Leste de Mato Grosso do Sul",
    "region": "Centro-Oeste"
  },
  {
    "id": "5008008",
    "name": "Terenos",
    "state": "MS",
    "state_name": "Mato Grosso do Sul",
    "microregion": "Campo Grande",
    "mesoregion": "Centro Norte de Mato Grosso do Sul",
    "region": "Centro-Oeste"
  },
  {
    "id": "5008305",
    "name": "Três Lagoas",
    "state": "MS",
    "state_name": "Mato Grosso do Sul",
    "microregion": "Três Lagoas",
    "mesoregion": "Leste de Mato Grosso do Sul",
    "region": "Centro-Oeste"
  },
  {
    "id": "5008404",
    "name": "Vicentina",
    "state": "MS",
    "state_name": "Mato Grosso do Sul",
    "microregion": "Dourados",
    "mesoregion": "Sudoeste de Mato Grosso do Sul",
    "region": "Centro-Oeste"
  }
]