[
  {
    "id": "1100015",
    "name": "Alta Floresta D'Oeste",
    "state": "RO",
    "state_name": "Rondônia",
    "microregion": "Cacoal",
    "mesoregion": "Leste Rondoniense",
    "region": "Norte"
  },
  {
    "id": "1100023",
    "name": "Ariquemes",
    "state": "RO",
    "state_name": "Rondônia",
    "microregion": "Ariquemes",
    "mesoregion": "Leste Rondoniense",
    "region": "Norte"
  },
  {
    "id": "1100031",
    "name": "Cabixi",
    "state": "RO",
    "state_name": "Rondônia",
    "microregion": "Colorado do Oeste",
    "mesoregion": "Leste Rondoniense",
    "region": "Norte"
  },
  {
    "id": "1100049",
    "name": "Cacoal",
    "state": "RO",
    "state_name": "Rondônia",
    "microregion": "Cacoal",
    "mesoregion": "Leste Rondoniense",
    "region": "Norte"
  },
  {
    "id": "1100056",
    "name": "Cerejeiras",
    "state": "RO",
    "state_name": "Rondônia",
    "microregion": "Colorado do Oeste",
    "mesoregion": "Leste Rondoniense",
    "region": "Norte"
  },
  {
    "id": "1100064",
    "name": "Colorado do Oeste",
    "state": "RO",
    "state_name": "Rondônia",
    "microregion": "Colorado do Oeste",
    "mesoregion": "Leste Rondoniense",
    "region": "Norte"
  },
  {
    "id": "1100072",
    "name": "Corumbiara",
    "state": "RO",
    "state_name": "Rondônia",
    "microregion": "Colorado do Oeste",
    "mesoregion": "Leste Rondoniense",
    "region": "Norte"
  },
  {
    "id": "1100080",
    "name": "Costa Marques",
    "state": "RO",
    "state_name": "Rondônia",
    "microregion": "Guajará-Mirim",
    "mesoregion": "Madeira-Guaporé",
    "region": "Norte"
  },
  {
    "id": "1100098",
    "name": "Espigão D'Oeste",
    "state": "RO",
    "state_name": "Rondônia",
    "microregion": "Cacoal",
    "mesoregion": "Leste Rondoniense",
    "region": "Norte"
  },
  {
    "id": "1100106",
    "name": "Guajará-Mirim",
    "state": "RO",
    "state_name": "Rondônia",
    "microregion": "Guajará-Mirim",
    "mesoregion": "Madeira-Guaporé",
    "region": "Norte"
  },
  {
    "id": "1100114",
    "name": "Jaru",
    "state": "RO",
    "state_name": "Rondônia",
    "microregion": "Ji-Paraná",
    "mesoregion": "Leste Rondoniense",
    "region": "Norte"
  },
  {
    "id": "1100122",
    "name": "Ji-Paraná",
    "state": "RO",
    "state_name": "Rondônia",
    "microregion": "Ji-Paraná",
    "mesoregion": "Leste Rondoniense",
    "region": "Norte"
  },
  {
    "id": "1100130",
    "name": "Machadinho D'Oeste",
    "state": "RO",
    "state_name": "Rondônia",
    "microregion": "Ariquemes",
    "mesoregion": "Leste Rondoniense",
    "region": "Norte"
  },
  {
    "id": "1100148",
    "name": "Nova Brasilândia D'Oeste",
    "state": "RO",
    "state_name": "Rondônia",
    "microregion": "Alvorada D'Oeste",
    "mesoregion": "Leste Rondoniense",
    "region": "Norte"
  },
  {
    "id": "1100155",
    "name": "Ouro Preto do Oeste",
    "state": "RO",
    "state_name": "Rondônia",
    "microregion": "Ji-Paraná",
    "mesoregion": "Leste Rondoniense",
    "region": "Norte"
  },
  {
    "id": "1100189",
    "name": "Pimenta Bueno",
    "state": "RO",
    "state_name": "Rondônia",
    "microregion": "Vilhena",
    "mesoregion": "Leste Rondoniense",
    "region": "Norte"
  },
  {
    "id": "1100205",
    "name": "Porto Velho",
    "state": "RO",
    "state_name": "Rondônia",
    "microregion": "Porto Velho",
    "mesoregion": "Madeira-Guaporé",
    "region": "Norte"
  },
  {
    "id": "1100254",
    "name": "Presidente Médici",
    "state": "RO",
    "state_name": "Rondônia",
    "microregion": "Ji-Paraná",
    "mesoregion": "Leste Rondoniense",
    "region": "Norte"
  },
  {
    "id": "1100262",
    "name": "Rio Crespo",
    "state": "RO",
    "state_name": "Rondônia",
    "microregion": "Ariquemes",
    "mesoregion": "Leste Rondoniense",
    "region": "Norte"
  },
  {
    "id": "1100288",
    "name": "Rolim de Moura",
    "state": "RO",
    "state_name": "Rondônia",
    "microregion": "Cacoal",
    "mesoregion": "Leste Rondoniense",
    "region": "Norte"
  },
  {
    "id": "1100296",
    "name": "Santa Luzia D'Oeste",
    "state": "RO",
    "state_name": "Rondônia",
    "microregion": "Cacoal",
    "mesoregion": "Leste Rondoniense",
    "region": "Norte"
  },
  {
    "id": "1100304",
    "name": "Vilhena",
    "state": "RO",
    "state_name": "Rondônia",
    "microregion": "Vilhena",
    "mesoregion": "Leste Rondoniense",
    "region": "Norte"
  },
  {
    "id": "1100320",
    "name": "São Miguel do Guaporé",
    "state": "RO",
    "state_name": "Rondônia",
    "microregion": "Alvorada D'Oeste",
    "mesoregion": "Leste Rondoniense",
    "region": "Norte"
  },
  {
    "id": "1100338",
    "name": "Nova Mamoré",
    "state": "RO",
    "state_name": "Rondônia",
    "microregion": "Porto Velho",
    "mesoregion": "Madeira-Guaporé",
    "region": "Norte"
  },
  {
    "id": "1100346",
    "name": "Alvorada D'Oeste",
    "state": "RO",
    "state_name": "Rondônia",
    "microregion": "Alvorada D'Oeste",
    "mesoregion": "Leste Rondoniense",
    "region": "Norte"
  },
  {
    "id": "1100379",
    "name": "Alto Alegre dos Parecis",
    "state": "RO",
    "state_name": "Rondônia",
    "microregion": "Cacoal",
    "mesoregion": "Leste Rondoniense",
    "region": "Norte"
  },
  {
    "id": "1100403",
    "name": "Alto Paraíso",
    "state": "RO",
    "state_name": "Rondônia",
    "microregion": "Ariquemes",
    "mesoregion": "Leste Rondoniense",
    "region": "Norte"
  },
  {
    "id": "1100452",
    "name": "Buritis",
    "state": "RO",
    "state_name": "Rondônia",
    "microregion": "Porto Velho",
    "mesoregion": "Madeira-Guaporé",
    "region": "Norte"
  },
  {
    "id": "1100502",
    "name": "Novo Horizonte do Oeste",
    "state": "RO",
    "state_name": "Rondônia",
    "microregion": "Cacoal",
    "mesoregion": "Leste Rondoniense",
    "region": "Norte"
  },
  {
    "id": "1100601",
    "name": "Cacaulândia",
    "state": "RO",
    "state_name": "Rondônia",
    "microregion": "Ariquemes",
    "mesoregion": "Leste Rondoniense",
    "region": "Norte"
  },
  {
    "id": "1100700",
    "name": "Campo Novo de Rondônia",
    "state": "RO",
    "state_name": "Rondônia",
    "microregion": "Porto Velho",
    "mesoregion": "Madeira-Guaporé",
    "region": "Norte"
  },
  {
    "id": "1100809",
    "name": "Candeias do Jamari",
    "state": "RO",
    "state_name": "Rondônia",
    "microregion": "Porto Velho",
    "mesoregion": "Madeira-Guaporé",
    "region": "Norte"
  },
  {
    "id": "1100908",
    "name": "Castanheiras",
    "state": "RO",
    "state_name": "Rondônia",
    "microregion": "Cacoal",
    "mesoregion": "Leste Rondoniense",
    "region": "Norte"
  },
  {
    "id": "1100924",
    "name": "Chupinguaia",
    "state": "RO",
    "state_name": "Rondônia",
    "microregion": "Vilhena",
    "mesoregion": "Leste Rondoniense",
    "region": "Norte"
  },
  {
    "id": "1100940",
    "name": "Cujubim",
    "state": "RO",
    "state_name": "Rondônia",
    "microregion": "Porto Velho",
    "mesoregion": "Madeira-Guaporé",
    "region": "Norte"
  },
  {
    "id": "1101005",
    "name": "Governador Jorge Teixeira",
    "state": "RO",
    "state_name": "Rondônia",
    "microregion": "Ji-Paraná",
    "mesoregion": "Leste Rondoniense",
    "region": "Norte"
  },
  {
    "id": "1101104",
    "name": "Itapuã do Oeste",
    "state": "RO",
    "state_name": "Rondônia",
    "microregion": "Porto Velho",
    "mesoregion": "Madeira-Guaporé",
    "region": "Norte"
  },
  {
    "id": "1101203",
    "name": "Ministro Andreazza",
    "state": "RO",
    "state_name": "Rondônia",
    "microregion": "Cacoal",
    "mesoregion": "Leste Rondoniense",
    "region": "Norte"
  },
  {
    "id": "1101302",
    "name": "Mirante da Serra",
    "state": "RO",
    "state_name": "Rondônia",
    "microregion": "Ji-Paraná",
    "mesoregion": "Leste Rondoniense",
    "region": "Norte"
  },
  {
    "id": "1101401",
    "name": "Monte Negro",
    "state": "RO",
    "state_name": "Rondônia",
    "microregion": "Ariquemes",
    "mesoregion": "Leste Rondoniense",
    "region": "Norte"
  },
  {
    "id": "1101435",
    "name": "Nova União",
    "state": "RO",
    "state_name": "Rondônia",
    "microregion": "Ji-Paraná",
    "mesoregion": "Leste Rondoniense",
    "region": "Norte"
  },
  {
    "id": "1101450",
    "name": "Parecis",
    "state": "RO",
    "state_name": "Rondônia",
    "microregion": "Vilhena",
    "mesoregion": "Leste Rondoniense",
    "region": "Norte"
  },
  {
    "id": "1101468",
    "name": "Pimenteiras do Oeste",
    "state": "RO",
    "state_name": "Rondônia",
    "microregion": "Colorado do Oeste",
    "mesoregion": "Leste Rondoniense",
    "region": "Norte"
  },
  {
    "id": "1101476",
    "name": "Primavera de Rondônia",
    "state": "RO",
    "state_name": "Rondônia",
    "microregion": "Vilhena",
    "mesoregion": "Leste Rondoniense",
    "region": "Norte"
  },
  {
    "id": "1101484",
    "name": "São Felipe D'Oeste",
    "state": "RO",
    "state_name": "Rondônia",
    "microregion": "Vilhena",
    "mesoregion": "Leste Rondoniense",
    "region": "Norte"
  },
  {
    "id": "1101492",
    "name": "São Francisco do Guaporé",
    "state": "RO",
    "state_name": "Rondônia",
    "microregion": "Guajará-Mirim",
    "mesoregion": "Madeira-Guaporé",
    "region": "Norte"
  },
  {
    "id": "1101500",
    "name": "Seringueiras",
    "state": "RO",
    "state_name": "Rondônia",
    "microregion": "Alvorada D'Oeste",
    "mesoregion": "Leste Rondoniense",
    "region": "Norte"
  },
  {
    "id": "1101559",
    "name": "Teixeirópolis",
    "state": "RO",
    "state_name": "Rondônia",
    "microregion": "Ji-Paraná",
    "mesoregion": "Leste Rondoniense",
    "region": "Norte"
  },
  {
    "id": "1101609",
    "name": "Theobroma",
    "state": "RO",
    "state_name": "Rondônia",
    "microregion": "Ji-Paraná",
    "mesoregion": "Leste Rondoniense",
    "region": "Norte"
  },
  {
    "id": "1101708",
    "name": "Urupá",
    "state": "RO",
    "state_name": "Rondônia",
    "microregion": "Ji-Paraná",
    "mesoregion": "Leste Rondoniense",
    "region": "Norte"
  },
  {
    "id": "1101757",
    "name": "Vale do Anari",
    "state": "RO",
    "state_name": "Rondônia",
    "microregion": "Ariquemes",
    "mesoregion": "Leste Rondoniense",
    "region": "Norte"
  },
  {
    "id": "1101807",
    "name": "Vale do Paraíso",
    "state": "RO",
    "state_name": "Rondônia",
    "microregion": "Ji-Paraná",
    "mesoregion": "Leste Rondoniense",
    "region": "Norte"
  }
]