[
  {
    "id": "2400109",
    "name": "Acari",
    "state": "RN",
    "state_name": "Rio Grande do Norte",
    "microregion": "Seridó Oriental",
    "mesoregion": "Central Potiguar",
    "region": "Nordeste"
  },
  {
    "id": "2400208",
    "name": "Açu",
    "state": "RN",
    "state_name": "Rio Grande do Norte",
    "microregion": "Vale do Açu",
    "mesoregion": "Oeste Potiguar",
    "region": "Nordeste"
  },
  {
    "id": "2400307",
    "name": "Afonso Bezerra",
    "state": "RN",
    "state_name": "Rio Grande do Norte",
    "microregion": "Angicos",
    "mesoregion": "Central Potiguar",
    "region": "Nordeste"
  },
  {
    "id": "2400406",
    "name": "Água Nova",
    "state": "RN",
    "state_name": "Rio Grande do Norte",
    "microregion": "Serra de São Miguel",
    "mesoregion": "Oeste Potiguar",
    "region": "Nordeste"
  },
  {
    "id": "2400505",
    "name": "Alexandria",
    "state": "RN",
    "state_name": "Rio Grande do Norte",
    "microregion": "Pau dos Ferros",
    "mesoregion": "Oeste Potiguar",
    "region": "Nordeste"
  },
  {
    "id": "2400604",
    "name": "Almino Afonso",
    "state": "RN",
    "state_name": "Rio Grande do Norte",
    "microregion": "Umarizal",
    "mesoregion": "Oeste Potiguar",
    "region": "Nordeste"
  },
  {
    "id": "2400703",
    "name": "Alto do Rodrigues",
    "state": "RN",
    "state_name": "Rio Grande do Norte",
    "microregion": "Vale do Açu",
    "mesoregion": "Oeste Potiguar",
    "region": "Nordeste"
  },
  {
    "id": "2400802",
    "name": "Angicos",
    "state": "RN",
    "state_name": "Rio Grande do Norte",
    "microregion": "Angicos",
    "mesoregion": "Central Potiguar",
    "region": "Nordeste"
  },
  {
    "id": "2400901",
    "name": "Antônio Martins",
    "state": "RN",
    "state_name": "Rio Grande do Norte",
    "microregion": "Umarizal",
    "mesoregion": "Oeste Potiguar",
    "region": "Nordeste"
  },
  {
    "id": "2401008",
    "name": "Apodi",
    "state": "RN",
    "state_name": "Rio Grande do Norte",
    "microregion": "Chapada do Apodi",
    "mesoregion": "Oeste Potiguar",
    "region": "Nordeste"
  },
  {
    "id": "2401107",
    "name": "Areia Branca",
    "state": "RN",
    "state_name": "Rio Grande do Norte",
    "microregion": "Mossoró",
    "mesoregion": "Oeste Potiguar",
    "region": "Nordeste"
  },
  {
    "id": "2401206",
    "name": "Arês",
    "state": "RN",
    "state_name": "Rio Grande do Norte",
    "microregion": "Litoral Sul",
    "mesoregion": "Leste Potiguar",
    "region": "Nordeste"
  },
  {
    "id": "2401305",
    "name": "Campo Grande",
    "state": "RN",
    "state_name": "Rio Grande do Norte",
    "microregion": "Médio Oeste",
    "mesoregion": "Oeste Potiguar",
    "region": "Nordeste"
  },
  {
    "id": "2401404",
    "name": "Baía Formosa",
    "state": "RN",
    "state_name": "Rio Grande do Norte",
    "microregion": "Litoral Sul",
    "mesoregion": "Leste Potiguar",
    "region": "Nordeste"
  },
  {
    "id": "2401453",
    "name": "Baraúna",
    "state": "RN",
    "state_name": "Rio Grande do Norte",
    "microregion": "Mossoró",
    "mesoregion": "Oeste Potiguar",
    "region": "Nordeste"
  },
  {
    "id": "2401503",
    "name": "Barcelona",
    "state": "RN",
    "state_name": "Rio Grande do Norte",
    "microregion": "Borborema Potiguar",
    "mesoregion": "Agreste Potiguar",
    "region": "Nordeste"
  },
  {
    "id": "2401602",
    "name": "Bento Fernandes",
    "state": "RN",
    "state_name": "Rio Grande do Norte",
    "microregion": "Baixa Verde",
    "mesoregion": "Agreste Potiguar",
    "region": "Nordeste"
  },
  {
    "id": "2401651",
    "name": "Bodó",
    "state": "RN",
    "state_name": "Rio Grande do Norte",
    "microregion": "Serra de Santana",
    "mesoregion": "Central Potiguar",
    "region": "Nordeste"
  },
  {
    "id": "2401701",
    "name": "Bom Jesus",
    "state": "RN",
    "state_name": "Rio Grande do Norte",
    "microregion": "Agreste Potiguar",
    "mesoregion": "Agreste Potiguar",
    "region": "Nordeste"
  },
  {
    "id": "2401800",
    "name": "Brejinho",
    "state": "RN",
    "state_name": "Rio Grande do Norte",
    "microregion": "Agreste Potiguar",
    "mesoregion": "Agreste Potiguar",
    "region": "Nordeste"
  },
  {
    "id": "2401859",
    "name": "Caiçara do Norte",
    "state": "RN",
    "state_name": "Rio Grande do Norte",
    "microregion": "Macau",
    "mesoregion": "Central Potiguar",
    "region": "Nordeste"
  },
  {
    "id": "2401909",
    "name": "Caiçara do Rio do Vento",
    "state": "RN",
    "state_name": "Rio Grande do Norte",
    "microregion": "Angicos",
    "mesoregion": "Central Potiguar",
    "region": "Nordeste"
  },
  {
    "id": "2402006",
    "name": "Caicó",
    "state": "RN",
    "state_name": "Rio Grande do Norte",
    "microregion": "Seridó Ocidental",
    "mesoregion": "Central Potiguar",
    "region": "Nordeste"
  },
  {
    "id": "2402105",
    "name": "Campo Redondo",
    "state": "RN",
    "state_name": "Rio Grande do Norte",
    "microregion": "Borborema Potiguar",
    "mesoregion": "Agreste Potiguar",
    "region": "Nordeste"
  },
  {
    "id": "2402204",
    "name": "Canguaretama",
    "state": "RN",
    "state_name": "Rio Grande do Norte",
    "microregion": "Litoral Sul",
    "mesoregion": "Leste Potiguar",
    "region": "Nordeste"
  },
  {
    "id": "2402303",
    "name": "Caraúbas",
    "state": "RN",
    "state_name": "Rio Grande do Norte",
    "microregion": "Chapada do Apodi",
    "mesoregion": "Oeste Potiguar",
    "region": "Nordeste"
  },
  {
    "id": "2402402",
    "name": "Carnaúba dos Dantas",
    "state": "RN",
    "state_name": "Rio Grande do Norte",
    "microregion": "Seridó Oriental",
    "mesoregion": "Central Potiguar",
    "region": "Nordeste"
  },
  {
    "id": "2402501",
    "name": "Carnaubais",
    "state": "RN",
    "state_name": "Rio Grande do Norte",
    "microregion": "Vale do Açu",
    "mesoregion": "Oeste Potiguar",
    "region": "Nordeste"
  },
  {
    "id": "2402600",
    "name": "Ceará-Mirim",
    "state": "RN",
    "state_name": "Rio Grande do Norte",
    "microregion": "Macaíba",
    "mesoregion": "Leste Potiguar",
    "region": "Nordeste"
  },
  {
    "id": "2402709",
    "name": "Cerro Corá",
    "state": "RN",
    "state_name": "Rio Grande do Norte",
    "microregion": "Serra de Santana",
    "mesoregion": "Central Potiguar",
    "region": "Nordeste"
  },
  {
    "id": "2402808",
    "name": "Coronel Ezequiel",
    "state": "RN",
    "state_name": "Rio Grande do Norte",
    "microregion": "Borborema Potiguar",
    "mesoregion": "Agreste Potiguar",
    "region": "Nordeste"
  },
  {
    "id": "2402907",
    "name": "Coronel João Pessoa",
    "state": "RN",
    "state_name": "Rio Grande do Norte",
    "microregion": "Serra de São Miguel",
    "mesoregion": "Oeste Potiguar",
    "region": "Nordeste"
  },
  {
    "id": "2403004",
    "name": "Cruzeta",
    "state": "RN",
    "state_name": "Rio Grande do Norte",
    "microregion": "Seridó Oriental",
    "mesoregion": "Central Potiguar",
    "region": "Nordeste"
  },
  {
    "id": "2403103",
    "name": "Currais Novos",
    "state": "RN",
    "state_name": "Rio Grande do Norte",
    "microregion": "Seridó Oriental",
    "mesoregion": "Central Potiguar",
    "region": "Nordeste"
  },
  {
    "id": "2403202",
    "name": "Doutor Severiano",
    "state": "RN",
    "state_name": "Rio Grande do Norte",
    "microregion": "Serra de São Miguel",
    "mesoregion": "Oeste Potiguar",
    "region": "Nordeste"
  },
  {
    "id": "2403251",
    "name": "Parnamirim",
    "state": "RN",
    "state_name": "Rio Grande do Norte",
    "microregion": "Natal",
    "mesoregion": "Leste Potiguar",
    "region": "Nordeste"
  },
  {
    "id": "2403301",
    "name": "Encanto",
    "state": "RN",
    "state_name": "Rio Grande do Norte",
    "microregion": "Serra de São Miguel",
    "mesoregion": "Oeste Potiguar",
    "region": "Nordeste"
  },
  {
    "id": "2403400",
    "name": "Equador",
    "state": "RN",
    "state_name": "Rio Grande do Norte",
    "microregion": "Seridó Oriental",
    "mesoregion": "Central Potiguar",
    "region": "Nordeste"
  },
  {
    "id": "2403509",
    "name": "Espírito Santo",
    "state": "RN",
    "state_name": "Rio Grande do Norte",
    "microregion": "Litoral Sul",
    "mesoregion": "Leste Potiguar",
    "region": "Nordeste"
  },
  {
    "id": "2403608",
    "name": "Extremoz",
    "state": "RN",
    "state_name": "Rio Grande do Norte",
    "microregion": "Natal",
    "mesoregion": "Leste Potiguar",
    "region": "Nordeste"
  },
  {
    "id": "2403707",
    "name": "Felipe Guerra",
    "state": "RN",
    "state_name": "Rio Grande do Norte",
    "microregion": "Chapada do Apodi",
    "mesoregion": "Oeste Potiguar",
    "region": "Nordeste"
  },
  {
    "id": "2403756",
    "name": "Fernando Pedroza",
    "state": "RN",
    "state_name": "Rio Grande do Norte",
    "microregion": "Angicos",
    "mesoregion": "Central Potiguar",
    "region": "Nordeste"
  },
  {
    "id": "2403806",
    "name": "Florânia",
    "state": "RN",
    "state_name": "Rio Grande do Norte",
    "microregion": "Serra de Santana",
    "mesoregion": "Central Potiguar",
    "region": "Nordeste"
  },
  {
    "id": "2403905",
    "name": "Francisco Dantas",
    "state": "RN",
    "state_name": "Rio Grande do Norte",
    "microregion": "Pau dos Ferros",
    "mesoregion": "Oeste Potiguar",
    "region": "Nordeste"
  },
  {
    "id": "2404002",
    "name": "Frutuoso Gomes",
    "state": "RN",
    "state_name": "Rio Grande do Norte",
    "microregion": "Umarizal",
    "mesoregion": "Oeste Potiguar",
    "region": "Nordeste"
  },
  {
    "id": "2404101",
    "name": "Galinhos",
    "state": "RN",
    "state_name": "Rio Grande do Norte",
    "microregion": "Macau",
    "mesoregion": "Central Potiguar",
    "region": "Nordeste"
  },
  {
    "id": "2404200",
    "name": "Goianinha",
    "state": "RN",
    "state_name": "Rio Grande do Norte",
    "microregion": "Litoral Sul",
    "mesoregion": "Leste Potiguar",
    "region": "Nordeste"
  },
  {
    "id": "2404309",
    "name": "Governador Dix-Sept Rosado",
    "state": "RN",
    "state_name": "Rio Grande do Norte",
    "microregion": "Chapada do Apodi",
    "mesoregion": "Oeste Potiguar",
    "region": "Nordeste"
  },
  {
    "id": "2404408",
    "name": "Grossos",
    "state": "RN",
    "state_name": "Rio Grande do Norte",
    "microregion": "Mossoró",
    "mesoregion": "Oeste Potiguar",
    "region": "Nordeste"
  },
  {
    "id": "2404507",
    "name": "Guamaré",
    "state": "RN",
    "state_name": "Rio Grande do Norte",
    "microregion": "Macau",
    "mesoregion": "Central Potiguar",
    "region": "Nordeste"
  },
  {
    "id": "2404606",
    "name": "Ielmo Marinho",
    "state": "RN",
    "state_name": "Rio Grande do Norte",
    "microregion": "Agreste Potiguar",
    "mesoregion": "Agreste Potiguar",
    "region": "Nordeste"
  },
  {
    "id": "2404705",
    "name": "Ipanguaçu",
    "state": "RN",
    "state_name": "Rio Grande do Norte",
    "microregion": "Vale do Açu",
    "mesoregion": "Oeste Potiguar",
    "region": "Nordeste"
  },
  {
    "id": "2404804",
    "name": "Ipueira",
    "state": "RN",
    "state_name": "Rio Grande do Norte",
    "microregion": "Seridó Ocidental",
    "mesoregion": "Central Potiguar",
    "region": "Nordeste"
  },
  {
    "id": "2404853",
    "name": "Itajá",
    "state": "RN",
    "state_name": "Rio Grande do Norte",
    "microregion": "Vale do Açu",
    "mesoregion": "Oeste Potiguar",
    "region": "Nordeste"
  },
  {
    "id": "2404903",
    "name": "Itaú",
    "state": "RN",
    "state_name": "Rio Grande do Norte",
    "microregion": "Pau dos Ferros",
    "mesoregion": "Oeste Potiguar",
    "region": "Nordeste"
  },
  {
    "id": "2405009",
    "name": "Jaçanã",
    "state": "RN",
    "state_name": "Rio Grande do Norte",
    "microregion": "Borborema Potiguar",
    "mesoregion": "Agreste Potiguar",
    "region": "Nordeste"
  },
  {
    "id": "2405108",
    "name": "Jandaíra",
    "state": "RN",
    "state_name": "Rio Grande do Norte",
    "microregion": "Baixa Verde",
    "mesoregion": "Agreste Potiguar",
    "region": "Nordeste"
  },
  {
    "id": "2405207",
    "name": "Janduís",
    "state": "RN",
    "state_name": "Rio Grande do Norte",
    "microregion": "Médio Oeste",
    "mesoregion": "Oeste Potiguar",
    "region": "Nordeste"
  },
  {
    "id": "2405306",
    "name": "Januário Cicco",
    "state": "RN",
    "state_name": "Rio Grande do Norte",
    "microregion": "Agreste Potiguar",
    "mesoregion": "Agreste Potiguar",
    "region": "Nordeste"
  },
  {
    "id": "2405405",
    "name": "Japi",
    "state": "RN",
    "state_name": "Rio Grande do Norte",
    "microregion": "Borborema Potiguar",
    "mesoregion": "Agreste Potiguar",
    "region": "Nordeste"
  },
  {
    "id": "2405504",
    "name": "Jardim de Angicos",
    "state": "RN",
    "state_name": "Rio Grande do Norte",
    "microregion": "Angicos",
    "mesoregion": "Central Potiguar",
    "region": "Nordeste"
  },
  {
    "id": "2405603",
    "name": "Jardim de Piranhas",
    "state": "RN",
    "state_name": "Rio Grande do Norte",
    "microregion": "Seridó Ocidental",
    "mesoregion": "Central Potiguar",
    "region": "Nordeste"
  },
  {
    "id": "2405702",
    "name": "Jardim do Seridó",
    "state": "RN",
    "state_name": "Rio Grande do Norte",
    "microregion": "Seridó Oriental",
    "mesoregion": "Central Potiguar",
    "region": "Nordeste"
  },
  {
    "id": "2405801",
    "name": "João Câmara",
    "state": "RN",
    "state_name": "Rio Grande do Norte",
    "microregion": "Baixa Verde",
    "mesoregion": "Agreste Potiguar",
    "region": "Nordeste"
  },
  {
    "id": "2405900",
    "name": "João Dias",
    "state": "RN",
    "state_name": "Rio Grande do Norte",
    "microregion": "Umarizal",
    "mesoregion": "Oeste Potiguar",
    "region": "Nordeste"
  },
  {
    "id": "2406007",
    "name": "José da Penha",
    "state": "RN",
    "state_name": "Rio Grande do Norte",
    "microregion": "Pau dos Ferros",
    "mesoregion": "Oeste Potiguar",
    "region": "Nordeste"
  },
  {
    "id": "2406106",
    "name": "Jucurutu",
    "state": "RN",
    "state_name": "Rio Grande do Norte",
    "microregion": "Vale do Açu",
    "mesoregion": "Oeste Potiguar",
    "region": "Nordeste"
  },
  {
    "id": "2406155",
    "name": "Jundiá",
    "state": "RN",
    "state_name": "Rio Grande do Norte",
    "microregion": "Agreste Potiguar",
    "mesoregion": "Agreste Potiguar",
    "region": "Nordeste"
  },
  {
    "id": "2406205",
    "name": "Lagoa d'Anta",
    "state": "RN",
    "state_name": "Rio Grande do Norte",
    "microregion": "Agreste Potiguar",
    "mesoregion": "Agreste Potiguar",
    "region": "Nordeste"
  },
  {
    "id": "2406304",
    "name": "Lagoa de Pedras",
    "state": "RN",
    "state_name": "Rio Grande do Norte",
    "microregion": "Agreste Potiguar",
    "mesoregion": "Agreste Potiguar",
    "region": "Nordeste"
  },
  {
    "id": "2406403",
    "name": "Lagoa de Velhos",
    "state": "RN",
    "state_name": "Rio Grande do Norte",
    "microregion": "Borborema Potiguar",
    "mesoregion": "Agreste Potiguar",
    "region": "Nordeste"
  },
  {
    "id": "2406502",
    "name": "Lagoa Nova",
    "state": "RN",
    "state_name": "Rio Grande do Norte",
    "microregion": "Serra de Santana",
    "mesoregion": "Central Potiguar",
    "region": "Nordeste"
  },
  {
    "id": "2406601",
    "name": "Lagoa Salgada",
    "state": "RN",
    "state_name": "Rio Grande do Norte",
    "microregion": "Agreste Potiguar",
    "mesoregion": "Agreste Potiguar",
    "region": "Nordeste"
  },
  {
    "id": "2406700",
    "name": "Lajes",
    "state": "RN",
    "state_name": "Rio Grande do Norte",
    "microregion": "Angicos",
    "mesoregion": "Central Potiguar",
    "region": "Nordeste"
  },
  {
    "id": "2406809",
    "name": "Lajes Pintadas",
    "state": "RN",
    "state_name": "Rio Grande do Norte",
    "microregion": "Borborema Potiguar",
    "mesoregion": "Agreste Potiguar",
    "region": "Nordeste"
  },
  {
    "id": "2406908",
    "name": "Lucrécia",
    "state": "RN",
    "state_name": "Rio Grande do Norte",
    "microregion": "Umarizal",
    "mesoregion": "Oeste Potiguar",
    "region": "Nordeste"
  },
  {
    "id": "2407005",
    "name": "Luís Gomes",
    "state": "RN",
    "state_name": "Rio Grande do Norte",
    "microregion": "Serra de São Miguel",
    "mesoregion": "Oeste Potiguar",
    "region": "Nordeste"
  },
  {
    "id": "2407104",
    "name": "Macaíba",
    "state": "RN",
    "state_name": "Rio Grande do Norte",
    "microregion": "Macaíba",
    "mesoregion": "Leste Potiguar",
    "region": "Nordeste"
  },
  {
    "id": "2407203",
    "name": "Macau",
    "state": "RN",
    "state_name": "Rio Grande do Norte",
    "microregion": "Macau",
    "mesoregion": "Central Potiguar",
    "region": "Nordeste"
  },
  {
    "id": "2407252",
    "name": "Major Sales",
    "state": "RN",
    "state_name": "Rio Grande do Norte",
    "microregion": "Serra de São Miguel",
    "mesoregion": "Oeste Potiguar",
    "region": "Nordeste"
  },
  {
    "id": "2407302",
    "name": "Marcelino Vieira",
    "state": "RN",
    "state_name": "Rio Grande do Norte",
    "microregion": "Pau dos Ferros",
    "mesoregion": "Oeste Potiguar",
    "region": "Nordeste"
  },
  {
    "id": "2407401",
    "name": "Martins",
    "state": "RN",
    "state_name": "Rio Grande do Norte",
    "microregion": "Umarizal",
    "mesoregion": "Oeste Potiguar",
    "region": "Nordeste"
  },
  {
    "id": "2407500",
    "name": "Maxaranguape",
    "state": "RN",
    "state_name": "Rio Grande do Norte",
    "microregion": "Litoral Nordeste",
    "mesoregion": "Leste Potiguar",
    "region": "Nordeste"
  },
  {
    "id": "2407609",
    "name": "Messias Targino",
    "state": "RN",
    "state_name": "Rio Grande do Norte",
    "microregion": "Médio Oeste",
    "mesoregion": "Oeste Potiguar",
    "region": "Nordeste"
  },
  {
    "id": "2407708",
    "name": "Montanhas",
    "state": "RN",
    "state_name": "Rio Grande do Norte",
    "microregion": "Litoral Sul",
    "mesoregion": "Leste Potiguar",
    "region": "Nordeste"
  },
  {
    "id": "2407807",
    "name": "Monte Alegre",
    "state": "RN",
    "state_name": "Rio Grande do Norte",
    "microregion": "Agreste Potiguar",
    "mesoregion": "Agreste Potiguar",
    "region": "Nordeste"
  },
  {
    "id": "2407906",
    "name": "Monte das Gameleiras",
    "state": "RN",
    "state_name": "Rio Grande do Norte",
    "microregion": "Borborema Potiguar",
    "mesoregion": "Agreste Potiguar",
    "region": "Nordeste"
  },
  {
    "id": "2408003",
    "name": "Mossoró",
    "state": "RN",
    "state_name": "Rio Grande do Norte",
    "microregion": "Mossoró",
    "mesoregion": "Oeste Potiguar",
    "region": "Nordeste"
  },
  {
    "id": "2408102",
    "name": "Natal",
    "state": "RN",
    "state_name": "Rio Grande do Norte",
    "microregion": "Natal",
    "mesoregion": "Leste Potiguar",
    "region": "Nordeste"
  },
  {
    "id": "2408201",
    "name": "Nísia Floresta",
    "state": "RN",
    "state_name": "Rio Grande do Norte",
    "microregion": "Macaíba",
    "mesoregion": "Leste Potiguar",
    "region": "Nordeste"
  },
  {
    "id": "2408300",
    "name": "Nova Cruz",
    "state": "RN",
    "state_name": "Rio Grande do Norte",
    "microregion": "Agreste Potiguar",
    "mesoregion": "Agreste Potiguar",
    "region": "Nordeste"
  },
  {
    "id": "2408409",
    "name": "Olho d'Água do Borges",
    "state": "RN",
    "state_name": "Rio Grande do Norte",
    "microregion": "Umarizal",
    "mesoregion": "Oeste Potiguar",
    "region": "Nordeste"
  },
  {
    "id": "2408508",
    "name": "Ouro Branco",
    "state": "RN",
    "state_name": "Rio Grande do Norte",
    "microregion": "Seridó Oriental",
    "mesoregion": "Central Potiguar",
    "region": "Nordeste"
  },
  {
    "id": "2408607",
    "name": "Paraná",
    "state": "RN",
    "state_name": "Rio Grande do Norte",
    "microregion": "Pau dos Ferros",
    "mesoregion": "Oeste Potiguar",
    "region": "Nordeste"
  },
  {
    "id": "2408706",
    "name": "Paraú",
    "state": "RN",
    "state_name": "Rio Grande do Norte",
    "microregion": "Médio Oeste",
    "mesoregion": "Oeste Potiguar",
    "region": "Nordeste"
  },
  {
    "id": "2408805",
    "name": "Parazinho",
    "state": "RN",
    "state_name": "Rio Grande do Norte",
    "microregion": "Baixa Verde",
    "mesoregion": "Agreste Potiguar",
    "region": "Nordeste"
  },
  {
    "id": "2408904",
    "name": "Parelhas",
    "state": "RN",
    "state_name": "Rio Grande do Norte",
    "microregion": "Seridó Oriental",
    "mesoregion": "Central Potiguar",
    "region": "Nordeste"
  },
  {
    "id": "2408953",
    "name": "Rio do Fogo",
    "state": "RN",
    "state_name": "Rio Grande do Norte",
    "microregion": "Litoral Nordeste",
    "mesoregion": "Leste Potiguar",
    "region": "Nordeste"
  },
  {
    "id": "2409100",
    "name": "Passa e Fica",
    "state": "RN",
    "state_name": "Rio Grande do Norte",
    "microregion": "Agreste Potiguar",
    "mesoregion": "Agreste Potiguar",
    "region": "Nordeste"
  },
  {
    "id": "2409209",
    "name": "Passagem",
    "state": "RN",
    "state_name": "Rio Grande do Norte",
    "microregion": "Agreste Potiguar",
    "mesoregion": "Agreste Potiguar",
    "region": "Nordeste"
  },
  {
    "id": "2409308",
    "name": "Patu",
    "state": "RN",
    "state_name": "Rio Grande do Norte",
    "microregion": "Umarizal",
    "mesoregion": "Oeste Potiguar",
    "region": "Nordeste"
  },
  {
    "id": "2409332",
    "name": "Santa Maria",
    "state": "RN",
    "state_name": "Rio Grande do Norte",
    "microregion": "Agreste Potiguar",
    "mesoregion": "Agreste Potiguar",
    "region": "Nordeste"
  },
  {
    "id": "2409407",
    "name": "Pau dos Ferros",
    "state": "RN",
    "state_name": "Rio Grande do Norte",
    "microregion": "Pau dos Ferros",
    "mesoregion": "Oeste Potiguar",
    "region": "Nordeste"
  },
  {
    "id": "2409506",
    "name": "Pedra Grande",
    "state": "RN",
    "state_name": "Rio Grande do Norte",
    "microregion": "Litoral Nordeste",
    "mesoregion": "Leste Potiguar",
    "region": "Nordeste"
  },
  {
    "id": "2409605",
    "name": "Pedra Preta",
    "state": "RN",
    "state_name": "Rio Grande do Norte",
    "microregion": "Angicos",
    "mesoregion": "Central Potiguar",
    "region": "Nordeste"
  },
  {
    "id": "2409704",
    "name": "Pedro Avelino",
    "state": "RN",
    "state_name": "Rio Grande do Norte",
    "microregion": "Angicos",
    "mesoregion": "Central Potiguar",
    "region": "Nordeste"
  },
  {
    "id": "2409803",
    "name": "Pedro Velho",
    "state": "RN",
    "state_name": "Rio Grande do Norte",
    "microregion": "Litoral Sul",
    "mesoregion": "Leste Potiguar",
    "region": "Nordeste"
  },
  {
    "id": "2409902",
    "name": "Pendências",
    "state": "RN",
    "state_name": "Rio Grande do Norte",
    "microregion": "Vale do Açu",
    "mesoregion": "Oeste Potiguar",
    "region": "Nordeste"
  },
  {
    "id": "2410009",
    "name": "Pilões",
    "state": "RN",
    "state_name": "Rio Grande do Norte",
    "microregion": "Pau dos Ferros",
    "mesoregion": "Oeste Potiguar",
    "region": "Nordeste"
  },
  {
    "id": "2410108",
    "name": "Poço Branco",
    "state": "RN",
    "state_name": "Rio Grande do Norte",
    "microregion": "Baixa Verde",
    "mesoregion": "Agreste Potiguar",
    "region": "Nordeste"
  },
  {
    "id": "2410207",
    "name": "Portalegre",
    "state": "RN",
    "state_name": "Rio Grande do Norte",
    "microregion": "Pau dos Ferros",
    "mesoregion": "Oeste Potiguar",
    "region": "Nordeste"
  },
  {
    "id": "2410256",
    "name": "Porto do Mangue",
    "state": "RN",
    "state_name": "Rio Grande do Norte",
    "microregion": "Vale do Açu",
    "mesoregion": "Oeste Potiguar",
    "region": "Nordeste"
  },
  {
    "id": "2410306",
    "name": "Serra Caiada",
    "state": "RN",
    "state_name": "Rio Grande do Norte",
    "microregion": "Agreste Potiguar",
    "mesoregion": "Agreste Potiguar",
    "region": "Nordeste"
  },
  {
    "id": "2410405",
    "name": "Pureza",
    "state": "RN",
    "state_name": "Rio Grande do Norte",
    "microregion": "Litoral Nordeste",
    "mesoregion": "Leste Potiguar",
    "region": "Nordeste"
  },
  {
    "id": "2410504",
    "name": "Rafael Fernandes",
    "state": "RN",
    "state_name": "Rio Grande do Norte",
    "microregion": "Pau dos Ferros",
    "mesoregion": "Oeste Potiguar",
    "region": "Nordeste"
  },
  {
    "id": "2410603",
    "name": "Rafael Godeiro",
    "state": "RN",
    "state_name": "Rio Grande do Norte",
    "microregion": "Umarizal",
    "mesoregion": "Oeste Potiguar",
    "region": "Nordeste"
  },
  {
    "id": "2410702",
    "name": "Riacho da Cruz",
    "state": "RN",
    "state_name": "Rio Grande do Norte",
    "microregion": "Pau dos Ferros",
    "mesoregion": "Oeste Potiguar",
    "region": "Nordeste"
  },
  {
    "id": "2410801",
    "name": "Riacho de Santana",
    "state": "RN",
    "state_name": "Rio Grande do Norte",
    "microregion": "Serra de São Miguel",
    "mesoregion": "Oeste Potiguar",
    "region": "Nordeste"
  },
  {
    "id": "2410900",
    "name": "Riachuelo",
    "state": "RN",
    "state_name": "Rio Grande do Norte",
    "microregion": "Agreste Potiguar",
    "mesoregion": "Agreste Potiguar",
    "region": "Nordeste"
  },
  {
    "id": "2411007",
    "name": "Rodolfo Fernandes",
    "state": "RN",
    "state_name": "Rio Grande do Norte",
    "microregion": "Pau dos Ferros",
    "mesoregion": "Oeste Potiguar",
    "region": "Nordeste"
  },
  {
    "id": "2411056",
    "name": "Tibau",
    "state": "RN",
    "state_name": "Rio Grande do Norte",
    "microregion": "Mossoró",
    "mesoregion": "Oeste Potiguar",
    "region": "Nordeste"
  },
  {
    "id": "2411106",
    "name": "Ruy Barbosa",
    "state": "RN",
    "state_name": "Rio Grande do Norte",
    "microregion": "Borborema Potiguar",
    "mesoregion": "Agreste Potiguar",
    "region": "Nordeste"
  },
  {
    "id": "2411205",
    "name": "Santa Cruz",
    "state": "RN",
    "state_name": "Rio Grande do Norte",
    "microregion": "Borborema Potiguar",
    "mesoregion": "Agreste Potiguar",
    "region": "Nordeste"
  },
  {
    "id": "2411403",
    "name": "Santana do Matos",
    "state": "RN",
    "state_name": "Rio Grande do Norte",
    "microregion": "Serra de Santana",
    "mesoregion": "Central Potiguar",
    "region": "Nordeste"
  },
  {
    "id": "2411429",
    "name": "Santana do Seridó",
    "state": "RN",
    "state_name": "Rio Grande do Norte",
    "microregion": "Seridó Oriental",
    "mesoregion": "Central Potiguar",
    "region": "Nordeste"
  },
  {
    "id": "2411502",
    "name": "Santo Antônio",
    "state": "RN",
    "state_name": "Rio Grande do Norte",
    "microregion": "Agreste Potiguar",
    "mesoregion": "Agreste Potiguar",
    "region": "Nordeste"
  },
  {
    "id": "2411601",
    "name": "São Bento do Norte",
    "state": "RN",
    "state_name": "Rio Grande do Norte",
    "microregion": "Macau",
    "mesoregion": "Central Potiguar",
    "region": "Nordeste"
  },
  {
    "id": "2411700",
    "name": "São Bento do Trairí",
    "state": "RN",
    "state_name": "Rio Grande do Norte",
    "microregion": "Borborema Potiguar",
    "mesoregion": "Agreste Potiguar",
    "region": "Nordeste"
  },
  {
    "id": "2411809",
    "name": "São Fernando",
    "state": "RN",
    "state_name": "Rio Grande do Norte",
    "microregion": "Seridó Ocidental",
    "mesoregion": "Central Potiguar",
    "region": "Nordeste"
  },
  {
    "id": "2411908",
    "name": "São Francisco do Oeste",
    "state": "RN",
    "state_name": "Rio Grande do Norte",
    "microregion": "Pau dos Ferros",
    "mesoregion": "Oeste Potiguar",
    "region": "Nordeste"
  },
  {
    "id": "2412005",
    "name": "São Gonçalo do Amarante",
    "state": "RN",
    "state_name": "Rio Grande do Norte",
    "microregion": "Macaíba",
    "mesoregion": "Leste Potiguar",
    "region": "Nordeste"
  },
  {
    "id": "2412104",
    "name": "São João do Sabugi",
    "state": "RN",
    "state_name": "Rio Grande do Norte",
    "microregion": "Seridó Ocidental",
    "mesoregion": "Central Potiguar",
    "region": "Nordeste"
  },
  {
    "id": "2412203",
    "name": "São José de Mipibu",
    "state": "RN",
    "state_name": "Rio Grande do Norte",
    "microregion": "Macaíba",
    "mesoregion": "Leste Potiguar",
    "region": "Nordeste"
  },
  {
    "id": "2412302",
    "name": "São José do Campestre",
    "state": "RN",
    "state_name": "Rio Grande do Norte",
    "microregion": "Borborema Potiguar",
    "mesoregion": "Agreste Potiguar",
    "region": "Nordeste"
  },
  {
    "id": "2412401",
    "name": "São José do Seridó",
    "state": "RN",
    "state_name": "Rio Grande do Norte",
    "microregion": "Seridó Oriental",
    "mesoregion": "Central Potiguar",
    "region": "Nordeste"
  },
  {
    "id": "2412500",
    "name": "São Miguel",
    "state": "RN",
    "state_name": "Rio Grande do Norte",
    "microregion": "Serra de São Miguel",
    "mesoregion": "Oeste Potiguar",
    "region": "Nordeste"
  },
  {
    "id": "2412559",
    "name": "São Miguel do Gostoso",
    "state": "RN",
    "state_name": "Rio Grande do Norte",
    "microregion": "Litoral Nordeste",
    "mesoregion": "Leste Potiguar",
    "region": "Nordeste"
  },
  {
    "id": "2412609",
    "name": "São Paulo do Potengi",
    "state": "RN",
    "state_name": "Rio Grande do Norte",
    "microregion": "Agreste Potiguar",
    "mesoregion": "Agreste Potiguar",
    "region": "Nordeste"
  },
  {
    "id": "2412708",
    "name": "São Pedro",
    "state": "RN",
    "state_name": "Rio Grande do Norte",
    "microregion": "Agreste Potiguar",
    "mesoregion": "Agreste Potiguar",
    "region": "Nordeste"
  },
  {
    "id": "2412807",
    "name": "São Rafael",
    "state": "RN",
    "state_name": "Rio Grande do Norte",
    "microregion": "Vale do Açu",
    "mesoregion": "Oeste Potiguar",
    "region": "Nordeste"
  },
  {
    "id": "2412906",
    "name": "São Tomé",
    "state": "RN",
    "state_name": "Rio Grande do Norte",
    "microregion": "Borborema Potiguar",
    "mesoregion": "Agreste Potiguar",
    "region": "Nordeste"
  },
  {
    "id": "2413003",
    "name": "São Vicente",
    "state": "RN",
    "state_name": "Rio Grande do Norte",
    "microregion": "Serra de Santana",
    "mesoregion": "Central Potiguar",
    "region": "Nordeste"
  },
  {
    "id": "2413102",
    "name": "Senador Elói de Souza",
    "state": "RN",
    "state_name": "Rio Grande do Norte",
    "microregion": "Agreste Potiguar",
    "mesoregion": "Agreste Potiguar",
    "region": "Nordeste"
  },
  {
    "id": "2413201",
    "name": "Senador Georgino Avelino",
    "state": "RN",
    "state_name": "Rio Grande do Norte",
    "microregion": "Litoral Sul",
    "mesoregion": "Leste Potiguar",
    "region": "Nordeste"
  },
  {
    "id": "2413300",
    "name": "Serra de São Bento",
    "state": "RN",
    "state_name": "Rio Grande do Norte",
    "microregion": "Borborema Potiguar",
    "mesoregion": "Agreste Potiguar",
    "region": "Nordeste"
  },
  {
    "id": "2413359",
    "name": "Serra do Mel",
    "state": "RN",
    "state_name": "Rio Grande do Norte",
    "microregion": "Mossoró",
    "mesoregion": "Oeste Potiguar",
    "region": "Nordeste"
  },
  {
    "id": "2413409",
    "name": "Serra Negra do Norte",
    "state": "RN",
    "state_name": "Rio Grande do Norte",
    "microregion": "Seridó Ocidental",
    "mesoregion": "Central Potiguar",
    "region": "Nordeste"
  },
  {
    "id": "2413508",
    "name": "Serrinha",
    "state": "RN",
    "state_name": "Rio Grande do Norte",
    "microregion": "Agreste Potiguar",
    "mesoregion": "Agreste Potiguar",
    "region": "Nordeste"
  },
  {
    "id": "2413557",
    "name": "Serrinha dos Pintos",
    "state": "RN",
    "state_name": "Rio Grande do Norte",
    "microregion": "Umarizal",
    "mesoregion": "Oeste Potiguar",
    "region": "Nordeste"
  },
  {
    "id": "2413607",
    "name": "Severiano Melo",
    "state": "RN",
    "state_name": "Rio Grande do Norte",
    "microregion": "Pau dos Ferros",
    "mesoregion": "Oeste Potiguar",
    "region": "Nordeste"
  },
  {
    "id": "2413706",
    "name": "Sítio Novo",
    "state": "RN",
    "state_name": "Rio Grande do Norte",
    "microregion": "Borborema Potiguar",
    "mesoregion": "Agreste Potiguar",
    "region": "Nordeste"
  },
  {
    "id": "2413805",
    "name": "Taboleiro Grande",
    "state": "RN",
    "state_name": "Rio Grande do Norte",
    "microregion": "Pau dos Ferros",
    "mesoregion": "Oeste Potiguar",
    "region": "Nordeste"
  },
  {
    "id": "2413904",
    "name": "Taipu",
    "state": "RN",
    "state_name": "Rio Grande do Norte",
    "microregion": "Litoral Nordeste",
    "mesoregion": "Leste Potiguar",
    "region": "Nordeste"
  },
  {
    "id": "2414001",
    "name": "Tangará",
    "state": "RN",
    "state_name": "Rio Grande do Norte",
    "microregion": "Borborema Potiguar",
    "mesoregion": "Agreste Potiguar",
    "region": "Nordeste"
  },
  {
    "id": "2414100",
    "name": "Tenente Ananias",
    "state": "RN",
    "state_name": "Rio Grande do Norte",
    "microregion": "Pau dos Ferros",
    "mesoregion": "Oeste Potiguar",
    "region": "Nordeste"
  },
  {
    "id": "2414159",
    "name": "Tenente Laurentino Cruz",
    "state": "RN",
    "state_name": "Rio Grande do Norte",
    "microregion": "Serra de Santana",
    "mesoregion": "Central Potiguar",
    "region": "Nordeste"
  },
  {
    "id": "2414209",
    "name": "Tibau do Sul",
    "state": "RN",
    "state_name": "Rio Grande do Norte",
    "microregion": "Litoral Sul",
    "mesoregion": "Leste Potiguar",
    "region": "Nordeste"
  },
  {
    "id": "2414308",
    "name": "Timbaúba dos Batistas",
    "state": "RN",
    "state_name": "Rio Grande do Norte",
    "microregion": "Seridó Ocidental",
    "mesoregion": "Central Potiguar",
    "region": "Nordeste"
  },
  {
    "id": "2414407",
    "name": "Touros",
    "state": "RN",
    "state_name": "Rio Grande do Norte",
    "microregion": "Litoral Nordeste",
    "mesoregion": "Leste Potiguar",
    "region": "Nordeste"
  },
  {
    "id": "2414456",
    "name": "Triunfo Potiguar",
    "state": "RN",
    "state_name": "Rio Grande do Norte",
    "microregion": "Médio Oeste",
    "mesoregion": "Oeste Potiguar",
    "region": "Nordeste"
  },
  {
    "id": "2414506",
    "name": "Umarizal",
    "state": "RN",
    "state_name": "Rio Grande do Norte",
    "microregion": "Umarizal",
    "mesoregion": "Oeste Potiguar",
    "region": "Nordeste"
  },
  {
    "id": "2414605",
    "name": "Upanema",
    "state": "RN",
    "state_name": "Rio Grande do Norte",
    "microregion": "Médio Oeste",
    "mesoregion": "Oeste Potiguar",
    "region": "Nordeste"
  },
  {
    "id": "2414704",
    "name": "Várzea",
    "state": "RN",
    "state_name": "Rio Grande do Norte",
    "microregion": "Agreste Potiguar",
    "mesoregion": "Agreste Potiguar",
    "region": "Nordeste"
  },
  {
    "id": "2414753",
    "name": "Venha-Ver",
    "state": "RN",
    "state_name": "Rio Grande do Norte",
    "microregion": "Serra de São Miguel",
    "mesoregion": "Oeste Potiguar",
    "region": "Nordeste"
  },
  {
    "id": "2414803",
    "name": "Vera Cruz",
    "state": "RN",
    "state_name": "Rio Grande do Norte",
    "microregion": "Agreste Potiguar",
    "mesoregion": "Agreste Potiguar",
    "region": "Nordeste"
  },
  {
    "id": "2414902",
    "name": "Viçosa",
    "state": "RN",
    "state_name": "Rio Grande do Norte",
    "microregion": "Pau dos Ferros",
    "mesoregion": "Oeste Potiguar",
    "region": "Nordeste"
  },
  {
    "id": "2415008",
    "name": "Vila Flor",
    "state": "RN",
    "state_name": "Rio Grande do Norte",
    "microregion": "Litoral Sul",
    "mesoregion": "Leste Potiguar",
    "region": "Nordeste"
  }
]